target,window,model,base_model,residual_model,ds,actual,prediction
WTI Oil,tscv_01,PatchTST,PatchTST,-,2023-10-30,80.934,74.98017120361328
WTI Oil,tscv_01,PatchTST,PatchTST,-,2023-11-06,77.03999999999999,74.15186309814453
WTI Oil,tscv_01,PatchTST,PatchTST,-,2023-11-13,76.414,73.66651153564453
WTI Oil,tscv_01,PatchTST,PatchTST,-,2023-11-20,77.21000000000001,74.20189666748047
WTI Oil,tscv_01,PatchTST,PatchTST,-,2023-11-27,75.994,74.04745483398438
WTI Oil,tscv_01,PatchTST,PatchTST,-,2023-12-04,71.306,74.84866333007812
WTI Oil,tscv_01,PatchTST,PatchTST,-,2023-12-11,70.764,73.76251983642578
WTI Oil,tscv_01,PatchTST,PatchTST,-,2023-12-18,73.686,73.88915252685547
WTI Oil,tscv_01,PatchTST,PatchTST,-,2023-12-25,73.275,73.68441772460938
WTI Oil,tscv_01,PatchTST,PatchTST,-,2024-01-01,72.27,73.42339324951172
WTI Oil,tscv_01,PatchTST,PatchTST,-,2024-01-08,71.97999999999999,74.14628601074219
WTI Oil,tscv_01,PatchTST,PatchTST,-,2024-01-15,72.9975,72.72374725341797
WTI Oil,tscv_01,PatchTST+NLinear,PatchTST,NLinear,2023-10-30,80.934,103.72430610656738
WTI Oil,tscv_01,PatchTST+NLinear,PatchTST,NLinear,2023-11-06,77.03999999999999,103.14695358276367
WTI Oil,tscv_01,PatchTST+NLinear,PatchTST,NLinear,2023-11-13,76.414,98.87133026123047
WTI Oil,tscv_01,PatchTST+NLinear,PatchTST,NLinear,2023-11-20,77.21000000000001,104.93027305603027
WTI Oil,tscv_01,PatchTST+NLinear,PatchTST,NLinear,2023-11-27,75.994,103.23696899414062
WTI Oil,tscv_01,PatchTST+NLinear,PatchTST,NLinear,2023-12-04,71.306,104.33832359313965
WTI Oil,tscv_01,PatchTST+NLinear,PatchTST,NLinear,2023-12-11,70.764,100.62754821777344
WTI Oil,tscv_01,PatchTST+NLinear,PatchTST,NLinear,2023-12-18,73.686,101.99910926818848
WTI Oil,tscv_01,PatchTST+NLinear,PatchTST,NLinear,2023-12-25,73.275,99.09889030456543
WTI Oil,tscv_01,PatchTST+NLinear,PatchTST,NLinear,2024-01-01,72.27,100.9827995300293
WTI Oil,tscv_01,PatchTST+NLinear,PatchTST,NLinear,2024-01-08,71.97999999999999,103.42743301391602
WTI Oil,tscv_01,PatchTST+NLinear,PatchTST,NLinear,2024-01-15,72.9975,102.98095703125
WTI Oil,tscv_01,PatchTST+XGB,PatchTST,XGB,2023-10-30,80.934,102.74141311645508
WTI Oil,tscv_01,PatchTST+XGB,PatchTST,XGB,2023-11-06,77.03999999999999,100.11836624145508
WTI Oil,tscv_01,PatchTST+XGB,PatchTST,XGB,2023-11-13,76.414,99.83941078186035
WTI Oil,tscv_01,PatchTST+XGB,PatchTST,XGB,2023-11-20,77.21000000000001,101.2429428100586
WTI Oil,tscv_01,PatchTST+XGB,PatchTST,XGB,2023-11-27,75.994,104.0401840209961
WTI Oil,tscv_01,PatchTST+XGB,PatchTST,XGB,2023-12-04,71.306,105.75642013549805
WTI Oil,tscv_01,PatchTST+XGB,PatchTST,XGB,2023-12-11,70.764,104.9138298034668
WTI Oil,tscv_01,PatchTST+XGB,PatchTST,XGB,2023-12-18,73.686,104.43745994567871
WTI Oil,tscv_01,PatchTST+XGB,PatchTST,XGB,2023-12-25,73.275,104.36657524108887
WTI Oil,tscv_01,PatchTST+XGB,PatchTST,XGB,2024-01-01,72.27,103.19268417358398
WTI Oil,tscv_01,PatchTST+XGB,PatchTST,XGB,2024-01-08,71.97999999999999,103.3339729309082
WTI Oil,tscv_01,PatchTST+XGB,PatchTST,XGB,2024-01-15,72.9975,101.73020553588867
WTI Oil,tscv_01,PatchTST+LGBM,PatchTST,LGBM,2023-10-30,80.934,99.2394770897819
WTI Oil,tscv_01,PatchTST+LGBM,PatchTST,LGBM,2023-11-06,77.03999999999999,97.99946237157991
WTI Oil,tscv_01,PatchTST+LGBM,PatchTST,LGBM,2023-11-13,76.414,97.67109238510447
WTI Oil,tscv_01,PatchTST+LGBM,PatchTST,LGBM,2023-11-20,77.21000000000001,101.50763503950726
WTI Oil,tscv_01,PatchTST+LGBM,PatchTST,LGBM,2023-11-27,75.994,100.61316491141272
WTI Oil,tscv_01,PatchTST+LGBM,PatchTST,LGBM,2023-12-04,71.306,101.66598422336588
WTI Oil,tscv_01,PatchTST+LGBM,PatchTST,LGBM,2023-12-11,70.764,100.89094661722399
WTI Oil,tscv_01,PatchTST+LGBM,PatchTST,LGBM,2023-12-18,73.686,100.4358203212632
WTI Oil,tscv_01,PatchTST+LGBM,PatchTST,LGBM,2023-12-25,73.275,100.15245510075607
WTI Oil,tscv_01,PatchTST+LGBM,PatchTST,LGBM,2024-01-01,72.27,99.69701759579908
WTI Oil,tscv_01,PatchTST+LGBM,PatchTST,LGBM,2024-01-08,71.97999999999999,101.78505723606526
WTI Oil,tscv_01,PatchTST+LGBM,PatchTST,LGBM,2024-01-15,72.9975,99.58502246244345
WTI Oil,tscv_02,PatchTST,PatchTST,-,2023-11-27,75.994,75.61781311035156
WTI Oil,tscv_02,PatchTST,PatchTST,-,2023-12-04,71.306,75.30402374267578
WTI Oil,tscv_02,PatchTST,PatchTST,-,2023-12-11,70.764,75.27340698242188
WTI Oil,tscv_02,PatchTST,PatchTST,-,2023-12-18,73.686,75.3157958984375
WTI Oil,tscv_02,PatchTST,PatchTST,-,2023-12-25,73.275,74.8965072631836
WTI Oil,tscv_02,PatchTST,PatchTST,-,2024-01-01,72.27,75.04666900634766
WTI Oil,tscv_02,PatchTST,PatchTST,-,2024-01-08,71.97999999999999,74.42774200439453
WTI Oil,tscv_02,PatchTST,PatchTST,-,2024-01-15,72.9975,75.10075378417969
WTI Oil,tscv_02,PatchTST,PatchTST,-,2024-01-22,75.78999999999999,74.71832275390625
WTI Oil,tscv_02,PatchTST,PatchTST,-,2024-01-29,75.224,74.680419921875
WTI Oil,tscv_02,PatchTST,PatchTST,-,2024-02-05,74.55199999999999,74.76505279541016
WTI Oil,tscv_02,PatchTST,PatchTST,-,2024-02-12,77.03999999999999,74.54741668701172
WTI Oil,tscv_02,PatchTST+NLinear,PatchTST,NLinear,2023-11-27,75.994,105.1849479675293
WTI Oil,tscv_02,PatchTST+NLinear,PatchTST,NLinear,2023-12-04,71.306,99.11287879943848
WTI Oil,tscv_02,PatchTST+NLinear,PatchTST,NLinear,2023-12-11,70.764,100.47992324829102
WTI Oil,tscv_02,PatchTST+NLinear,PatchTST,NLinear,2023-12-18,73.686,98.11627388000488
WTI Oil,tscv_02,PatchTST+NLinear,PatchTST,NLinear,2023-12-25,73.275,96.23210716247559
WTI Oil,tscv_02,PatchTST+NLinear,PatchTST,NLinear,2024-01-01,72.27,95.3239860534668
WTI Oil,tscv_02,PatchTST+NLinear,PatchTST,NLinear,2024-01-08,71.97999999999999,93.69234275817871
WTI Oil,tscv_02,PatchTST+NLinear,PatchTST,NLinear,2024-01-15,72.9975,100.31686782836914
WTI Oil,tscv_02,PatchTST+NLinear,PatchTST,NLinear,2024-01-22,75.78999999999999,92.71735954284668
WTI Oil,tscv_02,PatchTST+NLinear,PatchTST,NLinear,2024-01-29,75.224,99.48474884033203
WTI Oil,tscv_02,PatchTST+NLinear,PatchTST,NLinear,2024-02-05,74.55199999999999,98.94014167785645
WTI Oil,tscv_02,PatchTST+NLinear,PatchTST,NLinear,2024-02-12,77.03999999999999,94.763671875
WTI Oil,tscv_02,PatchTST+XGB,PatchTST,XGB,2023-11-27,75.994,103.5090503692627
WTI Oil,tscv_02,PatchTST+XGB,PatchTST,XGB,2023-12-04,71.306,105.02621841430664
WTI Oil,tscv_02,PatchTST+XGB,PatchTST,XGB,2023-12-11,70.764,104.09742736816406
WTI Oil,tscv_02,PatchTST+XGB,PatchTST,XGB,2023-12-18,73.686,105.4860725402832
WTI Oil,tscv_02,PatchTST+XGB,PatchTST,XGB,2023-12-25,73.275,105.7709732055664
WTI Oil,tscv_02,PatchTST+XGB,PatchTST,XGB,2024-01-01,72.27,104.05427169799805
WTI Oil,tscv_02,PatchTST+XGB,PatchTST,XGB,2024-01-08,71.97999999999999,103.96892356872559
WTI Oil,tscv_02,PatchTST+XGB,PatchTST,XGB,2024-01-15,72.9975,104.0427303314209
WTI Oil,tscv_02,PatchTST+XGB,PatchTST,XGB,2024-01-22,75.78999999999999,102.83179664611816
WTI Oil,tscv_02,PatchTST+XGB,PatchTST,XGB,2024-01-29,75.224,101.48797607421875
WTI Oil,tscv_02,PatchTST+XGB,PatchTST,XGB,2024-02-05,74.55199999999999,99.36220169067383
WTI Oil,tscv_02,PatchTST+XGB,PatchTST,XGB,2024-02-12,77.03999999999999,99.7455005645752
WTI Oil,tscv_02,PatchTST+LGBM,PatchTST,LGBM,2023-11-27,75.994,101.96113219404349
WTI Oil,tscv_02,PatchTST+LGBM,PatchTST,LGBM,2023-12-04,71.306,100.67011596315477
WTI Oil,tscv_02,PatchTST+LGBM,PatchTST,LGBM,2023-12-11,70.764,100.6388335358296
WTI Oil,tscv_02,PatchTST+LGBM,PatchTST,LGBM,2023-12-18,73.686,101.87903479984661
WTI Oil,tscv_02,PatchTST+LGBM,PatchTST,LGBM,2023-12-25,73.275,101.61475269770744
WTI Oil,tscv_02,PatchTST+LGBM,PatchTST,LGBM,2024-01-01,72.27,101.14059309034418
WTI Oil,tscv_02,PatchTST+LGBM,PatchTST,LGBM,2024-01-08,71.97999999999999,102.19709564561562
WTI Oil,tscv_02,PatchTST+LGBM,PatchTST,LGBM,2024-01-15,72.9975,101.21471128629108
WTI Oil,tscv_02,PatchTST+LGBM,PatchTST,LGBM,2024-01-22,75.78999999999999,101.22863294262478
WTI Oil,tscv_02,PatchTST+LGBM,PatchTST,LGBM,2024-01-29,75.224,99.52102713343595
WTI Oil,tscv_02,PatchTST+LGBM,PatchTST,LGBM,2024-02-05,74.55199999999999,98.96177634817099
WTI Oil,tscv_02,PatchTST+LGBM,PatchTST,LGBM,2024-02-12,77.03999999999999,100.45400767503472
WTI Oil,tscv_03,PatchTST,PatchTST,-,2023-12-25,73.275,75.40702056884766
WTI Oil,tscv_03,PatchTST,PatchTST,-,2024-01-01,72.27,75.04887390136719
WTI Oil,tscv_03,PatchTST,PatchTST,-,2024-01-08,71.97999999999999,74.79093933105469
WTI Oil,tscv_03,PatchTST,PatchTST,-,2024-01-15,72.9975,74.72626495361328
WTI Oil,tscv_03,PatchTST,PatchTST,-,2024-01-22,75.78999999999999,74.38068389892578
WTI Oil,tscv_03,PatchTST,PatchTST,-,2024-01-29,75.224,74.76727294921875
WTI Oil,tscv_03,PatchTST,PatchTST,-,2024-02-05,74.55199999999999,74.10226440429688
WTI Oil,tscv_03,PatchTST,PatchTST,-,2024-02-12,77.03999999999999,74.86393737792969
WTI Oil,tscv_03,PatchTST,PatchTST,-,2024-02-19,76.985,74.44342803955078
WTI Oil,tscv_03,PatchTST,PatchTST,-,2024-02-26,77.938,74.27681732177734
WTI Oil,tscv_03,PatchTST,PatchTST,-,2024-03-04,77.962,74.47915649414062
WTI Oil,tscv_03,PatchTST,PatchTST,-,2024-03-11,79.08,74.18952178955078
WTI Oil,tscv_03,PatchTST+NLinear,PatchTST,NLinear,2023-12-25,73.275,94.18172454833984
WTI Oil,tscv_03,PatchTST+NLinear,PatchTST,NLinear,2024-01-01,72.27,94.7701244354248
WTI Oil,tscv_03,PatchTST+NLinear,PatchTST,NLinear,2024-01-08,71.97999999999999,92.33062553405762
WTI Oil,tscv_03,PatchTST+NLinear,PatchTST,NLinear,2024-01-15,72.9975,92.3658676147461
WTI Oil,tscv_03,PatchTST+NLinear,PatchTST,NLinear,2024-01-22,75.78999999999999,91.58508110046387
WTI Oil,tscv_03,PatchTST+NLinear,PatchTST,NLinear,2024-01-29,75.224,97.37113380432129
WTI Oil,tscv_03,PatchTST+NLinear,PatchTST,NLinear,2024-02-05,74.55199999999999,91.28788185119629
WTI Oil,tscv_03,PatchTST+NLinear,PatchTST,NLinear,2024-02-12,77.03999999999999,95.45614814758301
WTI Oil,tscv_03,PatchTST+NLinear,PatchTST,NLinear,2024-02-19,76.985,89.18415260314941
WTI Oil,tscv_03,PatchTST+NLinear,PatchTST,NLinear,2024-02-26,77.938,90.43881607055664
WTI Oil,tscv_03,PatchTST+NLinear,PatchTST,NLinear,2024-03-04,77.962,88.51161098480225
WTI Oil,tscv_03,PatchTST+NLinear,PatchTST,NLinear,2024-03-11,79.08,91.49345970153809
WTI Oil,tscv_03,PatchTST+XGB,PatchTST,XGB,2023-12-25,73.275,100.02002906799316
WTI Oil,tscv_03,PatchTST+XGB,PatchTST,XGB,2024-01-01,72.27,103.31425666809082
WTI Oil,tscv_03,PatchTST+XGB,PatchTST,XGB,2024-01-08,71.97999999999999,101.42036628723145
WTI Oil,tscv_03,PatchTST+XGB,PatchTST,XGB,2024-01-15,72.9975,103.08910942077637
WTI Oil,tscv_03,PatchTST+XGB,PatchTST,XGB,2024-01-22,75.78999999999999,103.30481910705566
WTI Oil,tscv_03,PatchTST+XGB,PatchTST,XGB,2024-01-29,75.224,102.99811553955078
WTI Oil,tscv_03,PatchTST+XGB,PatchTST,XGB,2024-02-05,74.55199999999999,99.79432487487793
WTI Oil,tscv_03,PatchTST+XGB,PatchTST,XGB,2024-02-12,77.03999999999999,101.11569023132324
WTI Oil,tscv_03,PatchTST+XGB,PatchTST,XGB,2024-02-19,76.985,100.82842445373535
WTI Oil,tscv_03,PatchTST+XGB,PatchTST,XGB,2024-02-26,77.938,96.44477081298828
WTI Oil,tscv_03,PatchTST+XGB,PatchTST,XGB,2024-03-04,77.962,96.15556526184082
WTI Oil,tscv_03,PatchTST+XGB,PatchTST,XGB,2024-03-11,79.08,96.68721389770508
WTI Oil,tscv_03,PatchTST+LGBM,PatchTST,LGBM,2023-12-25,73.275,98.22686020846704
WTI Oil,tscv_03,PatchTST+LGBM,PatchTST,LGBM,2024-01-01,72.27,99.43424114286036
WTI Oil,tscv_03,PatchTST+LGBM,PatchTST,LGBM,2024-01-08,71.97999999999999,100.80098122333365
WTI Oil,tscv_03,PatchTST+LGBM,PatchTST,LGBM,2024-01-15,72.9975,99.74493874396777
WTI Oil,tscv_03,PatchTST+LGBM,PatchTST,LGBM,2024-01-22,75.78999999999999,100.17411653278518
WTI Oil,tscv_03,PatchTST+LGBM,PatchTST,LGBM,2024-01-29,75.224,99.80572239215189
WTI Oil,tscv_03,PatchTST+LGBM,PatchTST,LGBM,2024-02-05,74.55199999999999,99.24855200832101
WTI Oil,tscv_03,PatchTST+LGBM,PatchTST,LGBM,2024-02-12,77.03999999999999,101.50293772761151
WTI Oil,tscv_03,PatchTST+LGBM,PatchTST,LGBM,2024-02-19,76.985,100.81100933536868
WTI Oil,tscv_03,PatchTST+LGBM,PatchTST,LGBM,2024-02-26,77.938,100.05824895664409
WTI Oil,tscv_03,PatchTST+LGBM,PatchTST,LGBM,2024-03-04,77.962,98.23805316889154
WTI Oil,tscv_03,PatchTST+LGBM,PatchTST,LGBM,2024-03-11,79.08,97.72765870645455
WTI Oil,tscv_04,PatchTST,PatchTST,-,2024-01-22,75.78999999999999,75.7774658203125
WTI Oil,tscv_04,PatchTST,PatchTST,-,2024-01-29,75.224,75.93621826171875
WTI Oil,tscv_04,PatchTST,PatchTST,-,2024-02-05,74.55199999999999,75.5020523071289
WTI Oil,tscv_04,PatchTST,PatchTST,-,2024-02-12,77.03999999999999,75.82942962646484
WTI Oil,tscv_04,PatchTST,PatchTST,-,2024-02-19,76.985,75.62833404541016
WTI Oil,tscv_04,PatchTST,PatchTST,-,2024-02-26,77.938,75.8801498413086
WTI Oil,tscv_04,PatchTST,PatchTST,-,2024-03-04,77.962,75.58349609375
WTI Oil,tscv_04,PatchTST,PatchTST,-,2024-03-11,79.08,75.04791259765625
WTI Oil,tscv_04,PatchTST,PatchTST,-,2024-03-18,81.572,75.04354095458984
WTI Oil,tscv_04,PatchTST,PatchTST,-,2024-03-25,82.2427,75.1678237915039
WTI Oil,tscv_04,PatchTST,PatchTST,-,2024-04-01,85.558,74.88541412353516
WTI Oil,tscv_04,PatchTST,PatchTST,-,2024-04-08,85.71000000000001,74.73191833496094
WTI Oil,tscv_04,PatchTST+NLinear,PatchTST,NLinear,2024-01-22,75.78999999999999,84.5100154876709
WTI Oil,tscv_04,PatchTST+NLinear,PatchTST,NLinear,2024-01-29,75.224,91.6989164352417
WTI Oil,tscv_04,PatchTST+NLinear,PatchTST,NLinear,2024-02-05,74.55199999999999,91.45902729034424
WTI Oil,tscv_04,PatchTST+NLinear,PatchTST,NLinear,2024-02-12,77.03999999999999,90.34751033782959
WTI Oil,tscv_04,PatchTST+NLinear,PatchTST,NLinear,2024-02-19,76.985,89.01611137390137
WTI Oil,tscv_04,PatchTST+NLinear,PatchTST,NLinear,2024-02-26,77.938,97.90722274780273
WTI Oil,tscv_04,PatchTST+NLinear,PatchTST,NLinear,2024-03-04,77.962,95.1999626159668
WTI Oil,tscv_04,PatchTST+NLinear,PatchTST,NLinear,2024-03-11,79.08,90.15623950958252
WTI Oil,tscv_04,PatchTST+NLinear,PatchTST,NLinear,2024-03-18,81.572,88.09178352355957
WTI Oil,tscv_04,PatchTST+NLinear,PatchTST,NLinear,2024-03-25,82.2427,87.23101043701172
WTI Oil,tscv_04,PatchTST+NLinear,PatchTST,NLinear,2024-04-01,85.558,89.73267841339111
WTI Oil,tscv_04,PatchTST+NLinear,PatchTST,NLinear,2024-04-08,85.71000000000001,86.79241752624512
WTI Oil,tscv_04,PatchTST+XGB,PatchTST,XGB,2024-01-22,75.78999999999999,98.12228202819824
WTI Oil,tscv_04,PatchTST+XGB,PatchTST,XGB,2024-01-29,75.224,100.81415367126465
WTI Oil,tscv_04,PatchTST+XGB,PatchTST,XGB,2024-02-05,74.55199999999999,101.70568084716797
WTI Oil,tscv_04,PatchTST+XGB,PatchTST,XGB,2024-02-12,77.03999999999999,101.78154182434082
WTI Oil,tscv_04,PatchTST+XGB,PatchTST,XGB,2024-02-19,76.985,102.31471061706543
WTI Oil,tscv_04,PatchTST+XGB,PatchTST,XGB,2024-02-26,77.938,98.83954429626465
WTI Oil,tscv_04,PatchTST+XGB,PatchTST,XGB,2024-03-04,77.962,99.72147560119629
WTI Oil,tscv_04,PatchTST+XGB,PatchTST,XGB,2024-03-11,79.08,97.548583984375
WTI Oil,tscv_04,PatchTST+XGB,PatchTST,XGB,2024-03-18,81.572,97.95874214172363
WTI Oil,tscv_04,PatchTST+XGB,PatchTST,XGB,2024-03-25,82.2427,97.48539733886719
WTI Oil,tscv_04,PatchTST+XGB,PatchTST,XGB,2024-04-01,85.558,99.35603713989258
WTI Oil,tscv_04,PatchTST+XGB,PatchTST,XGB,2024-04-08,85.71000000000001,102.75326538085938
WTI Oil,tscv_04,PatchTST+LGBM,PatchTST,LGBM,2024-01-22,75.78999999999999,96.14372577401875
WTI Oil,tscv_04,PatchTST+LGBM,PatchTST,LGBM,2024-01-29,75.224,97.70707609254703
WTI Oil,tscv_04,PatchTST+LGBM,PatchTST,LGBM,2024-02-05,74.55199999999999,100.36885795749384
WTI Oil,tscv_04,PatchTST+LGBM,PatchTST,LGBM,2024-02-12,77.03999999999999,102.15922389623265
WTI Oil,tscv_04,PatchTST+LGBM,PatchTST,LGBM,2024-02-19,76.985,102.41241609056604
WTI Oil,tscv_04,PatchTST+LGBM,PatchTST,LGBM,2024-02-26,77.938,102.76782384358282
WTI Oil,tscv_04,PatchTST+LGBM,PatchTST,LGBM,2024-03-04,77.962,102.51802596547117
WTI Oil,tscv_04,PatchTST+LGBM,PatchTST,LGBM,2024-03-11,79.08,100.4872113279003
WTI Oil,tscv_04,PatchTST+LGBM,PatchTST,LGBM,2024-03-18,81.572,102.93643638015736
WTI Oil,tscv_04,PatchTST+LGBM,PatchTST,LGBM,2024-03-25,82.2427,104.00306783170888
WTI Oil,tscv_04,PatchTST+LGBM,PatchTST,LGBM,2024-04-01,85.558,104.68026359524902
WTI Oil,tscv_04,PatchTST+LGBM,PatchTST,LGBM,2024-04-08,85.71000000000001,105.72585229233569
WTI Oil,tscv_05,PatchTST,PatchTST,-,2024-02-19,76.985,75.14027404785156
WTI Oil,tscv_05,PatchTST,PatchTST,-,2024-02-26,77.938,75.17960357666016
WTI Oil,tscv_05,PatchTST,PatchTST,-,2024-03-04,77.962,75.02440643310547
WTI Oil,tscv_05,PatchTST,PatchTST,-,2024-03-11,79.08,74.48146057128906
WTI Oil,tscv_05,PatchTST,PatchTST,-,2024-03-18,81.572,75.0872802734375
WTI Oil,tscv_05,PatchTST,PatchTST,-,2024-03-25,82.2427,75.0041732788086
WTI Oil,tscv_05,PatchTST,PatchTST,-,2024-04-01,85.558,73.66920471191406
WTI Oil,tscv_05,PatchTST,PatchTST,-,2024-04-08,85.71000000000001,74.28924560546875
WTI Oil,tscv_05,PatchTST,PatchTST,-,2024-04-15,83.74513333333333,74.3040771484375
WTI Oil,tscv_05,PatchTST,PatchTST,-,2024-04-22,83.15288000000001,73.83212280273438
WTI Oil,tscv_05,PatchTST,PatchTST,-,2024-04-29,80.14189999999999,74.10774993896484
WTI Oil,tscv_05,PatchTST,PatchTST,-,2024-05-06,78.674,73.84882354736328
WTI Oil,tscv_05,PatchTST+NLinear,PatchTST,NLinear,2024-02-19,76.985,96.93300247192383
WTI Oil,tscv_05,PatchTST+NLinear,PatchTST,NLinear,2024-02-26,77.938,93.90881729125977
WTI Oil,tscv_05,PatchTST+NLinear,PatchTST,NLinear,2024-03-04,77.962,93.44284248352051
WTI Oil,tscv_05,PatchTST+NLinear,PatchTST,NLinear,2024-03-11,79.08,90.34977340698242
WTI Oil,tscv_05,PatchTST+NLinear,PatchTST,NLinear,2024-03-18,81.572,102.16733932495117
WTI Oil,tscv_05,PatchTST+NLinear,PatchTST,NLinear,2024-03-25,82.2427,94.60853958129883
WTI Oil,tscv_05,PatchTST+NLinear,PatchTST,NLinear,2024-04-01,85.558,95.13506126403809
WTI Oil,tscv_05,PatchTST+NLinear,PatchTST,NLinear,2024-04-08,85.71000000000001,92.4740104675293
WTI Oil,tscv_05,PatchTST+NLinear,PatchTST,NLinear,2024-04-15,83.74513333333333,95.66625785827637
WTI Oil,tscv_05,PatchTST+NLinear,PatchTST,NLinear,2024-04-22,83.15288000000001,86.0052375793457
WTI Oil,tscv_05,PatchTST+NLinear,PatchTST,NLinear,2024-04-29,80.14189999999999,95.75849151611328
WTI Oil,tscv_05,PatchTST+NLinear,PatchTST,NLinear,2024-05-06,78.674,87.62019729614258
WTI Oil,tscv_05,PatchTST+XGB,PatchTST,XGB,2024-02-19,76.985,91.20627212524414
WTI Oil,tscv_05,PatchTST+XGB,PatchTST,XGB,2024-02-26,77.938,94.25831985473633
WTI Oil,tscv_05,PatchTST+XGB,PatchTST,XGB,2024-03-04,77.962,95.8671989440918
WTI Oil,tscv_05,PatchTST+XGB,PatchTST,XGB,2024-03-11,79.08,94.46199607849121
WTI Oil,tscv_05,PatchTST+XGB,PatchTST,XGB,2024-03-18,81.572,93.44882011413574
WTI Oil,tscv_05,PatchTST+XGB,PatchTST,XGB,2024-03-25,82.2427,91.32631301879883
WTI Oil,tscv_05,PatchTST+XGB,PatchTST,XGB,2024-04-01,85.558,93.17268180847168
WTI Oil,tscv_05,PatchTST+XGB,PatchTST,XGB,2024-04-08,85.71000000000001,97.26371765136719
WTI Oil,tscv_05,PatchTST+XGB,PatchTST,XGB,2024-04-15,83.74513333333333,96.35248184204102
WTI Oil,tscv_05,PatchTST+XGB,PatchTST,XGB,2024-04-22,83.15288000000001,91.53473091125488
WTI Oil,tscv_05,PatchTST+XGB,PatchTST,XGB,2024-04-29,80.14189999999999,91.4210433959961
WTI Oil,tscv_05,PatchTST+XGB,PatchTST,XGB,2024-05-06,78.674,90.79351234436035
WTI Oil,tscv_05,PatchTST+LGBM,PatchTST,LGBM,2024-02-19,76.985,93.44123640483595
WTI Oil,tscv_05,PatchTST+LGBM,PatchTST,LGBM,2024-02-26,77.938,94.0688781769203
WTI Oil,tscv_05,PatchTST+LGBM,PatchTST,LGBM,2024-03-04,77.962,96.07582573947587
WTI Oil,tscv_05,PatchTST+LGBM,PatchTST,LGBM,2024-03-11,79.08,96.7188508002002
WTI Oil,tscv_05,PatchTST+LGBM,PatchTST,LGBM,2024-03-18,81.572,95.93148180301482
WTI Oil,tscv_05,PatchTST+LGBM,PatchTST,LGBM,2024-03-25,82.2427,96.61382687085661
WTI Oil,tscv_05,PatchTST+LGBM,PatchTST,LGBM,2024-04-01,85.558,95.52286902019134
WTI Oil,tscv_05,PatchTST+LGBM,PatchTST,LGBM,2024-04-08,85.71000000000001,98.55895960157268
WTI Oil,tscv_05,PatchTST+LGBM,PatchTST,LGBM,2024-04-15,83.74513333333333,100.42118400090297
WTI Oil,tscv_05,PatchTST+LGBM,PatchTST,LGBM,2024-04-22,83.15288000000001,97.1515659459664
WTI Oil,tscv_05,PatchTST+LGBM,PatchTST,LGBM,2024-04-29,80.14189999999999,97.64243131759198
WTI Oil,tscv_05,PatchTST+LGBM,PatchTST,LGBM,2024-05-06,78.674,96.8841710936579
WTI Oil,tscv_06,PatchTST,PatchTST,-,2024-03-18,81.572,77.26558685302734
WTI Oil,tscv_06,PatchTST,PatchTST,-,2024-03-25,82.2427,77.95451354980469
WTI Oil,tscv_06,PatchTST,PatchTST,-,2024-04-01,85.558,77.80968475341797
WTI Oil,tscv_06,PatchTST,PatchTST,-,2024-04-08,85.71000000000001,77.61521911621094
WTI Oil,tscv_06,PatchTST,PatchTST,-,2024-04-15,83.74513333333333,77.45510864257812
WTI Oil,tscv_06,PatchTST,PatchTST,-,2024-04-22,83.15288000000001,77.1861801147461
WTI Oil,tscv_06,PatchTST,PatchTST,-,2024-04-29,80.14189999999999,76.84757232666016
WTI Oil,tscv_06,PatchTST,PatchTST,-,2024-05-06,78.674,76.34051513671875
WTI Oil,tscv_06,PatchTST,PatchTST,-,2024-05-13,78.818,76.07827758789062
WTI Oil,tscv_06,PatchTST,PatchTST,-,2024-05-20,78.024,75.94277954101562
WTI Oil,tscv_06,PatchTST,PatchTST,-,2024-05-27,78.5095,75.79330444335938
WTI Oil,tscv_06,PatchTST,PatchTST,-,2024-06-03,74.524,75.53925323486328
WTI Oil,tscv_06,PatchTST+NLinear,PatchTST,NLinear,2024-03-18,81.572,97.7898006439209
WTI Oil,tscv_06,PatchTST+NLinear,PatchTST,NLinear,2024-03-25,82.2427,92.52830696105957
WTI Oil,tscv_06,PatchTST+NLinear,PatchTST,NLinear,2024-04-01,85.558,88.2916374206543
WTI Oil,tscv_06,PatchTST+NLinear,PatchTST,NLinear,2024-04-08,85.71000000000001,93.48836898803711
WTI Oil,tscv_06,PatchTST+NLinear,PatchTST,NLinear,2024-04-15,83.74513333333333,90.06431579589844
WTI Oil,tscv_06,PatchTST+NLinear,PatchTST,NLinear,2024-04-22,83.15288000000001,102.17091178894043
WTI Oil,tscv_06,PatchTST+NLinear,PatchTST,NLinear,2024-04-29,80.14189999999999,95.27279472351074
WTI Oil,tscv_06,PatchTST+NLinear,PatchTST,NLinear,2024-05-06,78.674,92.31208515167236
WTI Oil,tscv_06,PatchTST+NLinear,PatchTST,NLinear,2024-05-13,78.818,91.62192916870117
WTI Oil,tscv_06,PatchTST+NLinear,PatchTST,NLinear,2024-05-20,78.024,86.48888969421387
WTI Oil,tscv_06,PatchTST+NLinear,PatchTST,NLinear,2024-05-27,78.5095,95.1943187713623
WTI Oil,tscv_06,PatchTST+NLinear,PatchTST,NLinear,2024-06-03,74.524,90.60737895965576
WTI Oil,tscv_06,PatchTST+XGB,PatchTST,XGB,2024-03-18,81.572,95.19037818908691
WTI Oil,tscv_06,PatchTST+XGB,PatchTST,XGB,2024-03-25,82.2427,94.6425609588623
WTI Oil,tscv_06,PatchTST+XGB,PatchTST,XGB,2024-04-01,85.558,90.96990203857422
WTI Oil,tscv_06,PatchTST+XGB,PatchTST,XGB,2024-04-08,85.71000000000001,91.94726181030273
WTI Oil,tscv_06,PatchTST+XGB,PatchTST,XGB,2024-04-15,83.74513333333333,87.27080345153809
WTI Oil,tscv_06,PatchTST+XGB,PatchTST,XGB,2024-04-22,83.15288000000001,87.94529819488525
WTI Oil,tscv_06,PatchTST+XGB,PatchTST,XGB,2024-04-29,80.14189999999999,87.97479915618896
WTI Oil,tscv_06,PatchTST+XGB,PatchTST,XGB,2024-05-06,78.674,86.5977201461792
WTI Oil,tscv_06,PatchTST+XGB,PatchTST,XGB,2024-05-13,78.818,84.63061904907227
WTI Oil,tscv_06,PatchTST+XGB,PatchTST,XGB,2024-05-20,78.024,85.04214477539062
WTI Oil,tscv_06,PatchTST+XGB,PatchTST,XGB,2024-05-27,78.5095,85.24567699432373
WTI Oil,tscv_06,PatchTST+XGB,PatchTST,XGB,2024-06-03,74.524,85.84953212738037
WTI Oil,tscv_06,PatchTST+LGBM,PatchTST,LGBM,2024-03-18,81.572,96.5273261882892
WTI Oil,tscv_06,PatchTST+LGBM,PatchTST,LGBM,2024-03-25,82.2427,97.2381400329408
WTI Oil,tscv_06,PatchTST+LGBM,PatchTST,LGBM,2024-04-01,85.558,94.84708340875545
WTI Oil,tscv_06,PatchTST+LGBM,PatchTST,LGBM,2024-04-08,85.71000000000001,91.89282637055906
WTI Oil,tscv_06,PatchTST+LGBM,PatchTST,LGBM,2024-04-15,83.74513333333333,90.40170028676562
WTI Oil,tscv_06,PatchTST+LGBM,PatchTST,LGBM,2024-04-22,83.15288000000001,90.22598489309087
WTI Oil,tscv_06,PatchTST+LGBM,PatchTST,LGBM,2024-04-29,80.14189999999999,88.11789105553594
WTI Oil,tscv_06,PatchTST+LGBM,PatchTST,LGBM,2024-05-06,78.674,85.13974717174528
WTI Oil,tscv_06,PatchTST+LGBM,PatchTST,LGBM,2024-05-13,78.818,82.57091927538124
WTI Oil,tscv_06,PatchTST+LGBM,PatchTST,LGBM,2024-05-20,78.024,80.05315843114595
WTI Oil,tscv_06,PatchTST+LGBM,PatchTST,LGBM,2024-05-27,78.5095,79.57214213868053
WTI Oil,tscv_06,PatchTST+LGBM,PatchTST,LGBM,2024-06-03,74.524,78.34530065394988
WTI Oil,tscv_07,PatchTST,PatchTST,-,2024-04-15,83.74513333333333,80.5915756225586
WTI Oil,tscv_07,PatchTST,PatchTST,-,2024-04-22,83.15288000000001,80.19762420654297
WTI Oil,tscv_07,PatchTST,PatchTST,-,2024-04-29,80.14189999999999,80.50291442871094
WTI Oil,tscv_07,PatchTST,PatchTST,-,2024-05-06,78.674,80.21763610839844
WTI Oil,tscv_07,PatchTST,PatchTST,-,2024-05-13,78.818,79.7909164428711
WTI Oil,tscv_07,PatchTST,PatchTST,-,2024-05-20,78.024,79.61768341064453
WTI Oil,tscv_07,PatchTST,PatchTST,-,2024-05-27,78.5095,79.23390197753906
WTI Oil,tscv_07,PatchTST,PatchTST,-,2024-06-03,74.524,79.25751495361328
WTI Oil,tscv_07,PatchTST,PatchTST,-,2024-06-10,78.162,78.98422241210938
WTI Oil,tscv_07,PatchTST,PatchTST,-,2024-06-17,80.6125,78.86454772949219
WTI Oil,tscv_07,PatchTST,PatchTST,-,2024-06-24,81.328,77.65823364257812
WTI Oil,tscv_07,PatchTST,PatchTST,-,2024-07-01,83.31356,77.78829193115234
WTI Oil,tscv_07,PatchTST+NLinear,PatchTST,NLinear,2024-04-15,83.74513333333333,93.30171585083008
WTI Oil,tscv_07,PatchTST+NLinear,PatchTST,NLinear,2024-04-22,83.15288000000001,92.12415981292725
WTI Oil,tscv_07,PatchTST+NLinear,PatchTST,NLinear,2024-04-29,80.14189999999999,96.08004951477051
WTI Oil,tscv_07,PatchTST+NLinear,PatchTST,NLinear,2024-05-06,78.674,93.9937686920166
WTI Oil,tscv_07,PatchTST+NLinear,PatchTST,NLinear,2024-05-13,78.818,101.70704460144043
WTI Oil,tscv_07,PatchTST+NLinear,PatchTST,NLinear,2024-05-20,78.024,90.85034942626953
WTI Oil,tscv_07,PatchTST+NLinear,PatchTST,NLinear,2024-05-27,78.5095,97.23834037780762
WTI Oil,tscv_07,PatchTST+NLinear,PatchTST,NLinear,2024-06-03,74.524,99.0889663696289
WTI Oil,tscv_07,PatchTST+NLinear,PatchTST,NLinear,2024-06-10,78.162,95.61302947998047
WTI Oil,tscv_07,PatchTST+NLinear,PatchTST,NLinear,2024-06-17,80.6125,103.4153003692627
WTI Oil,tscv_07,PatchTST+NLinear,PatchTST,NLinear,2024-06-24,81.328,91.63582611083984
WTI Oil,tscv_07,PatchTST+NLinear,PatchTST,NLinear,2024-07-01,83.31356,90.4268445968628
WTI Oil,tscv_07,PatchTST+XGB,PatchTST,XGB,2024-04-15,83.74513333333333,93.8415756225586
WTI Oil,tscv_07,PatchTST+XGB,PatchTST,XGB,2024-04-22,83.15288000000001,89.06618309020996
WTI Oil,tscv_07,PatchTST+XGB,PatchTST,XGB,2024-04-29,80.14189999999999,87.46613359451294
WTI Oil,tscv_07,PatchTST+XGB,PatchTST,XGB,2024-05-06,78.674,86.77496337890625
WTI Oil,tscv_07,PatchTST+XGB,PatchTST,XGB,2024-05-13,78.818,85.70018529891968
WTI Oil,tscv_07,PatchTST+XGB,PatchTST,XGB,2024-05-20,78.024,85.71662616729736
WTI Oil,tscv_07,PatchTST+XGB,PatchTST,XGB,2024-05-27,78.5095,84.81421089172363
WTI Oil,tscv_07,PatchTST+XGB,PatchTST,XGB,2024-06-03,74.524,83.11122012138367
WTI Oil,tscv_07,PatchTST+XGB,PatchTST,XGB,2024-06-10,78.162,83.30449438095093
WTI Oil,tscv_07,PatchTST+XGB,PatchTST,XGB,2024-06-17,80.6125,83.53057956695557
WTI Oil,tscv_07,PatchTST+XGB,PatchTST,XGB,2024-06-24,81.328,80.82555174827576
WTI Oil,tscv_07,PatchTST+XGB,PatchTST,XGB,2024-07-01,83.31356,81.3217921257019
WTI Oil,tscv_07,PatchTST+LGBM,PatchTST,LGBM,2024-04-15,83.74513333333333,91.42416639498954
WTI Oil,tscv_07,PatchTST+LGBM,PatchTST,LGBM,2024-04-22,83.15288000000001,89.33213292640328
WTI Oil,tscv_07,PatchTST+LGBM,PatchTST,LGBM,2024-04-29,80.14189999999999,87.65968667113133
WTI Oil,tscv_07,PatchTST+LGBM,PatchTST,LGBM,2024-05-06,78.674,86.10578697105541
WTI Oil,tscv_07,PatchTST+LGBM,PatchTST,LGBM,2024-05-13,78.818,85.26422729928075
WTI Oil,tscv_07,PatchTST+LGBM,PatchTST,LGBM,2024-05-20,78.024,82.86814887761389
WTI Oil,tscv_07,PatchTST+LGBM,PatchTST,LGBM,2024-05-27,78.5095,77.704447522619
WTI Oil,tscv_07,PatchTST+LGBM,PatchTST,LGBM,2024-06-03,74.524,75.66573060939245
WTI Oil,tscv_07,PatchTST+LGBM,PatchTST,LGBM,2024-06-10,78.162,76.65119532550011
WTI Oil,tscv_07,PatchTST+LGBM,PatchTST,LGBM,2024-06-17,80.6125,76.24804847578774
WTI Oil,tscv_07,PatchTST+LGBM,PatchTST,LGBM,2024-06-24,81.328,73.55964744309907
WTI Oil,tscv_07,PatchTST+LGBM,PatchTST,LGBM,2024-07-01,83.31356,73.7689021143486
WTI Oil,tscv_08,PatchTST,PatchTST,-,2024-05-13,78.818,79.47616577148438
WTI Oil,tscv_08,PatchTST,PatchTST,-,2024-05-20,78.024,79.16429901123047
WTI Oil,tscv_08,PatchTST,PatchTST,-,2024-05-27,78.5095,78.4173812866211
WTI Oil,tscv_08,PatchTST,PatchTST,-,2024-06-03,74.524,79.3422622680664
WTI Oil,tscv_08,PatchTST,PatchTST,-,2024-06-10,78.162,78.31292724609375
WTI Oil,tscv_08,PatchTST,PatchTST,-,2024-06-17,80.6125,78.51439666748047
WTI Oil,tscv_08,PatchTST,PatchTST,-,2024-06-24,81.328,78.16072082519531
WTI Oil,tscv_08,PatchTST,PatchTST,-,2024-07-01,83.31356,78.50281524658203
WTI Oil,tscv_08,PatchTST,PatchTST,-,2024-07-08,82.13399999999999,77.28520202636719
WTI Oil,tscv_08,PatchTST,PatchTST,-,2024-07-15,80.81,77.4826431274414
WTI Oil,tscv_08,PatchTST,PatchTST,-,2024-07-22,77.678,77.31623077392578
WTI Oil,tscv_08,PatchTST,PatchTST,-,2024-07-29,75.65599999999999,77.37665557861328
WTI Oil,tscv_08,PatchTST+NLinear,PatchTST,NLinear,2024-05-13,78.818,99.38800811767578
WTI Oil,tscv_08,PatchTST+NLinear,PatchTST,NLinear,2024-05-20,78.024,96.50347137451172
WTI Oil,tscv_08,PatchTST+NLinear,PatchTST,NLinear,2024-05-27,78.5095,86.5247859954834
WTI Oil,tscv_08,PatchTST+NLinear,PatchTST,NLinear,2024-06-03,74.524,89.66989326477051
WTI Oil,tscv_08,PatchTST+NLinear,PatchTST,NLinear,2024-06-10,78.162,91.74951934814453
WTI Oil,tscv_08,PatchTST+NLinear,PatchTST,NLinear,2024-06-17,80.6125,91.40993595123291
WTI Oil,tscv_08,PatchTST+NLinear,PatchTST,NLinear,2024-06-24,81.328,93.29130935668945
WTI Oil,tscv_08,PatchTST+NLinear,PatchTST,NLinear,2024-07-01,83.31356,97.68452072143555
WTI Oil,tscv_08,PatchTST+NLinear,PatchTST,NLinear,2024-07-08,82.13399999999999,90.81421852111816
WTI Oil,tscv_08,PatchTST+NLinear,PatchTST,NLinear,2024-07-15,80.81,92.22929668426514
WTI Oil,tscv_08,PatchTST+NLinear,PatchTST,NLinear,2024-07-22,77.678,90.34031867980957
WTI Oil,tscv_08,PatchTST+NLinear,PatchTST,NLinear,2024-07-29,75.65599999999999,88.93930053710938
WTI Oil,tscv_08,PatchTST+XGB,PatchTST,XGB,2024-05-13,78.818,89.70756149291992
WTI Oil,tscv_08,PatchTST+XGB,PatchTST,XGB,2024-05-20,78.024,87.93998146057129
WTI Oil,tscv_08,PatchTST+XGB,PatchTST,XGB,2024-05-27,78.5095,86.1042251586914
WTI Oil,tscv_08,PatchTST+XGB,PatchTST,XGB,2024-06-03,74.524,86.93199634552002
WTI Oil,tscv_08,PatchTST+XGB,PatchTST,XGB,2024-06-10,78.162,84.60288143157959
WTI Oil,tscv_08,PatchTST+XGB,PatchTST,XGB,2024-06-17,80.6125,84.25077772140503
WTI Oil,tscv_08,PatchTST+XGB,PatchTST,XGB,2024-06-24,81.328,80.3830029964447
WTI Oil,tscv_08,PatchTST+XGB,PatchTST,XGB,2024-07-01,83.31356,81.36370706558228
WTI Oil,tscv_08,PatchTST+XGB,PatchTST,XGB,2024-07-08,82.13399999999999,80.08335185050964
WTI Oil,tscv_08,PatchTST+XGB,PatchTST,XGB,2024-07-15,80.81,79.73549389839172
WTI Oil,tscv_08,PatchTST+XGB,PatchTST,XGB,2024-07-22,77.678,80.92959332466125
WTI Oil,tscv_08,PatchTST+XGB,PatchTST,XGB,2024-07-29,75.65599999999999,80.68120074272156
WTI Oil,tscv_08,PatchTST+LGBM,PatchTST,LGBM,2024-05-13,78.818,88.011875885999
WTI Oil,tscv_08,PatchTST+LGBM,PatchTST,LGBM,2024-05-20,78.024,86.4579391084871
WTI Oil,tscv_08,PatchTST+LGBM,PatchTST,LGBM,2024-05-27,78.5095,84.67781425045591
WTI Oil,tscv_08,PatchTST+LGBM,PatchTST,LGBM,2024-06-03,74.524,83.12585205305133
WTI Oil,tscv_08,PatchTST+LGBM,PatchTST,LGBM,2024-06-10,78.162,79.96853337334322
WTI Oil,tscv_08,PatchTST+LGBM,PatchTST,LGBM,2024-06-17,80.6125,79.95105517659684
WTI Oil,tscv_08,PatchTST+LGBM,PatchTST,LGBM,2024-06-24,81.328,76.09965227975256
WTI Oil,tscv_08,PatchTST+LGBM,PatchTST,LGBM,2024-07-01,83.31356,76.01867901071944
WTI Oil,tscv_08,PatchTST+LGBM,PatchTST,LGBM,2024-07-08,82.13399999999999,74.17237349057146
WTI Oil,tscv_08,PatchTST+LGBM,PatchTST,LGBM,2024-07-15,80.81,74.3892707240591
WTI Oil,tscv_08,PatchTST+LGBM,PatchTST,LGBM,2024-07-22,77.678,74.65534659821512
WTI Oil,tscv_08,PatchTST+LGBM,PatchTST,LGBM,2024-07-29,75.65599999999999,74.74901654371533
WTI Oil,tscv_09,PatchTST,PatchTST,-,2024-06-10,78.162,79.65924072265625
WTI Oil,tscv_09,PatchTST,PatchTST,-,2024-06-17,80.6125,79.51295471191406
WTI Oil,tscv_09,PatchTST,PatchTST,-,2024-06-24,81.328,79.04854583740234
WTI Oil,tscv_09,PatchTST,PatchTST,-,2024-07-01,83.31356,79.53500366210938
WTI Oil,tscv_09,PatchTST,PatchTST,-,2024-07-08,82.13399999999999,79.03018188476562
WTI Oil,tscv_09,PatchTST,PatchTST,-,2024-07-15,80.81,78.96156311035156
WTI Oil,tscv_09,PatchTST,PatchTST,-,2024-07-22,77.678,78.97476959228516
WTI Oil,tscv_09,PatchTST,PatchTST,-,2024-07-29,75.65599999999999,78.45262145996094
WTI Oil,tscv_09,PatchTST,PatchTST,-,2024-08-05,74.88,77.99532318115234
WTI Oil,tscv_09,PatchTST,PatchTST,-,2024-08-12,77.584,77.70655059814453
WTI Oil,tscv_09,PatchTST,PatchTST,-,2024-08-19,73.32000000000001,77.79885864257812
WTI Oil,tscv_09,PatchTST,PatchTST,-,2024-08-26,75.386,77.5424575805664
WTI Oil,tscv_09,PatchTST+NLinear,PatchTST,NLinear,2024-06-10,78.162,84.62326049804688
WTI Oil,tscv_09,PatchTST+NLinear,PatchTST,NLinear,2024-06-17,80.6125,91.03940868377686
WTI Oil,tscv_09,PatchTST+NLinear,PatchTST,NLinear,2024-06-24,81.328,82.00561451911926
WTI Oil,tscv_09,PatchTST+NLinear,PatchTST,NLinear,2024-07-01,83.31356,85.18594884872437
WTI Oil,tscv_09,PatchTST+NLinear,PatchTST,NLinear,2024-07-08,82.13399999999999,94.2986011505127
WTI Oil,tscv_09,PatchTST+NLinear,PatchTST,NLinear,2024-07-15,80.81,87.57640075683594
WTI Oil,tscv_09,PatchTST+NLinear,PatchTST,NLinear,2024-07-22,77.678,88.85475540161133
WTI Oil,tscv_09,PatchTST+NLinear,PatchTST,NLinear,2024-07-29,75.65599999999999,87.68909645080566
WTI Oil,tscv_09,PatchTST+NLinear,PatchTST,NLinear,2024-08-05,74.88,81.67988729476929
WTI Oil,tscv_09,PatchTST+NLinear,PatchTST,NLinear,2024-08-12,77.584,80.80461549758911
WTI Oil,tscv_09,PatchTST+NLinear,PatchTST,NLinear,2024-08-19,73.32000000000001,96.01159286499023
WTI Oil,tscv_09,PatchTST+NLinear,PatchTST,NLinear,2024-08-26,75.386,91.8961820602417
WTI Oil,tscv_09,PatchTST+XGB,PatchTST,XGB,2024-06-10,78.162,88.25668907165527
WTI Oil,tscv_09,PatchTST+XGB,PatchTST,XGB,2024-06-17,80.6125,87.20360231399536
WTI Oil,tscv_09,PatchTST+XGB,PatchTST,XGB,2024-06-24,81.328,85.82297658920288
WTI Oil,tscv_09,PatchTST+XGB,PatchTST,XGB,2024-07-01,83.31356,85.45668983459473
WTI Oil,tscv_09,PatchTST+XGB,PatchTST,XGB,2024-07-08,82.13399999999999,84.94890356063843
WTI Oil,tscv_09,PatchTST+XGB,PatchTST,XGB,2024-07-15,80.81,82.26422667503357
WTI Oil,tscv_09,PatchTST+XGB,PatchTST,XGB,2024-07-22,77.678,81.51037645339966
WTI Oil,tscv_09,PatchTST+XGB,PatchTST,XGB,2024-07-29,75.65599999999999,82.5109314918518
WTI Oil,tscv_09,PatchTST+XGB,PatchTST,XGB,2024-08-05,74.88,82.55896329879761
WTI Oil,tscv_09,PatchTST+XGB,PatchTST,XGB,2024-08-12,77.584,82.14255332946777
WTI Oil,tscv_09,PatchTST+XGB,PatchTST,XGB,2024-08-19,73.32000000000001,84.16928768157959
WTI Oil,tscv_09,PatchTST+XGB,PatchTST,XGB,2024-08-26,75.386,85.0280327796936
WTI Oil,tscv_09,PatchTST+LGBM,PatchTST,LGBM,2024-06-10,78.162,80.13674895156475
WTI Oil,tscv_09,PatchTST+LGBM,PatchTST,LGBM,2024-06-17,80.6125,78.98022538617144
WTI Oil,tscv_09,PatchTST+LGBM,PatchTST,LGBM,2024-06-24,81.328,76.76005043750405
WTI Oil,tscv_09,PatchTST+LGBM,PatchTST,LGBM,2024-07-01,83.31356,76.69070271726844
WTI Oil,tscv_09,PatchTST+LGBM,PatchTST,LGBM,2024-07-08,82.13399999999999,75.7549276233024
WTI Oil,tscv_09,PatchTST+LGBM,PatchTST,LGBM,2024-07-15,80.81,74.98296896660675
WTI Oil,tscv_09,PatchTST+LGBM,PatchTST,LGBM,2024-07-22,77.678,75.14533363455601
WTI Oil,tscv_09,PatchTST+LGBM,PatchTST,LGBM,2024-07-29,75.65599999999999,74.65858979280249
WTI Oil,tscv_09,PatchTST+LGBM,PatchTST,LGBM,2024-08-05,74.88,74.5854588776362
WTI Oil,tscv_09,PatchTST+LGBM,PatchTST,LGBM,2024-08-12,77.584,75.57852923148833
WTI Oil,tscv_09,PatchTST+LGBM,PatchTST,LGBM,2024-08-19,73.32000000000001,79.73877142478513
WTI Oil,tscv_09,PatchTST+LGBM,PatchTST,LGBM,2024-08-26,75.386,84.52959282250575
WTI Oil,tscv_10,PatchTST,PatchTST,-,2024-07-08,82.13399999999999,80.53376007080078
WTI Oil,tscv_10,PatchTST,PatchTST,-,2024-07-15,80.81,80.14775848388672
WTI Oil,tscv_10,PatchTST,PatchTST,-,2024-07-22,77.678,80.47140502929688
WTI Oil,tscv_10,PatchTST,PatchTST,-,2024-07-29,75.65599999999999,80.07347106933594
WTI Oil,tscv_10,PatchTST,PatchTST,-,2024-08-05,74.88,80.01676940917969
WTI Oil,tscv_10,PatchTST,PatchTST,-,2024-08-12,77.584,79.49580383300781
WTI Oil,tscv_10,PatchTST,PatchTST,-,2024-08-19,73.32000000000001,79.3401870727539
WTI Oil,tscv_10,PatchTST,PatchTST,-,2024-08-26,75.386,79.00711822509766
WTI Oil,tscv_10,PatchTST,PatchTST,-,2024-09-02,70.08424,78.80805969238281
WTI Oil,tscv_10,PatchTST,PatchTST,-,2024-09-09,67.878,78.53899383544922
WTI Oil,tscv_10,PatchTST,PatchTST,-,2024-09-16,70.41799999999999,78.10102844238281
WTI Oil,tscv_10,PatchTST,PatchTST,-,2024-09-23,69.494,77.92298126220703
WTI Oil,tscv_10,PatchTST+NLinear,PatchTST,NLinear,2024-07-08,82.13399999999999,95.56022453308105
WTI Oil,tscv_10,PatchTST+NLinear,PatchTST,NLinear,2024-07-15,80.81,98.15683555603027
WTI Oil,tscv_10,PatchTST+NLinear,PatchTST,NLinear,2024-07-22,77.678,93.82795715332031
WTI Oil,tscv_10,PatchTST+NLinear,PatchTST,NLinear,2024-07-29,75.65599999999999,94.81327724456787
WTI Oil,tscv_10,PatchTST+NLinear,PatchTST,NLinear,2024-08-05,74.88,92.73262119293213
WTI Oil,tscv_10,PatchTST+NLinear,PatchTST,NLinear,2024-08-12,77.584,88.33425807952881
WTI Oil,tscv_10,PatchTST+NLinear,PatchTST,NLinear,2024-08-19,73.32000000000001,94.0173282623291
WTI Oil,tscv_10,PatchTST+NLinear,PatchTST,NLinear,2024-08-26,75.386,92.98122215270996
WTI Oil,tscv_10,PatchTST+NLinear,PatchTST,NLinear,2024-09-02,70.08424,97.89393997192383
WTI Oil,tscv_10,PatchTST+NLinear,PatchTST,NLinear,2024-09-09,67.878,89.14022445678711
WTI Oil,tscv_10,PatchTST+NLinear,PatchTST,NLinear,2024-09-16,70.41799999999999,85.83425092697144
WTI Oil,tscv_10,PatchTST+NLinear,PatchTST,NLinear,2024-09-23,69.494,93.1167631149292
WTI Oil,tscv_10,PatchTST+XGB,PatchTST,XGB,2024-07-08,82.13399999999999,90.48878002166748
WTI Oil,tscv_10,PatchTST+XGB,PatchTST,XGB,2024-07-15,80.81,87.55506229400635
WTI Oil,tscv_10,PatchTST+XGB,PatchTST,XGB,2024-07-22,77.678,88.44169330596924
WTI Oil,tscv_10,PatchTST+XGB,PatchTST,XGB,2024-07-29,75.65599999999999,88.72607135772705
WTI Oil,tscv_10,PatchTST+XGB,PatchTST,XGB,2024-08-05,74.88,87.70916080474854
WTI Oil,tscv_10,PatchTST+XGB,PatchTST,XGB,2024-08-12,77.584,87.88418960571289
WTI Oil,tscv_10,PatchTST+XGB,PatchTST,XGB,2024-08-19,73.32000000000001,87.06518983840942
WTI Oil,tscv_10,PatchTST+XGB,PatchTST,XGB,2024-08-26,75.386,86.74440908432007
WTI Oil,tscv_10,PatchTST+XGB,PatchTST,XGB,2024-09-02,70.08424,86.67866468429565
WTI Oil,tscv_10,PatchTST+XGB,PatchTST,XGB,2024-09-09,67.878,87.20238494873047
WTI Oil,tscv_10,PatchTST+XGB,PatchTST,XGB,2024-09-16,70.41799999999999,87.33985900878906
WTI Oil,tscv_10,PatchTST+XGB,PatchTST,XGB,2024-09-23,69.494,87.69979476928711
WTI Oil,tscv_10,PatchTST+LGBM,PatchTST,LGBM,2024-07-08,82.13399999999999,89.41920039000019
WTI Oil,tscv_10,PatchTST+LGBM,PatchTST,LGBM,2024-07-15,80.81,89.17679798945984
WTI Oil,tscv_10,PatchTST+LGBM,PatchTST,LGBM,2024-07-22,77.678,88.01963081084085
WTI Oil,tscv_10,PatchTST+LGBM,PatchTST,LGBM,2024-07-29,75.65599999999999,86.67099219389485
WTI Oil,tscv_10,PatchTST+LGBM,PatchTST,LGBM,2024-08-05,74.88,87.42610011854197
WTI Oil,tscv_10,PatchTST+LGBM,PatchTST,LGBM,2024-08-12,77.584,87.26878194469326
WTI Oil,tscv_10,PatchTST+LGBM,PatchTST,LGBM,2024-08-19,73.32000000000001,86.17246853754695
WTI Oil,tscv_10,PatchTST+LGBM,PatchTST,LGBM,2024-08-26,75.386,85.37468791382084
WTI Oil,tscv_10,PatchTST+LGBM,PatchTST,LGBM,2024-09-02,70.08424,87.98782152245619
WTI Oil,tscv_10,PatchTST+LGBM,PatchTST,LGBM,2024-09-09,67.878,88.05800321651964
WTI Oil,tscv_10,PatchTST+LGBM,PatchTST,LGBM,2024-09-16,70.41799999999999,87.52350840088994
WTI Oil,tscv_10,PatchTST+LGBM,PatchTST,LGBM,2024-09-23,69.494,88.13954239889263
WTI Oil,tscv_11,PatchTST,PatchTST,-,2024-08-05,74.88,76.56062316894531
WTI Oil,tscv_11,PatchTST,PatchTST,-,2024-08-12,77.584,76.60741424560547
WTI Oil,tscv_11,PatchTST,PatchTST,-,2024-08-19,73.32000000000001,76.75833892822266
WTI Oil,tscv_11,PatchTST,PatchTST,-,2024-08-26,75.386,76.54623413085938
WTI Oil,tscv_11,PatchTST,PatchTST,-,2024-09-02,70.08424,76.26403045654297
WTI Oil,tscv_11,PatchTST,PatchTST,-,2024-09-09,67.878,76.66709899902344
WTI Oil,tscv_11,PatchTST,PatchTST,-,2024-09-16,70.41799999999999,76.22745513916016
WTI Oil,tscv_11,PatchTST,PatchTST,-,2024-09-23,69.494,75.72151947021484
WTI Oil,tscv_11,PatchTST,PatchTST,-,2024-09-30,71.238,75.8563003540039
WTI Oil,tscv_11,PatchTST,PatchTST,-,2024-10-07,75.072,75.2347412109375
WTI Oil,tscv_11,PatchTST,PatchTST,-,2024-10-14,70.716,75.33201599121094
WTI Oil,tscv_11,PatchTST,PatchTST,-,2024-10-21,70.904,74.99622344970703
WTI Oil,tscv_11,PatchTST+NLinear,PatchTST,NLinear,2024-08-05,74.88,75.14240980148315
WTI Oil,tscv_11,PatchTST+NLinear,PatchTST,NLinear,2024-08-12,77.584,83.42391729354858
WTI Oil,tscv_11,PatchTST+NLinear,PatchTST,NLinear,2024-08-19,73.32000000000001,80.17463207244873
WTI Oil,tscv_11,PatchTST+NLinear,PatchTST,NLinear,2024-08-26,75.386,84.78792953491211
WTI Oil,tscv_11,PatchTST+NLinear,PatchTST,NLinear,2024-09-02,70.08424,85.66956901550293
WTI Oil,tscv_11,PatchTST+NLinear,PatchTST,NLinear,2024-09-09,67.878,89.87216758728027
WTI Oil,tscv_11,PatchTST+NLinear,PatchTST,NLinear,2024-09-16,70.41799999999999,85.7007942199707
WTI Oil,tscv_11,PatchTST+NLinear,PatchTST,NLinear,2024-09-23,69.494,85.84840393066406
WTI Oil,tscv_11,PatchTST+NLinear,PatchTST,NLinear,2024-09-30,71.238,88.48156929016113
WTI Oil,tscv_11,PatchTST+NLinear,PatchTST,NLinear,2024-10-07,75.072,78.62428283691406
WTI Oil,tscv_11,PatchTST+NLinear,PatchTST,NLinear,2024-10-14,70.716,81.04007244110107
WTI Oil,tscv_11,PatchTST+NLinear,PatchTST,NLinear,2024-10-21,70.904,81.63271903991699
WTI Oil,tscv_11,PatchTST+XGB,PatchTST,XGB,2024-08-05,74.88,84.5272159576416
WTI Oil,tscv_11,PatchTST+XGB,PatchTST,XGB,2024-08-12,77.584,85.72155570983887
WTI Oil,tscv_11,PatchTST+XGB,PatchTST,XGB,2024-08-19,73.32000000000001,87.28870105743408
WTI Oil,tscv_11,PatchTST+XGB,PatchTST,XGB,2024-08-26,75.386,88.31062126159668
WTI Oil,tscv_11,PatchTST+XGB,PatchTST,XGB,2024-09-02,70.08424,88.9107551574707
WTI Oil,tscv_11,PatchTST+XGB,PatchTST,XGB,2024-09-09,67.878,88.95080947875977
WTI Oil,tscv_11,PatchTST+XGB,PatchTST,XGB,2024-09-16,70.41799999999999,88.68315315246582
WTI Oil,tscv_11,PatchTST+XGB,PatchTST,XGB,2024-09-23,69.494,87.13998413085938
WTI Oil,tscv_11,PatchTST+XGB,PatchTST,XGB,2024-09-30,71.238,87.20615482330322
WTI Oil,tscv_11,PatchTST+XGB,PatchTST,XGB,2024-10-07,75.072,87.51906490325928
WTI Oil,tscv_11,PatchTST+XGB,PatchTST,XGB,2024-10-14,70.716,87.63893127441406
WTI Oil,tscv_11,PatchTST+XGB,PatchTST,XGB,2024-10-21,70.904,87.39678859710693
WTI Oil,tscv_11,PatchTST+LGBM,PatchTST,LGBM,2024-08-05,74.88,84.2539944897309
WTI Oil,tscv_11,PatchTST+LGBM,PatchTST,LGBM,2024-08-12,77.584,88.11187653634782
WTI Oil,tscv_11,PatchTST+LGBM,PatchTST,LGBM,2024-08-19,73.32000000000001,90.26711088210868
WTI Oil,tscv_11,PatchTST+LGBM,PatchTST,LGBM,2024-08-26,75.386,92.29991573100969
WTI Oil,tscv_11,PatchTST+LGBM,PatchTST,LGBM,2024-09-02,70.08424,92.7843841377539
WTI Oil,tscv_11,PatchTST+LGBM,PatchTST,LGBM,2024-09-09,67.878,93.62272701977591
WTI Oil,tscv_11,PatchTST+LGBM,PatchTST,LGBM,2024-09-16,70.41799999999999,94.07375552866233
WTI Oil,tscv_11,PatchTST+LGBM,PatchTST,LGBM,2024-09-23,69.494,91.61136404219037
WTI Oil,tscv_11,PatchTST+LGBM,PatchTST,LGBM,2024-09-30,71.238,94.57663869237592
WTI Oil,tscv_11,PatchTST+LGBM,PatchTST,LGBM,2024-10-07,75.072,95.48847874925369
WTI Oil,tscv_11,PatchTST+LGBM,PatchTST,LGBM,2024-10-14,70.716,94.55012628720985
WTI Oil,tscv_11,PatchTST+LGBM,PatchTST,LGBM,2024-10-21,70.904,93.62599043472332
WTI Oil,tscv_12,PatchTST,PatchTST,-,2024-09-02,70.08424,77.7642593383789
WTI Oil,tscv_12,PatchTST,PatchTST,-,2024-09-09,67.878,77.79743194580078
WTI Oil,tscv_12,PatchTST,PatchTST,-,2024-09-16,70.41799999999999,77.32462310791016
WTI Oil,tscv_12,PatchTST,PatchTST,-,2024-09-23,69.494,76.9334945678711
WTI Oil,tscv_12,PatchTST,PatchTST,-,2024-09-30,71.238,77.02156829833984
WTI Oil,tscv_12,PatchTST,PatchTST,-,2024-10-07,75.072,76.56706237792969
WTI Oil,tscv_12,PatchTST,PatchTST,-,2024-10-14,70.716,76.30208587646484
WTI Oil,tscv_12,PatchTST,PatchTST,-,2024-10-21,70.904,76.01466369628906
WTI Oil,tscv_12,PatchTST,PatchTST,-,2024-10-28,68.39,76.27557373046875
WTI Oil,tscv_12,PatchTST,PatchTST,-,2024-11-04,71.578,76.4594497680664
WTI Oil,tscv_12,PatchTST,PatchTST,-,2024-11-11,68.042,76.03012084960938
WTI Oil,tscv_12,PatchTST,PatchTST,-,2024-11-18,69.7,75.59379577636719
WTI Oil,tscv_12,PatchTST+NLinear,PatchTST,NLinear,2024-09-02,70.08424,87.06780433654785
WTI Oil,tscv_12,PatchTST+NLinear,PatchTST,NLinear,2024-09-09,67.878,82.30101585388184
WTI Oil,tscv_12,PatchTST+NLinear,PatchTST,NLinear,2024-09-16,70.41799999999999,81.78222274780273
WTI Oil,tscv_12,PatchTST+NLinear,PatchTST,NLinear,2024-09-23,69.494,85.61948013305664
WTI Oil,tscv_12,PatchTST+NLinear,PatchTST,NLinear,2024-09-30,71.238,83.56071949005127
WTI Oil,tscv_12,PatchTST+NLinear,PatchTST,NLinear,2024-10-07,75.072,78.69210433959961
WTI Oil,tscv_12,PatchTST+NLinear,PatchTST,NLinear,2024-10-14,70.716,83.39943170547485
WTI Oil,tscv_12,PatchTST+NLinear,PatchTST,NLinear,2024-10-21,70.904,83.09356546401978
WTI Oil,tscv_12,PatchTST+NLinear,PatchTST,NLinear,2024-10-28,68.39,85.90141487121582
WTI Oil,tscv_12,PatchTST+NLinear,PatchTST,NLinear,2024-11-04,71.578,84.98665237426758
WTI Oil,tscv_12,PatchTST+NLinear,PatchTST,NLinear,2024-11-11,68.042,86.6649169921875
WTI Oil,tscv_12,PatchTST+NLinear,PatchTST,NLinear,2024-11-18,69.7,83.64351177215576
WTI Oil,tscv_12,PatchTST+XGB,PatchTST,XGB,2024-09-02,70.08424,85.58926916122437
WTI Oil,tscv_12,PatchTST+XGB,PatchTST,XGB,2024-09-09,67.878,86.05482006072998
WTI Oil,tscv_12,PatchTST+XGB,PatchTST,XGB,2024-09-16,70.41799999999999,88.90082168579102
WTI Oil,tscv_12,PatchTST+XGB,PatchTST,XGB,2024-09-23,69.494,88.56531620025635
WTI Oil,tscv_12,PatchTST+XGB,PatchTST,XGB,2024-09-30,71.238,87.93011379241943
WTI Oil,tscv_12,PatchTST+XGB,PatchTST,XGB,2024-10-07,75.072,88.41160011291504
WTI Oil,tscv_12,PatchTST+XGB,PatchTST,XGB,2024-10-14,70.716,87.42916107177734
WTI Oil,tscv_12,PatchTST+XGB,PatchTST,XGB,2024-10-21,70.904,85.90286922454834
WTI Oil,tscv_12,PatchTST+XGB,PatchTST,XGB,2024-10-28,68.39,85.67209243774414
WTI Oil,tscv_12,PatchTST+XGB,PatchTST,XGB,2024-11-04,71.578,86.82815837860107
WTI Oil,tscv_12,PatchTST+XGB,PatchTST,XGB,2024-11-11,68.042,86.24988269805908
WTI Oil,tscv_12,PatchTST+XGB,PatchTST,XGB,2024-11-18,69.7,85.4446496963501
WTI Oil,tscv_12,PatchTST+LGBM,PatchTST,LGBM,2024-09-02,70.08424,87.99297596894587
WTI Oil,tscv_12,PatchTST+LGBM,PatchTST,LGBM,2024-09-09,67.878,88.48703903756096
WTI Oil,tscv_12,PatchTST+LGBM,PatchTST,LGBM,2024-09-16,70.41799999999999,88.88220751325359
WTI Oil,tscv_12,PatchTST+LGBM,PatchTST,LGBM,2024-09-23,69.494,89.01528274989435
WTI Oil,tscv_12,PatchTST+LGBM,PatchTST,LGBM,2024-09-30,71.238,90.72403971521261
WTI Oil,tscv_12,PatchTST+LGBM,PatchTST,LGBM,2024-10-07,75.072,93.42128488120653
WTI Oil,tscv_12,PatchTST+LGBM,PatchTST,LGBM,2024-10-14,70.716,94.15086331477326
WTI Oil,tscv_12,PatchTST+LGBM,PatchTST,LGBM,2024-10-21,70.904,92.92708451843342
WTI Oil,tscv_12,PatchTST+LGBM,PatchTST,LGBM,2024-10-28,68.39,91.90464495240695
WTI Oil,tscv_12,PatchTST+LGBM,PatchTST,LGBM,2024-11-04,71.578,91.61176209499914
WTI Oil,tscv_12,PatchTST+LGBM,PatchTST,LGBM,2024-11-11,68.042,90.28158194427141
WTI Oil,tscv_12,PatchTST+LGBM,PatchTST,LGBM,2024-11-18,69.7,88.72105473869746
WTI Oil,tscv_13,PatchTST,PatchTST,-,2024-09-30,71.238,76.00286102294922
WTI Oil,tscv_13,PatchTST,PatchTST,-,2024-10-07,75.072,76.67891693115234
WTI Oil,tscv_13,PatchTST,PatchTST,-,2024-10-14,70.716,76.565185546875
WTI Oil,tscv_13,PatchTST,PatchTST,-,2024-10-21,70.904,76.14710235595703
WTI Oil,tscv_13,PatchTST,PatchTST,-,2024-10-28,68.39,75.82711029052734
WTI Oil,tscv_13,PatchTST,PatchTST,-,2024-11-04,71.578,75.731689453125
WTI Oil,tscv_13,PatchTST,PatchTST,-,2024-11-11,68.042,75.29192352294922
WTI Oil,tscv_13,PatchTST,PatchTST,-,2024-11-18,69.7,75.80327606201172
WTI Oil,tscv_13,PatchTST,PatchTST,-,2024-11-25,68.71811666666666,75.84046173095703
WTI Oil,tscv_13,PatchTST,PatchTST,-,2024-12-02,68.11045714285714,75.68518829345703
WTI Oil,tscv_13,PatchTST,PatchTST,-,2024-12-09,70.1072,75.61504364013672
WTI Oil,tscv_13,PatchTST,PatchTST,-,2024-12-16,69.7302,75.21936798095703
WTI Oil,tscv_13,PatchTST+NLinear,PatchTST,NLinear,2024-09-30,71.238,83.71291446685791
WTI Oil,tscv_13,PatchTST+NLinear,PatchTST,NLinear,2024-10-07,75.072,82.31303119659424
WTI Oil,tscv_13,PatchTST+NLinear,PatchTST,NLinear,2024-10-14,70.716,76.11668586730957
WTI Oil,tscv_13,PatchTST+NLinear,PatchTST,NLinear,2024-10-21,70.904,81.34819555282593
WTI Oil,tscv_13,PatchTST+NLinear,PatchTST,NLinear,2024-10-28,68.39,80.94703197479248
WTI Oil,tscv_13,PatchTST+NLinear,PatchTST,NLinear,2024-11-04,71.578,79.29658436775208
WTI Oil,tscv_13,PatchTST+NLinear,PatchTST,NLinear,2024-11-11,68.042,77.66480731964111
WTI Oil,tscv_13,PatchTST+NLinear,PatchTST,NLinear,2024-11-18,69.7,83.00345087051392
WTI Oil,tscv_13,PatchTST+NLinear,PatchTST,NLinear,2024-11-25,68.71811666666666,85.86484336853027
WTI Oil,tscv_13,PatchTST+NLinear,PatchTST,NLinear,2024-12-02,68.11045714285714,83.02509117126465
WTI Oil,tscv_13,PatchTST+NLinear,PatchTST,NLinear,2024-12-09,70.1072,87.70968818664551
WTI Oil,tscv_13,PatchTST+NLinear,PatchTST,NLinear,2024-12-16,69.7302,82.34525203704834
WTI Oil,tscv_13,PatchTST+XGB,PatchTST,XGB,2024-09-30,71.238,82.27569580078125
WTI Oil,tscv_13,PatchTST+XGB,PatchTST,XGB,2024-10-07,75.072,86.23698234558105
WTI Oil,tscv_13,PatchTST+XGB,PatchTST,XGB,2024-10-14,70.716,88.94194984436035
WTI Oil,tscv_13,PatchTST+XGB,PatchTST,XGB,2024-10-21,70.904,93.94706535339355
WTI Oil,tscv_13,PatchTST+XGB,PatchTST,XGB,2024-10-28,68.39,91.09359073638916
WTI Oil,tscv_13,PatchTST+XGB,PatchTST,XGB,2024-11-04,71.578,90.41634464263916
WTI Oil,tscv_13,PatchTST+XGB,PatchTST,XGB,2024-11-11,68.042,89.1493911743164
WTI Oil,tscv_13,PatchTST+XGB,PatchTST,XGB,2024-11-18,69.7,88.45303153991699
WTI Oil,tscv_13,PatchTST+XGB,PatchTST,XGB,2024-11-25,68.71811666666666,89.08657836914062
WTI Oil,tscv_13,PatchTST+XGB,PatchTST,XGB,2024-12-02,68.11045714285714,91.02259254455566
WTI Oil,tscv_13,PatchTST+XGB,PatchTST,XGB,2024-12-09,70.1072,91.90850448608398
WTI Oil,tscv_13,PatchTST+XGB,PatchTST,XGB,2024-12-16,69.7302,87.25415325164795
WTI Oil,tscv_13,PatchTST+LGBM,PatchTST,LGBM,2024-09-30,71.238,84.89656162088112
WTI Oil,tscv_13,PatchTST+LGBM,PatchTST,LGBM,2024-10-07,75.072,88.1495149318975
WTI Oil,tscv_13,PatchTST+LGBM,PatchTST,LGBM,2024-10-14,70.716,93.34149544183818
WTI Oil,tscv_13,PatchTST+LGBM,PatchTST,LGBM,2024-10-21,70.904,95.32775386667534
WTI Oil,tscv_13,PatchTST+LGBM,PatchTST,LGBM,2024-10-28,68.39,95.50984249146299
WTI Oil,tscv_13,PatchTST+LGBM,PatchTST,LGBM,2024-11-04,71.578,95.08980032138761
WTI Oil,tscv_13,PatchTST+LGBM,PatchTST,LGBM,2024-11-11,68.042,95.10705104107413
WTI Oil,tscv_13,PatchTST+LGBM,PatchTST,LGBM,2024-11-18,69.7,94.3871480377303
WTI Oil,tscv_13,PatchTST+LGBM,PatchTST,LGBM,2024-11-25,68.71811666666666,93.59462018412897
WTI Oil,tscv_13,PatchTST+LGBM,PatchTST,LGBM,2024-12-02,68.11045714285714,92.92491548358947
WTI Oil,tscv_13,PatchTST+LGBM,PatchTST,LGBM,2024-12-09,70.1072,93.39784190551066
WTI Oil,tscv_13,PatchTST+LGBM,PatchTST,LGBM,2024-12-16,69.7302,90.49872080650164
WTI Oil,tscv_14,PatchTST,PatchTST,-,2024-10-28,68.39,74.82324981689453
WTI Oil,tscv_14,PatchTST,PatchTST,-,2024-11-04,71.578,75.66907501220703
WTI Oil,tscv_14,PatchTST,PatchTST,-,2024-11-11,68.042,74.1995620727539
WTI Oil,tscv_14,PatchTST,PatchTST,-,2024-11-18,69.7,75.24032592773438
WTI Oil,tscv_14,PatchTST,PatchTST,-,2024-11-25,68.71811666666666,75.1832275390625
WTI Oil,tscv_14,PatchTST,PatchTST,-,2024-12-02,68.11045714285714,75.0041275024414
WTI Oil,tscv_14,PatchTST,PatchTST,-,2024-12-09,70.1072,74.33595275878906
WTI Oil,tscv_14,PatchTST,PatchTST,-,2024-12-16,69.7302,74.66401672363281
WTI Oil,tscv_14,PatchTST,PatchTST,-,2024-12-23,70.14909999999999,74.25951385498047
WTI Oil,tscv_14,PatchTST,PatchTST,-,2024-12-30,72.57513333333333,73.87674713134766
WTI Oil,tscv_14,PatchTST,PatchTST,-,2025-01-06,74.9595,74.62666320800781
WTI Oil,tscv_14,PatchTST,PatchTST,-,2025-01-13,78.02933333333333,73.44644927978516
WTI Oil,tscv_14,PatchTST+NLinear,PatchTST,NLinear,2024-10-28,68.39,76.01781034469604
WTI Oil,tscv_14,PatchTST+NLinear,PatchTST,NLinear,2024-11-04,71.578,84.36535453796387
WTI Oil,tscv_14,PatchTST+NLinear,PatchTST,NLinear,2024-11-11,68.042,80.52193975448608
WTI Oil,tscv_14,PatchTST+NLinear,PatchTST,NLinear,2024-11-18,69.7,77.72382497787476
WTI Oil,tscv_14,PatchTST+NLinear,PatchTST,NLinear,2024-11-25,68.71811666666666,76.62463688850403
WTI Oil,tscv_14,PatchTST+NLinear,PatchTST,NLinear,2024-12-02,68.11045714285714,79.94823741912842
WTI Oil,tscv_14,PatchTST+NLinear,PatchTST,NLinear,2024-12-09,70.1072,78.93200016021729
WTI Oil,tscv_14,PatchTST+NLinear,PatchTST,NLinear,2024-12-16,69.7302,75.5022222995758
WTI Oil,tscv_14,PatchTST+NLinear,PatchTST,NLinear,2024-12-23,70.14909999999999,76.14075827598572
WTI Oil,tscv_14,PatchTST+NLinear,PatchTST,NLinear,2024-12-30,72.57513333333333,78.01141548156738
WTI Oil,tscv_14,PatchTST+NLinear,PatchTST,NLinear,2025-01-06,74.9595,82.6274881362915
WTI Oil,tscv_14,PatchTST+NLinear,PatchTST,NLinear,2025-01-13,78.02933333333333,80.00917291641235
WTI Oil,tscv_14,PatchTST+XGB,PatchTST,XGB,2024-10-28,68.39,80.83092451095581
WTI Oil,tscv_14,PatchTST+XGB,PatchTST,XGB,2024-11-04,71.578,84.29654598236084
WTI Oil,tscv_14,PatchTST+XGB,PatchTST,XGB,2024-11-11,68.042,84.26105117797852
WTI Oil,tscv_14,PatchTST+XGB,PatchTST,XGB,2024-11-18,69.7,90.08884239196777
WTI Oil,tscv_14,PatchTST+XGB,PatchTST,XGB,2024-11-25,68.71811666666666,91.10168647766113
WTI Oil,tscv_14,PatchTST+XGB,PatchTST,XGB,2024-12-02,68.11045714285714,93.2836799621582
WTI Oil,tscv_14,PatchTST+XGB,PatchTST,XGB,2024-12-09,70.1072,93.70944213867188
WTI Oil,tscv_14,PatchTST+XGB,PatchTST,XGB,2024-12-16,69.7302,90.19228935241699
WTI Oil,tscv_14,PatchTST+XGB,PatchTST,XGB,2024-12-23,70.14909999999999,89.47841930389404
WTI Oil,tscv_14,PatchTST+XGB,PatchTST,XGB,2024-12-30,72.57513333333333,87.2175235748291
WTI Oil,tscv_14,PatchTST+XGB,PatchTST,XGB,2025-01-06,74.9595,84.25963878631592
WTI Oil,tscv_14,PatchTST+XGB,PatchTST,XGB,2025-01-13,78.02933333333333,82.51588726043701
WTI Oil,tscv_14,PatchTST+LGBM,PatchTST,LGBM,2024-10-28,68.39,80.13735285351433
WTI Oil,tscv_14,PatchTST+LGBM,PatchTST,LGBM,2024-11-04,71.578,83.76349823689267
WTI Oil,tscv_14,PatchTST+LGBM,PatchTST,LGBM,2024-11-11,68.042,85.51216513183236
WTI Oil,tscv_14,PatchTST+LGBM,PatchTST,LGBM,2024-11-18,69.7,89.18417760537838
WTI Oil,tscv_14,PatchTST+LGBM,PatchTST,LGBM,2024-11-25,68.71811666666666,89.87702731585364
WTI Oil,tscv_14,PatchTST+LGBM,PatchTST,LGBM,2024-12-02,68.11045714285714,91.97490325671102
WTI Oil,tscv_14,PatchTST+LGBM,PatchTST,LGBM,2024-12-09,70.1072,92.15245676074605
WTI Oil,tscv_14,PatchTST+LGBM,PatchTST,LGBM,2024-12-16,69.7302,90.55091647704987
WTI Oil,tscv_14,PatchTST+LGBM,PatchTST,LGBM,2024-12-23,70.14909999999999,89.03192671018945
WTI Oil,tscv_14,PatchTST+LGBM,PatchTST,LGBM,2024-12-30,72.57513333333333,86.87694917205474
WTI Oil,tscv_14,PatchTST+LGBM,PatchTST,LGBM,2025-01-06,74.9595,86.45183584825001
WTI Oil,tscv_14,PatchTST+LGBM,PatchTST,LGBM,2025-01-13,78.02933333333333,82.89188372607674
WTI Oil,tscv_15,PatchTST,PatchTST,-,2024-11-25,68.71811666666666,72.67627716064453
WTI Oil,tscv_15,PatchTST,PatchTST,-,2024-12-02,68.11045714285714,72.92778778076172
WTI Oil,tscv_15,PatchTST,PatchTST,-,2024-12-09,70.1072,72.96004486083984
WTI Oil,tscv_15,PatchTST,PatchTST,-,2024-12-16,69.7302,72.51249694824219
WTI Oil,tscv_15,PatchTST,PatchTST,-,2024-12-23,70.14909999999999,72.32283020019531
WTI Oil,tscv_15,PatchTST,PatchTST,-,2024-12-30,72.57513333333333,71.89261627197266
WTI Oil,tscv_15,PatchTST,PatchTST,-,2025-01-06,74.9595,72.24298095703125
WTI Oil,tscv_15,PatchTST,PatchTST,-,2025-01-13,78.02933333333333,72.18092346191406
WTI Oil,tscv_15,PatchTST,PatchTST,-,2025-01-20,75.17753333333333,72.20750427246094
WTI Oil,tscv_15,PatchTST,PatchTST,-,2025-01-27,73.039,71.99708557128906
WTI Oil,tscv_15,PatchTST,PatchTST,-,2025-02-03,71.66098333333333,71.83602905273438
WTI Oil,tscv_15,PatchTST,PatchTST,-,2025-02-10,71.62548333333334,71.4941635131836
WTI Oil,tscv_15,PatchTST+NLinear,PatchTST,NLinear,2024-11-25,68.71811666666666,75.26645755767822
WTI Oil,tscv_15,PatchTST+NLinear,PatchTST,NLinear,2024-12-02,68.11045714285714,79.36295366287231
WTI Oil,tscv_15,PatchTST+NLinear,PatchTST,NLinear,2024-12-09,70.1072,71.3804578781128
WTI Oil,tscv_15,PatchTST+NLinear,PatchTST,NLinear,2024-12-16,69.7302,76.40135598182678
WTI Oil,tscv_15,PatchTST+NLinear,PatchTST,NLinear,2024-12-23,70.14909999999999,79.18807077407837
WTI Oil,tscv_15,PatchTST+NLinear,PatchTST,NLinear,2024-12-30,72.57513333333333,68.09671258926392
WTI Oil,tscv_15,PatchTST+NLinear,PatchTST,NLinear,2025-01-06,74.9595,74.31674838066101
WTI Oil,tscv_15,PatchTST+NLinear,PatchTST,NLinear,2025-01-13,78.02933333333333,72.61650204658508
WTI Oil,tscv_15,PatchTST+NLinear,PatchTST,NLinear,2025-01-20,75.17753333333333,77.20098066329956
WTI Oil,tscv_15,PatchTST+NLinear,PatchTST,NLinear,2025-01-27,73.039,75.04865312576294
WTI Oil,tscv_15,PatchTST+NLinear,PatchTST,NLinear,2025-02-03,71.66098333333333,75.69694566726685
WTI Oil,tscv_15,PatchTST+NLinear,PatchTST,NLinear,2025-02-10,71.62548333333334,70.0981879234314
WTI Oil,tscv_15,PatchTST+XGB,PatchTST,XGB,2024-11-25,68.71811666666666,78.55865049362183
WTI Oil,tscv_15,PatchTST+XGB,PatchTST,XGB,2024-12-02,68.11045714285714,80.01640176773071
WTI Oil,tscv_15,PatchTST+XGB,PatchTST,XGB,2024-12-09,70.1072,80.88492488861084
WTI Oil,tscv_15,PatchTST+XGB,PatchTST,XGB,2024-12-16,69.7302,84.73602390289307
WTI Oil,tscv_15,PatchTST+XGB,PatchTST,XGB,2024-12-23,70.14909999999999,88.09915447235107
WTI Oil,tscv_15,PatchTST+XGB,PatchTST,XGB,2024-12-30,72.57513333333333,85.16796684265137
WTI Oil,tscv_15,PatchTST+XGB,PatchTST,XGB,2025-01-06,74.9595,83.74215984344482
WTI Oil,tscv_15,PatchTST+XGB,PatchTST,XGB,2025-01-13,78.02933333333333,82.47850799560547
WTI Oil,tscv_15,PatchTST+XGB,PatchTST,XGB,2025-01-20,75.17753333333333,80.99752426147461
WTI Oil,tscv_15,PatchTST+XGB,PatchTST,XGB,2025-01-27,73.039,81.53279399871826
WTI Oil,tscv_15,PatchTST+XGB,PatchTST,XGB,2025-02-03,71.66098333333333,81.23058414459229
WTI Oil,tscv_15,PatchTST+XGB,PatchTST,XGB,2025-02-10,71.62548333333334,80.44327926635742
WTI Oil,tscv_15,PatchTST+LGBM,PatchTST,LGBM,2024-11-25,68.71811666666666,78.93513604923966
WTI Oil,tscv_15,PatchTST+LGBM,PatchTST,LGBM,2024-12-02,68.11045714285714,81.05447153265835
WTI Oil,tscv_15,PatchTST+LGBM,PatchTST,LGBM,2024-12-09,70.1072,84.35307969052913
WTI Oil,tscv_15,PatchTST+LGBM,PatchTST,LGBM,2024-12-16,69.7302,85.11907074305992
WTI Oil,tscv_15,PatchTST+LGBM,PatchTST,LGBM,2024-12-23,70.14909999999999,85.63188277669353
WTI Oil,tscv_15,PatchTST+LGBM,PatchTST,LGBM,2024-12-30,72.57513333333333,86.46743434878954
WTI Oil,tscv_15,PatchTST+LGBM,PatchTST,LGBM,2025-01-06,74.9595,88.53533534483529
WTI Oil,tscv_15,PatchTST+LGBM,PatchTST,LGBM,2025-01-13,78.02933333333333,85.40580640712844
WTI Oil,tscv_15,PatchTST+LGBM,PatchTST,LGBM,2025-01-20,75.17753333333333,83.75059222580428
WTI Oil,tscv_15,PatchTST+LGBM,PatchTST,LGBM,2025-01-27,73.039,83.16222681143881
WTI Oil,tscv_15,PatchTST+LGBM,PatchTST,LGBM,2025-02-03,71.66098333333333,83.12025476557294
WTI Oil,tscv_15,PatchTST+LGBM,PatchTST,LGBM,2025-02-10,71.62548333333334,81.92127781287043
WTI Oil,tscv_16,PatchTST,PatchTST,-,2024-12-23,70.14909999999999,73.55099487304688
WTI Oil,tscv_16,PatchTST,PatchTST,-,2024-12-30,72.57513333333333,73.07113647460938
WTI Oil,tscv_16,PatchTST,PatchTST,-,2025-01-06,74.9595,73.63752746582031
WTI Oil,tscv_16,PatchTST,PatchTST,-,2025-01-13,78.02933333333333,73.15138244628906
WTI Oil,tscv_16,PatchTST,PatchTST,-,2025-01-20,75.17753333333333,73.1529312133789
WTI Oil,tscv_16,PatchTST,PatchTST,-,2025-01-27,73.039,73.25318145751953
WTI Oil,tscv_16,PatchTST,PatchTST,-,2025-02-03,71.66098333333333,73.05728149414062
WTI Oil,tscv_16,PatchTST,PatchTST,-,2025-02-10,71.62548333333334,72.69126892089844
WTI Oil,tscv_16,PatchTST,PatchTST,-,2025-02-17,71.43208333333332,72.60777282714844
WTI Oil,tscv_16,PatchTST,PatchTST,-,2025-02-24,69.672,72.59568786621094
WTI Oil,tscv_16,PatchTST,PatchTST,-,2025-03-03,67.268,72.88097381591797
WTI Oil,tscv_16,PatchTST,PatchTST,-,2025-03-10,66.92067142857142,72.75918579101562
WTI Oil,tscv_16,PatchTST+NLinear,PatchTST,NLinear,2024-12-23,70.14909999999999,78.05799770355225
WTI Oil,tscv_16,PatchTST+NLinear,PatchTST,NLinear,2024-12-30,72.57513333333333,78.06572437286377
WTI Oil,tscv_16,PatchTST+NLinear,PatchTST,NLinear,2025-01-06,74.9595,80.35743427276611
WTI Oil,tscv_16,PatchTST+NLinear,PatchTST,NLinear,2025-01-13,78.02933333333333,73.24036931991577
WTI Oil,tscv_16,PatchTST+NLinear,PatchTST,NLinear,2025-01-20,75.17753333333333,81.37868690490723
WTI Oil,tscv_16,PatchTST+NLinear,PatchTST,NLinear,2025-01-27,73.039,76.8811559677124
WTI Oil,tscv_16,PatchTST+NLinear,PatchTST,NLinear,2025-02-03,71.66098333333333,80.20365047454834
WTI Oil,tscv_16,PatchTST+NLinear,PatchTST,NLinear,2025-02-10,71.62548333333334,80.99467945098877
WTI Oil,tscv_16,PatchTST+NLinear,PatchTST,NLinear,2025-02-17,71.43208333333332,81.4836835861206
WTI Oil,tscv_16,PatchTST+NLinear,PatchTST,NLinear,2025-02-24,69.672,78.50264263153076
WTI Oil,tscv_16,PatchTST+NLinear,PatchTST,NLinear,2025-03-03,67.268,71.70721864700317
WTI Oil,tscv_16,PatchTST+NLinear,PatchTST,NLinear,2025-03-10,66.92067142857142,79.99397945404053
WTI Oil,tscv_16,PatchTST+XGB,PatchTST,XGB,2024-12-23,70.14909999999999,78.69760131835938
WTI Oil,tscv_16,PatchTST+XGB,PatchTST,XGB,2024-12-30,72.57513333333333,78.94887638092041
WTI Oil,tscv_16,PatchTST+XGB,PatchTST,XGB,2025-01-06,74.9595,79.5042610168457
WTI Oil,tscv_16,PatchTST+XGB,PatchTST,XGB,2025-01-13,78.02933333333333,78.8536467552185
WTI Oil,tscv_16,PatchTST+XGB,PatchTST,XGB,2025-01-20,75.17753333333333,78.49139642715454
WTI Oil,tscv_16,PatchTST+XGB,PatchTST,XGB,2025-01-27,73.039,79.52573585510254
WTI Oil,tscv_16,PatchTST+XGB,PatchTST,XGB,2025-02-03,71.66098333333333,80.0681471824646
WTI Oil,tscv_16,PatchTST+XGB,PatchTST,XGB,2025-02-10,71.62548333333334,80.9438648223877
WTI Oil,tscv_16,PatchTST+XGB,PatchTST,XGB,2025-02-17,71.43208333333332,81.41279792785645
WTI Oil,tscv_16,PatchTST+XGB,PatchTST,XGB,2025-02-24,69.672,80.74685001373291
WTI Oil,tscv_16,PatchTST+XGB,PatchTST,XGB,2025-03-03,67.268,80.83988666534424
WTI Oil,tscv_16,PatchTST+XGB,PatchTST,XGB,2025-03-10,66.92067142857142,79.3846583366394
WTI Oil,tscv_16,PatchTST+LGBM,PatchTST,LGBM,2024-12-23,70.14909999999999,77.58049206089802
WTI Oil,tscv_16,PatchTST+LGBM,PatchTST,LGBM,2024-12-30,72.57513333333333,77.85602855080462
WTI Oil,tscv_16,PatchTST+LGBM,PatchTST,LGBM,2025-01-06,74.9595,78.49851830239255
WTI Oil,tscv_16,PatchTST+LGBM,PatchTST,LGBM,2025-01-13,78.02933333333333,76.44383645329624
WTI Oil,tscv_16,PatchTST+LGBM,PatchTST,LGBM,2025-01-20,75.17753333333333,76.90279355105909
WTI Oil,tscv_16,PatchTST+LGBM,PatchTST,LGBM,2025-01-27,73.039,78.353149278659
WTI Oil,tscv_16,PatchTST+LGBM,PatchTST,LGBM,2025-02-03,71.66098333333333,79.69336089375825
WTI Oil,tscv_16,PatchTST+LGBM,PatchTST,LGBM,2025-02-10,71.62548333333334,80.02062630775244
WTI Oil,tscv_16,PatchTST+LGBM,PatchTST,LGBM,2025-02-17,71.43208333333332,82.29875058437523
WTI Oil,tscv_16,PatchTST+LGBM,PatchTST,LGBM,2025-02-24,69.672,82.27333494400712
WTI Oil,tscv_16,PatchTST+LGBM,PatchTST,LGBM,2025-03-03,67.268,82.46884896337738
WTI Oil,tscv_16,PatchTST+LGBM,PatchTST,LGBM,2025-03-10,66.92067142857142,82.39585967562141
WTI Oil,tscv_17,PatchTST,PatchTST,-,2025-01-20,75.17753333333333,70.17098999023438
WTI Oil,tscv_17,PatchTST,PatchTST,-,2025-01-27,73.039,70.31389617919922
WTI Oil,tscv_17,PatchTST,PatchTST,-,2025-02-03,71.66098333333333,70.29328155517578
WTI Oil,tscv_17,PatchTST,PatchTST,-,2025-02-10,71.62548333333334,70.26889038085938
WTI Oil,tscv_17,PatchTST,PatchTST,-,2025-02-17,71.43208333333332,70.32875061035156
WTI Oil,tscv_17,PatchTST,PatchTST,-,2025-02-24,69.672,70.29259490966797
WTI Oil,tscv_17,PatchTST,PatchTST,-,2025-03-03,67.268,70.02803039550781
WTI Oil,tscv_17,PatchTST,PatchTST,-,2025-03-10,66.92067142857142,70.18352508544922
WTI Oil,tscv_17,PatchTST,PatchTST,-,2025-03-17,67.67898571428572,70.04789733886719
WTI Oil,tscv_17,PatchTST,PatchTST,-,2025-03-24,69.34062857142858,70.00777435302734
WTI Oil,tscv_17,PatchTST,PatchTST,-,2025-03-31,66.51854285714286,69.98450469970703
WTI Oil,tscv_17,PatchTST,PatchTST,-,2025-04-07,60.99218571428571,70.11934661865234
WTI Oil,tscv_17,PatchTST+NLinear,PatchTST,NLinear,2025-01-20,75.17753333333333,83.02712726593018
WTI Oil,tscv_17,PatchTST+NLinear,PatchTST,NLinear,2025-01-27,73.039,83.17914485931396
WTI Oil,tscv_17,PatchTST+NLinear,PatchTST,NLinear,2025-02-03,71.66098333333333,79.96155071258545
WTI Oil,tscv_17,PatchTST+NLinear,PatchTST,NLinear,2025-02-10,71.62548333333334,81.14800262451172
WTI Oil,tscv_17,PatchTST+NLinear,PatchTST,NLinear,2025-02-17,71.43208333333332,84.25841808319092
WTI Oil,tscv_17,PatchTST+NLinear,PatchTST,NLinear,2025-02-24,69.672,79.08901786804199
WTI Oil,tscv_17,PatchTST+NLinear,PatchTST,NLinear,2025-03-03,67.268,83.12209510803223
WTI Oil,tscv_17,PatchTST+NLinear,PatchTST,NLinear,2025-03-10,66.92067142857142,79.76691341400146
WTI Oil,tscv_17,PatchTST+NLinear,PatchTST,NLinear,2025-03-17,67.67898571428572,78.1718692779541
WTI Oil,tscv_17,PatchTST+NLinear,PatchTST,NLinear,2025-03-24,69.34062857142858,77.17343091964722
WTI Oil,tscv_17,PatchTST+NLinear,PatchTST,NLinear,2025-03-31,66.51854285714286,73.75089359283447
WTI Oil,tscv_17,PatchTST+NLinear,PatchTST,NLinear,2025-04-07,60.99218571428571,79.35183334350586
WTI Oil,tscv_17,PatchTST+XGB,PatchTST,XGB,2025-01-20,75.17753333333333,80.1904935836792
WTI Oil,tscv_17,PatchTST+XGB,PatchTST,XGB,2025-01-27,73.039,78.42555046081543
WTI Oil,tscv_17,PatchTST+XGB,PatchTST,XGB,2025-02-03,71.66098333333333,76.91226530075073
WTI Oil,tscv_17,PatchTST+XGB,PatchTST,XGB,2025-02-10,71.62548333333334,77.76685380935669
WTI Oil,tscv_17,PatchTST+XGB,PatchTST,XGB,2025-02-17,71.43208333333332,77.79919147491455
WTI Oil,tscv_17,PatchTST+XGB,PatchTST,XGB,2025-02-24,69.672,77.6339521408081
WTI Oil,tscv_17,PatchTST+XGB,PatchTST,XGB,2025-03-03,67.268,77.11417484283447
WTI Oil,tscv_17,PatchTST+XGB,PatchTST,XGB,2025-03-10,66.92067142857142,75.96024799346924
WTI Oil,tscv_17,PatchTST+XGB,PatchTST,XGB,2025-03-17,67.67898571428572,74.50810194015503
WTI Oil,tscv_17,PatchTST+XGB,PatchTST,XGB,2025-03-24,69.34062857142858,71.73152899742126
WTI Oil,tscv_17,PatchTST+XGB,PatchTST,XGB,2025-03-31,66.51854285714286,73.9237368106842
WTI Oil,tscv_17,PatchTST+XGB,PatchTST,XGB,2025-04-07,60.99218571428571,75.1669864654541
WTI Oil,tscv_17,PatchTST+LGBM,PatchTST,LGBM,2025-01-20,75.17753333333333,82.21177839136308
WTI Oil,tscv_17,PatchTST+LGBM,PatchTST,LGBM,2025-01-27,73.039,80.45165768006672
WTI Oil,tscv_17,PatchTST+LGBM,PatchTST,LGBM,2025-02-03,71.66098333333333,77.7823584429095
WTI Oil,tscv_17,PatchTST+LGBM,PatchTST,LGBM,2025-02-10,71.62548333333334,79.26659665945287
WTI Oil,tscv_17,PatchTST+LGBM,PatchTST,LGBM,2025-02-17,71.43208333333332,79.66683094717858
WTI Oil,tscv_17,PatchTST+LGBM,PatchTST,LGBM,2025-02-24,69.672,79.3080009794683
WTI Oil,tscv_17,PatchTST+LGBM,PatchTST,LGBM,2025-03-03,67.268,79.52165487292415
WTI Oil,tscv_17,PatchTST+LGBM,PatchTST,LGBM,2025-03-10,66.92067142857142,79.84121498663238
WTI Oil,tscv_17,PatchTST+LGBM,PatchTST,LGBM,2025-03-17,67.67898571428572,78.3740076020621
WTI Oil,tscv_17,PatchTST+LGBM,PatchTST,LGBM,2025-03-24,69.34062857142858,78.45847062273596
WTI Oil,tscv_17,PatchTST+LGBM,PatchTST,LGBM,2025-03-31,66.51854285714286,79.73695869336466
WTI Oil,tscv_17,PatchTST+LGBM,PatchTST,LGBM,2025-04-07,60.99218571428571,79.9680996026707
WTI Oil,tscv_18,PatchTST,PatchTST,-,2025-02-17,71.43208333333332,69.38182067871094
WTI Oil,tscv_18,PatchTST,PatchTST,-,2025-02-24,69.672,69.57675170898438
WTI Oil,tscv_18,PatchTST,PatchTST,-,2025-03-03,67.268,69.37989807128906
WTI Oil,tscv_18,PatchTST,PatchTST,-,2025-03-10,66.92067142857142,69.24462890625
WTI Oil,tscv_18,PatchTST,PatchTST,-,2025-03-17,67.67898571428572,69.3082504272461
WTI Oil,tscv_18,PatchTST,PatchTST,-,2025-03-24,69.34062857142858,69.32749938964844
WTI Oil,tscv_18,PatchTST,PatchTST,-,2025-03-31,66.51854285714286,69.15657806396484
WTI Oil,tscv_18,PatchTST,PatchTST,-,2025-04-07,60.99218571428571,69.3219985961914
WTI Oil,tscv_18,PatchTST,PatchTST,-,2025-04-14,63.110200000000006,69.3228530883789
WTI Oil,tscv_18,PatchTST,PatchTST,-,2025-04-21,62.90477142857143,69.55219268798828
WTI Oil,tscv_18,PatchTST,PatchTST,-,2025-04-28,58.91098571428571,69.20559692382812
WTI Oil,tscv_18,PatchTST,PatchTST,-,2025-05-05,59.65278571428571,69.3644027709961
WTI Oil,tscv_18,PatchTST+NLinear,PatchTST,NLinear,2025-02-17,71.43208333333332,76.37594413757324
WTI Oil,tscv_18,PatchTST+NLinear,PatchTST,NLinear,2025-02-24,69.672,78.76695919036865
WTI Oil,tscv_18,PatchTST+NLinear,PatchTST,NLinear,2025-03-03,67.268,75.20133590698242
WTI Oil,tscv_18,PatchTST+NLinear,PatchTST,NLinear,2025-03-10,66.92067142857142,76.52031230926514
WTI Oil,tscv_18,PatchTST+NLinear,PatchTST,NLinear,2025-03-17,67.67898571428572,76.87539100646973
WTI Oil,tscv_18,PatchTST+NLinear,PatchTST,NLinear,2025-03-24,69.34062857142858,76.66650915145874
WTI Oil,tscv_18,PatchTST+NLinear,PatchTST,NLinear,2025-03-31,66.51854285714286,78.41034698486328
WTI Oil,tscv_18,PatchTST+NLinear,PatchTST,NLinear,2025-04-07,60.99218571428571,78.50442695617676
WTI Oil,tscv_18,PatchTST+NLinear,PatchTST,NLinear,2025-04-14,63.110200000000006,77.3683032989502
WTI Oil,tscv_18,PatchTST+NLinear,PatchTST,NLinear,2025-04-21,62.90477142857143,73.31516075134277
WTI Oil,tscv_18,PatchTST+NLinear,PatchTST,NLinear,2025-04-28,58.91098571428571,76.84194850921631
WTI Oil,tscv_18,PatchTST+NLinear,PatchTST,NLinear,2025-05-05,59.65278571428571,76.94799709320068
WTI Oil,tscv_18,PatchTST+XGB,PatchTST,XGB,2025-02-17,71.43208333333332,77.61034965515137
WTI Oil,tscv_18,PatchTST+XGB,PatchTST,XGB,2025-02-24,69.672,75.96708154678345
WTI Oil,tscv_18,PatchTST+XGB,PatchTST,XGB,2025-03-03,67.268,73.47392749786377
WTI Oil,tscv_18,PatchTST+XGB,PatchTST,XGB,2025-03-10,66.92067142857142,72.76937174797058
WTI Oil,tscv_18,PatchTST+XGB,PatchTST,XGB,2025-03-17,67.67898571428572,71.8767921924591
WTI Oil,tscv_18,PatchTST+XGB,PatchTST,XGB,2025-03-24,69.34062857142858,72.41848373413086
WTI Oil,tscv_18,PatchTST+XGB,PatchTST,XGB,2025-03-31,66.51854285714286,72.19007515907288
WTI Oil,tscv_18,PatchTST+XGB,PatchTST,XGB,2025-04-07,60.99218571428571,72.24156188964844
WTI Oil,tscv_18,PatchTST+XGB,PatchTST,XGB,2025-04-14,63.110200000000006,72.63749957084656
WTI Oil,tscv_18,PatchTST+XGB,PatchTST,XGB,2025-04-21,62.90477142857143,74.01336240768433
WTI Oil,tscv_18,PatchTST+XGB,PatchTST,XGB,2025-04-28,58.91098571428571,73.06554245948792
WTI Oil,tscv_18,PatchTST+XGB,PatchTST,XGB,2025-05-05,59.65278571428571,72.6032612323761
WTI Oil,tscv_18,PatchTST+LGBM,PatchTST,LGBM,2025-02-17,71.43208333333332,80.28662033680254
WTI Oil,tscv_18,PatchTST+LGBM,PatchTST,LGBM,2025-02-24,69.672,78.78199149420391
WTI Oil,tscv_18,PatchTST+LGBM,PatchTST,LGBM,2025-03-03,67.268,78.25092429074608
WTI Oil,tscv_18,PatchTST+LGBM,PatchTST,LGBM,2025-03-10,66.92067142857142,74.53077121526724
WTI Oil,tscv_18,PatchTST+LGBM,PatchTST,LGBM,2025-03-17,67.67898571428572,74.14628270687406
WTI Oil,tscv_18,PatchTST+LGBM,PatchTST,LGBM,2025-03-24,69.34062857142858,74.25025835386448
WTI Oil,tscv_18,PatchTST+LGBM,PatchTST,LGBM,2025-03-31,66.51854285714286,72.81113638630359
WTI Oil,tscv_18,PatchTST+LGBM,PatchTST,LGBM,2025-04-07,60.99218571428571,71.21071313994139
WTI Oil,tscv_18,PatchTST+LGBM,PatchTST,LGBM,2025-04-14,63.110200000000006,70.71548185566674
WTI Oil,tscv_18,PatchTST+LGBM,PatchTST,LGBM,2025-04-21,62.90477142857143,70.77807553361745
WTI Oil,tscv_18,PatchTST+LGBM,PatchTST,LGBM,2025-04-28,58.91098571428571,70.59812558083007
WTI Oil,tscv_18,PatchTST+LGBM,PatchTST,LGBM,2025-05-05,59.65278571428571,71.0687940112785
WTI Oil,tscv_19,PatchTST,PatchTST,-,2025-03-17,67.67898571428572,65.97087097167969
WTI Oil,tscv_19,PatchTST,PatchTST,-,2025-03-24,69.34062857142858,65.92012786865234
WTI Oil,tscv_19,PatchTST,PatchTST,-,2025-03-31,66.51854285714286,65.89041900634766
WTI Oil,tscv_19,PatchTST,PatchTST,-,2025-04-07,60.99218571428571,66.00286102294922
WTI Oil,tscv_19,PatchTST,PatchTST,-,2025-04-14,63.110200000000006,65.91693115234375
WTI Oil,tscv_19,PatchTST,PatchTST,-,2025-04-21,62.90477142857143,65.99254608154297
WTI Oil,tscv_19,PatchTST,PatchTST,-,2025-04-28,58.91098571428571,65.93476867675781
WTI Oil,tscv_19,PatchTST,PatchTST,-,2025-05-05,59.65278571428571,66.07772064208984
WTI Oil,tscv_19,PatchTST,PatchTST,-,2025-05-12,62.43055714285714,65.77862548828125
WTI Oil,tscv_19,PatchTST,PatchTST,-,2025-05-19,61.70574285714286,66.00592041015625
WTI Oil,tscv_19,PatchTST,PatchTST,-,2025-05-26,61.30504285714286,66.08806610107422
WTI Oil,tscv_19,PatchTST,PatchTST,-,2025-06-02,63.695057142857145,65.89620971679688
WTI Oil,tscv_19,PatchTST+NLinear,PatchTST,NLinear,2025-03-17,67.67898571428572,69.48043727874756
WTI Oil,tscv_19,PatchTST+NLinear,PatchTST,NLinear,2025-03-24,69.34062857142858,71.36636257171631
WTI Oil,tscv_19,PatchTST+NLinear,PatchTST,NLinear,2025-03-31,66.51854285714286,71.86720085144043
WTI Oil,tscv_19,PatchTST+NLinear,PatchTST,NLinear,2025-04-07,60.99218571428571,73.75493812561035
WTI Oil,tscv_19,PatchTST+NLinear,PatchTST,NLinear,2025-04-14,63.110200000000006,74.360182762146
WTI Oil,tscv_19,PatchTST+NLinear,PatchTST,NLinear,2025-04-21,62.90477142857143,73.43244361877441
WTI Oil,tscv_19,PatchTST+NLinear,PatchTST,NLinear,2025-04-28,58.91098571428571,72.81121921539307
WTI Oil,tscv_19,PatchTST+NLinear,PatchTST,NLinear,2025-05-05,59.65278571428571,71.82973957061768
WTI Oil,tscv_19,PatchTST+NLinear,PatchTST,NLinear,2025-05-12,62.43055714285714,69.96643686294556
WTI Oil,tscv_19,PatchTST+NLinear,PatchTST,NLinear,2025-05-19,61.70574285714286,68.22643280029297
WTI Oil,tscv_19,PatchTST+NLinear,PatchTST,NLinear,2025-05-26,61.30504285714286,67.22191953659058
WTI Oil,tscv_19,PatchTST+NLinear,PatchTST,NLinear,2025-06-02,63.695057142857145,68.5372486114502
WTI Oil,tscv_19,PatchTST+XGB,PatchTST,XGB,2025-03-17,67.67898571428572,69.01714253425598
WTI Oil,tscv_19,PatchTST+XGB,PatchTST,XGB,2025-03-24,69.34062857142858,68.042635679245
WTI Oil,tscv_19,PatchTST+XGB,PatchTST,XGB,2025-03-31,66.51854285714286,70.27014493942261
WTI Oil,tscv_19,PatchTST+XGB,PatchTST,XGB,2025-04-07,60.99218571428571,71.65403413772583
WTI Oil,tscv_19,PatchTST+XGB,PatchTST,XGB,2025-04-14,63.110200000000006,70.89919328689575
WTI Oil,tscv_19,PatchTST+XGB,PatchTST,XGB,2025-04-21,62.90477142857143,71.29445314407349
WTI Oil,tscv_19,PatchTST+XGB,PatchTST,XGB,2025-04-28,58.91098571428571,70.5563645362854
WTI Oil,tscv_19,PatchTST+XGB,PatchTST,XGB,2025-05-05,59.65278571428571,71.21220588684082
WTI Oil,tscv_19,PatchTST+XGB,PatchTST,XGB,2025-05-12,62.43055714285714,71.34673976898193
WTI Oil,tscv_19,PatchTST+XGB,PatchTST,XGB,2025-05-19,61.70574285714286,71.13472700119019
WTI Oil,tscv_19,PatchTST+XGB,PatchTST,XGB,2025-05-26,61.30504285714286,69.67936754226685
WTI Oil,tscv_19,PatchTST+XGB,PatchTST,XGB,2025-06-02,63.695057142857145,68.04758882522583
WTI Oil,tscv_19,PatchTST+LGBM,PatchTST,LGBM,2025-03-17,67.67898571428572,69.69810195164129
WTI Oil,tscv_19,PatchTST+LGBM,PatchTST,LGBM,2025-03-24,69.34062857142858,69.75361889956224
WTI Oil,tscv_19,PatchTST+LGBM,PatchTST,LGBM,2025-03-31,66.51854285714286,70.98279716858734
WTI Oil,tscv_19,PatchTST+LGBM,PatchTST,LGBM,2025-04-07,60.99218571428571,70.59082673089725
WTI Oil,tscv_19,PatchTST+LGBM,PatchTST,LGBM,2025-04-14,63.110200000000006,67.68439875657239
WTI Oil,tscv_19,PatchTST+LGBM,PatchTST,LGBM,2025-04-21,62.90477142857143,68.32927065118638
WTI Oil,tscv_19,PatchTST+LGBM,PatchTST,LGBM,2025-04-28,58.91098571428571,66.91503740244629
WTI Oil,tscv_19,PatchTST+LGBM,PatchTST,LGBM,2025-05-05,59.65278571428571,68.86501935867798
WTI Oil,tscv_19,PatchTST+LGBM,PatchTST,LGBM,2025-05-12,62.43055714285714,69.36392196460461
WTI Oil,tscv_19,PatchTST+LGBM,PatchTST,LGBM,2025-05-19,61.70574285714286,69.48402176430132
WTI Oil,tscv_19,PatchTST+LGBM,PatchTST,LGBM,2025-05-26,61.30504285714286,69.49117845075185
WTI Oil,tscv_19,PatchTST+LGBM,PatchTST,LGBM,2025-06-02,63.695057142857145,67.64290987187178
WTI Oil,tscv_20,PatchTST,PatchTST,-,2025-04-14,63.110200000000006,65.27079010009766
WTI Oil,tscv_20,PatchTST,PatchTST,-,2025-04-21,62.90477142857143,65.43474578857422
WTI Oil,tscv_20,PatchTST,PatchTST,-,2025-04-28,58.91098571428571,65.46720123291016
WTI Oil,tscv_20,PatchTST,PatchTST,-,2025-05-05,59.65278571428571,65.5656967163086
WTI Oil,tscv_20,PatchTST,PatchTST,-,2025-05-12,62.43055714285714,65.47361755371094
WTI Oil,tscv_20,PatchTST,PatchTST,-,2025-05-19,61.70574285714286,65.57975769042969
WTI Oil,tscv_20,PatchTST,PatchTST,-,2025-05-26,61.30504285714286,65.75431060791016
WTI Oil,tscv_20,PatchTST,PatchTST,-,2025-06-02,63.695057142857145,65.71411895751953
WTI Oil,tscv_20,PatchTST,PatchTST,-,2025-06-09,69.44467142857143,65.7444839477539
WTI Oil,tscv_20,PatchTST,PatchTST,-,2025-06-16,73.40957142857143,65.73831939697266
WTI Oil,tscv_20,PatchTST,PatchTST,-,2025-06-23,65.62223333333334,65.67461395263672
WTI Oil,tscv_20,PatchTST,PatchTST,-,2025-06-30,66.21095000000001,65.81918334960938
WTI Oil,tscv_20,PatchTST+NLinear,PatchTST,NLinear,2025-04-14,63.110200000000006,68.86687231063843
WTI Oil,tscv_20,PatchTST+NLinear,PatchTST,NLinear,2025-04-21,62.90477142857143,65.49331676959991
WTI Oil,tscv_20,PatchTST+NLinear,PatchTST,NLinear,2025-04-28,58.91098571428571,68.80661630630493
WTI Oil,tscv_20,PatchTST+NLinear,PatchTST,NLinear,2025-05-05,59.65278571428571,68.39652585983276
WTI Oil,tscv_20,PatchTST+NLinear,PatchTST,NLinear,2025-05-12,62.43055714285714,68.00243091583252
WTI Oil,tscv_20,PatchTST+NLinear,PatchTST,NLinear,2025-05-19,61.70574285714286,68.83793067932129
WTI Oil,tscv_20,PatchTST+NLinear,PatchTST,NLinear,2025-05-26,61.30504285714286,69.48646211624146
WTI Oil,tscv_20,PatchTST+NLinear,PatchTST,NLinear,2025-06-02,63.695057142857145,75.34769916534424
WTI Oil,tscv_20,PatchTST+NLinear,PatchTST,NLinear,2025-06-09,69.44467142857143,73.06775951385498
WTI Oil,tscv_20,PatchTST+NLinear,PatchTST,NLinear,2025-06-16,73.40957142857143,72.74109268188477
WTI Oil,tscv_20,PatchTST+NLinear,PatchTST,NLinear,2025-06-23,65.62223333333334,74.92431640625
WTI Oil,tscv_20,PatchTST+NLinear,PatchTST,NLinear,2025-06-30,66.21095000000001,72.90212631225586
WTI Oil,tscv_20,PatchTST+XGB,PatchTST,XGB,2025-04-14,63.110200000000006,70.3523907661438
WTI Oil,tscv_20,PatchTST+XGB,PatchTST,XGB,2025-04-21,62.90477142857143,70.66299295425415
WTI Oil,tscv_20,PatchTST+XGB,PatchTST,XGB,2025-04-28,58.91098571428571,71.00588703155518
WTI Oil,tscv_20,PatchTST+XGB,PatchTST,XGB,2025-05-05,59.65278571428571,71.74131631851196
WTI Oil,tscv_20,PatchTST+XGB,PatchTST,XGB,2025-05-12,62.43055714285714,71.31553363800049
WTI Oil,tscv_20,PatchTST+XGB,PatchTST,XGB,2025-05-19,61.70574285714286,71.3070936203003
WTI Oil,tscv_20,PatchTST+XGB,PatchTST,XGB,2025-05-26,61.30504285714286,70.40261316299438
WTI Oil,tscv_20,PatchTST+XGB,PatchTST,XGB,2025-06-02,63.695057142857145,70.14845275878906
WTI Oil,tscv_20,PatchTST+XGB,PatchTST,XGB,2025-06-09,69.44467142857143,70.51006364822388
WTI Oil,tscv_20,PatchTST+XGB,PatchTST,XGB,2025-06-16,73.40957142857143,69.92721939086914
WTI Oil,tscv_20,PatchTST+XGB,PatchTST,XGB,2025-06-23,65.62223333333334,71.52309799194336
WTI Oil,tscv_20,PatchTST+XGB,PatchTST,XGB,2025-06-30,66.21095000000001,70.42602205276489
WTI Oil,tscv_20,PatchTST+LGBM,PatchTST,LGBM,2025-04-14,63.110200000000006,69.17682302992036
WTI Oil,tscv_20,PatchTST+LGBM,PatchTST,LGBM,2025-04-21,62.90477142857143,69.0277763395614
WTI Oil,tscv_20,PatchTST+LGBM,PatchTST,LGBM,2025-04-28,58.91098571428571,69.03434292610592
WTI Oil,tscv_20,PatchTST+LGBM,PatchTST,LGBM,2025-05-05,59.65278571428571,71.01453658297969
WTI Oil,tscv_20,PatchTST+LGBM,PatchTST,LGBM,2025-05-12,62.43055714285714,71.5343184398325
WTI Oil,tscv_20,PatchTST+LGBM,PatchTST,LGBM,2025-05-19,61.70574285714286,71.98517153144762
WTI Oil,tscv_20,PatchTST+LGBM,PatchTST,LGBM,2025-05-26,61.30504285714286,69.1161317013264
WTI Oil,tscv_20,PatchTST+LGBM,PatchTST,LGBM,2025-06-02,63.695057142857145,69.23782390733908
WTI Oil,tscv_20,PatchTST+LGBM,PatchTST,LGBM,2025-06-09,69.44467142857143,67.76058644869875
WTI Oil,tscv_20,PatchTST+LGBM,PatchTST,LGBM,2025-06-16,73.40957142857143,70.50331271920075
WTI Oil,tscv_20,PatchTST+LGBM,PatchTST,LGBM,2025-06-23,65.62223333333334,69.59611561405768
WTI Oil,tscv_20,PatchTST+LGBM,PatchTST,LGBM,2025-06-30,66.21095000000001,69.75360757705884
WTI Oil,tscv_21,PatchTST,PatchTST,-,2025-05-12,62.43055714285714,58.51056671142578
WTI Oil,tscv_21,PatchTST,PatchTST,-,2025-05-19,61.70574285714286,58.579254150390625
WTI Oil,tscv_21,PatchTST,PatchTST,-,2025-05-26,61.30504285714286,58.755733489990234
WTI Oil,tscv_21,PatchTST,PatchTST,-,2025-06-02,63.695057142857145,58.83842468261719
WTI Oil,tscv_21,PatchTST,PatchTST,-,2025-06-09,69.44467142857143,58.874244689941406
WTI Oil,tscv_21,PatchTST,PatchTST,-,2025-06-16,73.40957142857143,59.21698760986328
WTI Oil,tscv_21,PatchTST,PatchTST,-,2025-06-23,65.62223333333334,59.42416000366211
WTI Oil,tscv_21,PatchTST,PatchTST,-,2025-06-30,66.21095000000001,59.46915054321289
WTI Oil,tscv_21,PatchTST,PatchTST,-,2025-07-07,68.04521666666666,59.60657501220703
WTI Oil,tscv_21,PatchTST,PatchTST,-,2025-07-14,66.42243333333333,59.640045166015625
WTI Oil,tscv_21,PatchTST,PatchTST,-,2025-07-21,65.51323333333333,59.804813385009766
WTI Oil,tscv_21,PatchTST,PatchTST,-,2025-07-28,68.28096666666666,59.873146057128906
WTI Oil,tscv_21,PatchTST+NLinear,PatchTST,NLinear,2025-05-12,62.43055714285714,53.512681007385254
WTI Oil,tscv_21,PatchTST+NLinear,PatchTST,NLinear,2025-05-19,61.70574285714286,52.0681357383728
WTI Oil,tscv_21,PatchTST+NLinear,PatchTST,NLinear,2025-05-26,61.30504285714286,58.23055934906006
WTI Oil,tscv_21,PatchTST+NLinear,PatchTST,NLinear,2025-06-02,63.695057142857145,62.6670503616333
WTI Oil,tscv_21,PatchTST+NLinear,PatchTST,NLinear,2025-06-09,69.44467142857143,63.185194969177246
WTI Oil,tscv_21,PatchTST+NLinear,PatchTST,NLinear,2025-06-16,73.40957142857143,62.262372970581055
WTI Oil,tscv_21,PatchTST+NLinear,PatchTST,NLinear,2025-06-23,65.62223333333334,64.56112384796143
WTI Oil,tscv_21,PatchTST+NLinear,PatchTST,NLinear,2025-06-30,66.21095000000001,65.4194164276123
WTI Oil,tscv_21,PatchTST+NLinear,PatchTST,NLinear,2025-07-07,68.04521666666666,61.00149154663086
WTI Oil,tscv_21,PatchTST+NLinear,PatchTST,NLinear,2025-07-14,66.42243333333333,63.12303829193115
WTI Oil,tscv_21,PatchTST+NLinear,PatchTST,NLinear,2025-07-21,65.51323333333333,62.92381191253662
WTI Oil,tscv_21,PatchTST+NLinear,PatchTST,NLinear,2025-07-28,68.28096666666666,56.56867456436157
WTI Oil,tscv_21,PatchTST+XGB,PatchTST,XGB,2025-05-12,62.43055714285714,62.4482057094574
WTI Oil,tscv_21,PatchTST+XGB,PatchTST,XGB,2025-05-19,61.70574285714286,61.52487897872925
WTI Oil,tscv_21,PatchTST+XGB,PatchTST,XGB,2025-05-26,61.30504285714286,60.92229986190796
WTI Oil,tscv_21,PatchTST+XGB,PatchTST,XGB,2025-06-02,63.695057142857145,60.4177622795105
WTI Oil,tscv_21,PatchTST+XGB,PatchTST,XGB,2025-06-09,69.44467142857143,61.90198850631714
WTI Oil,tscv_21,PatchTST+XGB,PatchTST,XGB,2025-06-16,73.40957142857143,60.59759712219238
WTI Oil,tscv_21,PatchTST+XGB,PatchTST,XGB,2025-06-23,65.62223333333334,61.311827063560486
WTI Oil,tscv_21,PatchTST+XGB,PatchTST,XGB,2025-06-30,66.21095000000001,59.75721690058708
WTI Oil,tscv_21,PatchTST+XGB,PatchTST,XGB,2025-07-07,68.04521666666666,58.84495431184769
WTI Oil,tscv_21,PatchTST+XGB,PatchTST,XGB,2025-07-14,66.42243333333333,60.538267374038696
WTI Oil,tscv_21,PatchTST+XGB,PatchTST,XGB,2025-07-21,65.51323333333333,61.3426456451416
WTI Oil,tscv_21,PatchTST+XGB,PatchTST,XGB,2025-07-28,68.28096666666666,61.96265363693237
WTI Oil,tscv_21,PatchTST+LGBM,PatchTST,LGBM,2025-05-12,62.43055714285714,60.77027613210799
WTI Oil,tscv_21,PatchTST+LGBM,PatchTST,LGBM,2025-05-19,61.70574285714286,61.08451039190494
WTI Oil,tscv_21,PatchTST+LGBM,PatchTST,LGBM,2025-05-26,61.30504285714286,59.40487946960012
WTI Oil,tscv_21,PatchTST+LGBM,PatchTST,LGBM,2025-06-02,63.695057142857145,58.733959336457126
WTI Oil,tscv_21,PatchTST+LGBM,PatchTST,LGBM,2025-06-09,69.44467142857143,57.950537811907026
WTI Oil,tscv_21,PatchTST+LGBM,PatchTST,LGBM,2025-06-16,73.40957142857143,61.202417818106674
WTI Oil,tscv_21,PatchTST+LGBM,PatchTST,LGBM,2025-06-23,65.62223333333334,60.394906831234195
WTI Oil,tscv_21,PatchTST+LGBM,PatchTST,LGBM,2025-06-30,66.21095000000001,59.61689352536152
WTI Oil,tscv_21,PatchTST+LGBM,PatchTST,LGBM,2025-07-07,68.04521666666666,60.05199149353707
WTI Oil,tscv_21,PatchTST+LGBM,PatchTST,LGBM,2025-07-14,66.42243333333333,60.07543603369992
WTI Oil,tscv_21,PatchTST+LGBM,PatchTST,LGBM,2025-07-21,65.51323333333333,62.446506911019426
WTI Oil,tscv_21,PatchTST+LGBM,PatchTST,LGBM,2025-07-28,68.28096666666666,61.46051507725458
WTI Oil,tscv_22,PatchTST,PatchTST,-,2025-06-09,69.44467142857143,61.229156494140625
WTI Oil,tscv_22,PatchTST,PatchTST,-,2025-06-16,73.40957142857143,61.48391342163086
WTI Oil,tscv_22,PatchTST,PatchTST,-,2025-06-23,65.62223333333334,61.36814880371094
WTI Oil,tscv_22,PatchTST,PatchTST,-,2025-06-30,66.21095000000001,61.78602600097656
WTI Oil,tscv_22,PatchTST,PatchTST,-,2025-07-07,68.04521666666666,61.870235443115234
WTI Oil,tscv_22,PatchTST,PatchTST,-,2025-07-14,66.42243333333333,61.883583068847656
WTI Oil,tscv_22,PatchTST,PatchTST,-,2025-07-21,65.51323333333333,62.076663970947266
WTI Oil,tscv_22,PatchTST,PatchTST,-,2025-07-28,68.28096666666666,62.249874114990234
WTI Oil,tscv_22,PatchTST,PatchTST,-,2025-08-04,64.51431666666666,61.98603820800781
WTI Oil,tscv_22,PatchTST,PatchTST,-,2025-08-11,63.105133333333335,62.336273193359375
WTI Oil,tscv_22,PatchTST,PatchTST,-,2025-08-18,63.0272,62.42909622192383
WTI Oil,tscv_22,PatchTST,PatchTST,-,2025-08-25,64.09881666666666,62.50443649291992
WTI Oil,tscv_22,PatchTST+NLinear,PatchTST,NLinear,2025-06-09,69.44467142857143,65.96324872970581
WTI Oil,tscv_22,PatchTST+NLinear,PatchTST,NLinear,2025-06-16,73.40957142857143,64.91889548301697
WTI Oil,tscv_22,PatchTST+NLinear,PatchTST,NLinear,2025-06-23,65.62223333333334,66.81155109405518
WTI Oil,tscv_22,PatchTST+NLinear,PatchTST,NLinear,2025-06-30,66.21095000000001,67.51973056793213
WTI Oil,tscv_22,PatchTST+NLinear,PatchTST,NLinear,2025-07-07,68.04521666666666,66.76095390319824
WTI Oil,tscv_22,PatchTST+NLinear,PatchTST,NLinear,2025-07-14,66.42243333333333,67.85850620269775
WTI Oil,tscv_22,PatchTST+NLinear,PatchTST,NLinear,2025-07-21,65.51323333333333,66.10384464263916
WTI Oil,tscv_22,PatchTST+NLinear,PatchTST,NLinear,2025-07-28,68.28096666666666,65.21299314498901
WTI Oil,tscv_22,PatchTST+NLinear,PatchTST,NLinear,2025-08-04,64.51431666666666,64.68626976013184
WTI Oil,tscv_22,PatchTST+NLinear,PatchTST,NLinear,2025-08-11,63.105133333333335,65.79270243644714
WTI Oil,tscv_22,PatchTST+NLinear,PatchTST,NLinear,2025-08-18,63.0272,63.093382358551025
WTI Oil,tscv_22,PatchTST+NLinear,PatchTST,NLinear,2025-08-25,64.09881666666666,63.751680850982666
WTI Oil,tscv_22,PatchTST+XGB,PatchTST,XGB,2025-06-09,69.44467142857143,63.49551773071289
WTI Oil,tscv_22,PatchTST+XGB,PatchTST,XGB,2025-06-16,73.40957142857143,63.368165493011475
WTI Oil,tscv_22,PatchTST+XGB,PatchTST,XGB,2025-06-23,65.62223333333334,65.12547945976257
WTI Oil,tscv_22,PatchTST+XGB,PatchTST,XGB,2025-06-30,66.21095000000001,62.30095446109772
WTI Oil,tscv_22,PatchTST+XGB,PatchTST,XGB,2025-07-07,68.04521666666666,63.65444314479828
WTI Oil,tscv_22,PatchTST+XGB,PatchTST,XGB,2025-07-14,66.42243333333333,63.88644814491272
WTI Oil,tscv_22,PatchTST+XGB,PatchTST,XGB,2025-07-21,65.51323333333333,64.76865696907043
WTI Oil,tscv_22,PatchTST+XGB,PatchTST,XGB,2025-07-28,68.28096666666666,65.45862460136414
WTI Oil,tscv_22,PatchTST+XGB,PatchTST,XGB,2025-08-04,64.51431666666666,66.01520729064941
WTI Oil,tscv_22,PatchTST+XGB,PatchTST,XGB,2025-08-11,63.105133333333335,66.54069328308105
WTI Oil,tscv_22,PatchTST+XGB,PatchTST,XGB,2025-08-18,63.0272,66.09803342819214
WTI Oil,tscv_22,PatchTST+XGB,PatchTST,XGB,2025-08-25,64.09881666666666,66.2695734500885
WTI Oil,tscv_22,PatchTST+LGBM,PatchTST,LGBM,2025-06-09,69.44467142857143,62.88659138135468
WTI Oil,tscv_22,PatchTST+LGBM,PatchTST,LGBM,2025-06-16,73.40957142857143,63.819855062361356
WTI Oil,tscv_22,PatchTST+LGBM,PatchTST,LGBM,2025-06-23,65.62223333333334,63.536137126363776
WTI Oil,tscv_22,PatchTST+LGBM,PatchTST,LGBM,2025-06-30,66.21095000000001,63.408527423492714
WTI Oil,tscv_22,PatchTST+LGBM,PatchTST,LGBM,2025-07-07,68.04521666666666,64.26889419015104
WTI Oil,tscv_22,PatchTST+LGBM,PatchTST,LGBM,2025-07-14,66.42243333333333,62.30741532753148
WTI Oil,tscv_22,PatchTST+LGBM,PatchTST,LGBM,2025-07-21,65.51323333333333,63.388796124733005
WTI Oil,tscv_22,PatchTST+LGBM,PatchTST,LGBM,2025-07-28,68.28096666666666,64.71129857191164
WTI Oil,tscv_22,PatchTST+LGBM,PatchTST,LGBM,2025-08-04,64.51431666666666,65.30806502141787
WTI Oil,tscv_22,PatchTST+LGBM,PatchTST,LGBM,2025-08-11,63.105133333333335,66.88133231473836
WTI Oil,tscv_22,PatchTST+LGBM,PatchTST,LGBM,2025-08-18,63.0272,65.88662433537318
WTI Oil,tscv_22,PatchTST+LGBM,PatchTST,LGBM,2025-08-25,64.09881666666666,65.21512736632329
WTI Oil,tscv_23,PatchTST,PatchTST,-,2025-07-07,68.04521666666666,58.847633361816406
WTI Oil,tscv_23,PatchTST,PatchTST,-,2025-07-14,66.42243333333333,59.092506408691406
WTI Oil,tscv_23,PatchTST,PatchTST,-,2025-07-21,65.51323333333333,59.54085159301758
WTI Oil,tscv_23,PatchTST,PatchTST,-,2025-07-28,68.28096666666666,59.16620635986328
WTI Oil,tscv_23,PatchTST,PatchTST,-,2025-08-04,64.51431666666666,59.61915969848633
WTI Oil,tscv_23,PatchTST,PatchTST,-,2025-08-11,63.105133333333335,59.586875915527344
WTI Oil,tscv_23,PatchTST,PatchTST,-,2025-08-18,63.0272,59.6115837097168
WTI Oil,tscv_23,PatchTST,PatchTST,-,2025-08-25,64.09881666666666,59.906288146972656
WTI Oil,tscv_23,PatchTST,PatchTST,-,2025-09-01,63.69885,60.26478958129883
WTI Oil,tscv_23,PatchTST,PatchTST,-,2025-09-08,62.788466666666665,60.17243576049805
WTI Oil,tscv_23,PatchTST,PatchTST,-,2025-09-15,63.33338333333333,60.7048225402832
WTI Oil,tscv_23,PatchTST,PatchTST,-,2025-09-22,64.44023333333332,60.37340545654297
WTI Oil,tscv_23,PatchTST+NLinear,PatchTST,NLinear,2025-07-07,68.04521666666666,59.90213322639465
WTI Oil,tscv_23,PatchTST+NLinear,PatchTST,NLinear,2025-07-14,66.42243333333333,56.22586441040039
WTI Oil,tscv_23,PatchTST+NLinear,PatchTST,NLinear,2025-07-21,65.51323333333333,57.64122140407562
WTI Oil,tscv_23,PatchTST+NLinear,PatchTST,NLinear,2025-07-28,68.28096666666666,54.58676862716675
WTI Oil,tscv_23,PatchTST+NLinear,PatchTST,NLinear,2025-08-04,64.51431666666666,53.36224365234375
WTI Oil,tscv_23,PatchTST+NLinear,PatchTST,NLinear,2025-08-11,63.105133333333335,53.80424118041992
WTI Oil,tscv_23,PatchTST+NLinear,PatchTST,NLinear,2025-08-18,63.0272,52.15543746948242
WTI Oil,tscv_23,PatchTST+NLinear,PatchTST,NLinear,2025-08-25,64.09881666666666,55.28314781188965
WTI Oil,tscv_23,PatchTST+NLinear,PatchTST,NLinear,2025-09-01,63.69885,55.50344467163086
WTI Oil,tscv_23,PatchTST+NLinear,PatchTST,NLinear,2025-09-08,62.788466666666665,56.80293607711792
WTI Oil,tscv_23,PatchTST+NLinear,PatchTST,NLinear,2025-09-15,63.33338333333333,57.79254746437073
WTI Oil,tscv_23,PatchTST+NLinear,PatchTST,NLinear,2025-09-22,64.44023333333332,59.84366101026535
WTI Oil,tscv_23,PatchTST+XGB,PatchTST,XGB,2025-07-07,68.04521666666666,57.2475163936615
WTI Oil,tscv_23,PatchTST+XGB,PatchTST,XGB,2025-07-14,66.42243333333333,56.803829193115234
WTI Oil,tscv_23,PatchTST+XGB,PatchTST,XGB,2025-07-21,65.51323333333333,57.05447268486023
WTI Oil,tscv_23,PatchTST+XGB,PatchTST,XGB,2025-07-28,68.28096666666666,55.304786920547485
WTI Oil,tscv_23,PatchTST+XGB,PatchTST,XGB,2025-08-04,64.51431666666666,55.982364892959595
WTI Oil,tscv_23,PatchTST+XGB,PatchTST,XGB,2025-08-11,63.105133333333335,55.97376489639282
WTI Oil,tscv_23,PatchTST+XGB,PatchTST,XGB,2025-08-18,63.0272,56.830567836761475
WTI Oil,tscv_23,PatchTST+XGB,PatchTST,XGB,2025-08-25,64.09881666666666,58.09418606758118
WTI Oil,tscv_23,PatchTST+XGB,PatchTST,XGB,2025-09-01,63.69885,59.643319487571716
WTI Oil,tscv_23,PatchTST+XGB,PatchTST,XGB,2025-09-08,62.788466666666665,60.55582547187805
WTI Oil,tscv_23,PatchTST+XGB,PatchTST,XGB,2025-09-15,63.33338333333333,61.465357065200806
WTI Oil,tscv_23,PatchTST+XGB,PatchTST,XGB,2025-09-22,64.44023333333332,61.11445218324661
WTI Oil,tscv_23,PatchTST+LGBM,PatchTST,LGBM,2025-07-07,68.04521666666666,57.27063358354057
WTI Oil,tscv_23,PatchTST+LGBM,PatchTST,LGBM,2025-07-14,66.42243333333333,58.26844191918831
WTI Oil,tscv_23,PatchTST+LGBM,PatchTST,LGBM,2025-07-21,65.51323333333333,57.454198179679395
WTI Oil,tscv_23,PatchTST+LGBM,PatchTST,LGBM,2025-07-28,68.28096666666666,55.102771648689256
WTI Oil,tscv_23,PatchTST+LGBM,PatchTST,LGBM,2025-08-04,64.51431666666666,57.95925644576475
WTI Oil,tscv_23,PatchTST+LGBM,PatchTST,LGBM,2025-08-11,63.105133333333335,57.059607291258736
WTI Oil,tscv_23,PatchTST+LGBM,PatchTST,LGBM,2025-08-18,63.0272,56.05158306077957
WTI Oil,tscv_23,PatchTST+LGBM,PatchTST,LGBM,2025-08-25,64.09881666666666,54.31333531229552
WTI Oil,tscv_23,PatchTST+LGBM,PatchTST,LGBM,2025-09-01,63.69885,59.61405392349546
WTI Oil,tscv_23,PatchTST+LGBM,PatchTST,LGBM,2025-09-08,62.788466666666665,58.43600415686112
WTI Oil,tscv_23,PatchTST+LGBM,PatchTST,LGBM,2025-09-15,63.33338333333333,60.872810209217285
WTI Oil,tscv_23,PatchTST+LGBM,PatchTST,LGBM,2025-09-22,64.44023333333332,61.7998349938071
WTI Oil,tscv_24,PatchTST,PatchTST,-,2025-08-04,64.51431666666666,62.85191345214844
WTI Oil,tscv_24,PatchTST,PatchTST,-,2025-08-11,63.105133333333335,62.52989196777344
WTI Oil,tscv_24,PatchTST,PatchTST,-,2025-08-18,63.0272,62.93149948120117
WTI Oil,tscv_24,PatchTST,PatchTST,-,2025-08-25,64.09881666666666,62.60097122192383
WTI Oil,tscv_24,PatchTST,PatchTST,-,2025-09-01,63.69885,62.84747314453125
WTI Oil,tscv_24,PatchTST,PatchTST,-,2025-09-08,62.788466666666665,63.19124984741211
WTI Oil,tscv_24,PatchTST,PatchTST,-,2025-09-15,63.33338333333333,63.075565338134766
WTI Oil,tscv_24,PatchTST,PatchTST,-,2025-09-22,64.44023333333332,63.1943359375
WTI Oil,tscv_24,PatchTST,PatchTST,-,2025-09-29,61.66062857142857,63.282291412353516
WTI Oil,tscv_24,PatchTST,PatchTST,-,2025-10-06,60.71498571428571,63.33579635620117
WTI Oil,tscv_24,PatchTST,PatchTST,-,2025-10-13,57.92998571428571,63.42698287963867
WTI Oil,tscv_24,PatchTST,PatchTST,-,2025-10-20,59.868585714285715,63.420555114746094
WTI Oil,tscv_24,PatchTST+NLinear,PatchTST,NLinear,2025-08-04,64.51431666666666,65.12584018707275
WTI Oil,tscv_24,PatchTST+NLinear,PatchTST,NLinear,2025-08-11,63.105133333333335,67.67828845977783
WTI Oil,tscv_24,PatchTST+NLinear,PatchTST,NLinear,2025-08-18,63.0272,69.17984771728516
WTI Oil,tscv_24,PatchTST+NLinear,PatchTST,NLinear,2025-08-25,64.09881666666666,64.54076051712036
WTI Oil,tscv_24,PatchTST+NLinear,PatchTST,NLinear,2025-09-01,63.69885,66.108478307724
WTI Oil,tscv_24,PatchTST+NLinear,PatchTST,NLinear,2025-09-08,62.788466666666665,70.18182516098022
WTI Oil,tscv_24,PatchTST+NLinear,PatchTST,NLinear,2025-09-15,63.33338333333333,68.39486837387085
WTI Oil,tscv_24,PatchTST+NLinear,PatchTST,NLinear,2025-09-22,64.44023333333332,68.96757459640503
WTI Oil,tscv_24,PatchTST+NLinear,PatchTST,NLinear,2025-09-29,61.66062857142857,69.44928741455078
WTI Oil,tscv_24,PatchTST+NLinear,PatchTST,NLinear,2025-10-06,60.71498571428571,67.87186098098755
WTI Oil,tscv_24,PatchTST+NLinear,PatchTST,NLinear,2025-10-13,57.92998571428571,69.5619535446167
WTI Oil,tscv_24,PatchTST+NLinear,PatchTST,NLinear,2025-10-20,59.868585714285715,70.65113258361816
WTI Oil,tscv_24,PatchTST+XGB,PatchTST,XGB,2025-08-04,64.51431666666666,64.52802586555481
WTI Oil,tscv_24,PatchTST+XGB,PatchTST,XGB,2025-08-11,63.105133333333335,61.47712683677673
WTI Oil,tscv_24,PatchTST+XGB,PatchTST,XGB,2025-08-18,63.0272,62.24890226125717
WTI Oil,tscv_24,PatchTST+XGB,PatchTST,XGB,2025-08-25,64.09881666666666,62.17862489819527
WTI Oil,tscv_24,PatchTST+XGB,PatchTST,XGB,2025-09-01,63.69885,63.8513720035553
WTI Oil,tscv_24,PatchTST+XGB,PatchTST,XGB,2025-09-08,62.788466666666665,64.65973699092865
WTI Oil,tscv_24,PatchTST+XGB,PatchTST,XGB,2025-09-15,63.33338333333333,62.1168287396431
WTI Oil,tscv_24,PatchTST+XGB,PatchTST,XGB,2025-09-22,64.44023333333332,64.26886355876923
WTI Oil,tscv_24,PatchTST+XGB,PatchTST,XGB,2025-09-29,61.66062857142857,65.42376399040222
WTI Oil,tscv_24,PatchTST+XGB,PatchTST,XGB,2025-10-06,60.71498571428571,67.70956134796143
WTI Oil,tscv_24,PatchTST+XGB,PatchTST,XGB,2025-10-13,57.92998571428571,67.74012756347656
WTI Oil,tscv_24,PatchTST+XGB,PatchTST,XGB,2025-10-20,59.868585714285715,66.12239170074463
WTI Oil,tscv_24,PatchTST+LGBM,PatchTST,LGBM,2025-08-04,64.51431666666666,66.07054985119176
WTI Oil,tscv_24,PatchTST+LGBM,PatchTST,LGBM,2025-08-11,63.105133333333335,62.891601786145806
WTI Oil,tscv_24,PatchTST+LGBM,PatchTST,LGBM,2025-08-18,63.0272,60.421515728443936
WTI Oil,tscv_24,PatchTST+LGBM,PatchTST,LGBM,2025-08-25,64.09881666666666,57.767022016582374
WTI Oil,tscv_24,PatchTST+LGBM,PatchTST,LGBM,2025-09-01,63.69885,60.71494253895293
WTI Oil,tscv_24,PatchTST+LGBM,PatchTST,LGBM,2025-09-08,62.788466666666665,62.2162718483483
WTI Oil,tscv_24,PatchTST+LGBM,PatchTST,LGBM,2025-09-15,63.33338333333333,61.09752088007971
WTI Oil,tscv_24,PatchTST+LGBM,PatchTST,LGBM,2025-09-22,64.44023333333332,63.55532671739184
WTI Oil,tscv_24,PatchTST+LGBM,PatchTST,LGBM,2025-09-29,61.66062857142857,66.73323632485986
WTI Oil,tscv_24,PatchTST+LGBM,PatchTST,LGBM,2025-10-06,60.71498571428571,67.54690453008017
WTI Oil,tscv_24,PatchTST+LGBM,PatchTST,LGBM,2025-10-13,57.92998571428571,66.81885824261309
WTI Oil,tscv_24,PatchTST+LGBM,PatchTST,LGBM,2025-10-20,59.868585714285715,68.10098523211013
WTI Oil,holdout,PatchTST,PatchTST,-,2025-10-27,60.778571428571425,57.04820251464844
WTI Oil,holdout,PatchTST,PatchTST,-,2025-11-03,60.055071428571424,57.394100189208984
WTI Oil,holdout,PatchTST,PatchTST,-,2025-11-10,59.70945714285715,57.71010971069336
WTI Oil,holdout,PatchTST,PatchTST,-,2025-11-17,58.9935,57.95603561401367
WTI Oil,holdout,PatchTST,PatchTST,-,2025-11-24,58.810028571428575,57.77804183959961
WTI Oil,holdout,PatchTST,PatchTST,-,2025-12-01,59.567257142857144,58.024810791015625
WTI Oil,holdout,PatchTST,PatchTST,-,2025-12-08,57.97571428571428,58.55254364013672
WTI Oil,holdout,PatchTST,PatchTST,-,2025-12-15,56.28154285714286,57.997825622558594
WTI Oil,holdout,PatchTST,PatchTST,-,2025-12-22,57.70862857142857,58.36143112182617
WTI Oil,holdout,PatchTST,PatchTST,-,2025-12-29,57.53675714285714,58.563385009765625
WTI Oil,holdout,PatchTST,PatchTST,-,2026-01-05,58.08931428571429,58.69682693481445
WTI Oil,holdout,PatchTST,PatchTST,-,2026-01-12,59.76057142857143,58.757137298583984
WTI Oil,holdout,PatchTST+NLinear,PatchTST,NLinear,2025-10-27,60.778571428571425,51.74763870239258
WTI Oil,holdout,PatchTST+NLinear,PatchTST,NLinear,2025-11-03,60.055071428571424,49.189008712768555
WTI Oil,holdout,PatchTST+NLinear,PatchTST,NLinear,2025-11-10,59.70945714285715,53.00905752182007
WTI Oil,holdout,PatchTST+NLinear,PatchTST,NLinear,2025-11-17,58.9935,52.36981678009033
WTI Oil,holdout,PatchTST+NLinear,PatchTST,NLinear,2025-11-24,58.810028571428575,50.04578351974487
WTI Oil,holdout,PatchTST+NLinear,PatchTST,NLinear,2025-12-01,59.567257142857144,50.327542304992676
WTI Oil,holdout,PatchTST+NLinear,PatchTST,NLinear,2025-12-08,57.97571428571428,55.59072685241699
WTI Oil,holdout,PatchTST+NLinear,PatchTST,NLinear,2025-12-15,56.28154285714286,51.24606370925903
WTI Oil,holdout,PatchTST+NLinear,PatchTST,NLinear,2025-12-22,57.70862857142857,51.83764696121216
WTI Oil,holdout,PatchTST+NLinear,PatchTST,NLinear,2025-12-29,57.53675714285714,50.9494514465332
WTI Oil,holdout,PatchTST+NLinear,PatchTST,NLinear,2026-01-05,58.08931428571429,51.731576442718506
WTI Oil,holdout,PatchTST+NLinear,PatchTST,NLinear,2026-01-12,59.76057142857143,52.95768594741821
WTI Oil,holdout,PatchTST+XGB,PatchTST,XGB,2025-10-27,60.778571428571425,50.61028337478638
WTI Oil,holdout,PatchTST+XGB,PatchTST,XGB,2025-11-03,60.055071428571424,49.76321983337402
WTI Oil,holdout,PatchTST+XGB,PatchTST,XGB,2025-11-10,59.70945714285715,52.73007154464722
WTI Oil,holdout,PatchTST+XGB,PatchTST,XGB,2025-11-17,58.9935,53.83024597167969
WTI Oil,holdout,PatchTST+XGB,PatchTST,XGB,2025-11-24,58.810028571428575,54.74620461463928
WTI Oil,holdout,PatchTST+XGB,PatchTST,XGB,2025-12-01,59.567257142857144,56.397332310676575
WTI Oil,holdout,PatchTST+XGB,PatchTST,XGB,2025-12-08,57.97571428571428,59.991681694984436
WTI Oil,holdout,PatchTST+XGB,PatchTST,XGB,2025-12-15,56.28154285714286,60.88971400260925
WTI Oil,holdout,PatchTST+XGB,PatchTST,XGB,2025-12-22,57.70862857142857,60.986265897750854
WTI Oil,holdout,PatchTST+XGB,PatchTST,XGB,2025-12-29,57.53675714285714,60.187912702560425
WTI Oil,holdout,PatchTST+XGB,PatchTST,XGB,2026-01-05,58.08931428571429,60.14979565143585
WTI Oil,holdout,PatchTST+XGB,PatchTST,XGB,2026-01-12,59.76057142857143,58.39509987831116
WTI Oil,holdout,PatchTST+LGBM,PatchTST,LGBM,2025-10-27,60.778571428571425,49.3870998189155
WTI Oil,holdout,PatchTST+LGBM,PatchTST,LGBM,2025-11-03,60.055071428571424,50.91732631641844
WTI Oil,holdout,PatchTST+LGBM,PatchTST,LGBM,2025-11-10,59.70945714285715,53.4639774490992
WTI Oil,holdout,PatchTST+LGBM,PatchTST,LGBM,2025-11-17,58.9935,55.80319871362971
WTI Oil,holdout,PatchTST+LGBM,PatchTST,LGBM,2025-11-24,58.810028571428575,56.561782016385756
WTI Oil,holdout,PatchTST+LGBM,PatchTST,LGBM,2025-12-01,59.567257142857144,55.82434566788523
WTI Oil,holdout,PatchTST+LGBM,PatchTST,LGBM,2025-12-08,57.97571428571428,59.374886639599744
WTI Oil,holdout,PatchTST+LGBM,PatchTST,LGBM,2025-12-15,56.28154285714286,60.33529195629509
WTI Oil,holdout,PatchTST+LGBM,PatchTST,LGBM,2025-12-22,57.70862857142857,59.559959076523555
WTI Oil,holdout,PatchTST+LGBM,PatchTST,LGBM,2025-12-29,57.53675714285714,59.52168552997434
WTI Oil,holdout,PatchTST+LGBM,PatchTST,LGBM,2026-01-05,58.08931428571429,59.81998079924473
WTI Oil,holdout,PatchTST+LGBM,PatchTST,LGBM,2026-01-12,59.76057142857143,57.2516074452721
Brent Oil,tscv_01,PatchTST,PatchTST,-,2023-10-30,84.954,81.18797302246094
Brent Oil,tscv_01,PatchTST,PatchTST,-,2023-11-06,81.296,80.58604431152344
Brent Oil,tscv_01,PatchTST,PatchTST,-,2023-11-13,80.66,80.39739990234375
Brent Oil,tscv_01,PatchTST,PatchTST,-,2023-11-20,81.518,80.53931427001953
Brent Oil,tscv_01,PatchTST,PatchTST,-,2023-11-27,80.578,80.37002563476562
Brent Oil,tscv_01,PatchTST,PatchTST,-,2023-12-04,75.986,81.10228729248047
Brent Oil,tscv_01,PatchTST,PatchTST,-,2023-12-11,75.578,79.9974136352539
Brent Oil,tscv_01,PatchTST,PatchTST,-,2023-12-18,79.02000000000001,79.95367431640625
Brent Oil,tscv_01,PatchTST,PatchTST,-,2023-12-25,78.64500000000001,79.95254516601562
Brent Oil,tscv_01,PatchTST,PatchTST,-,2024-01-01,77.6225,79.48223114013672
Brent Oil,tscv_01,PatchTST,PatchTST,-,2024-01-08,77.242,79.95821380615234
Brent Oil,tscv_01,PatchTST,PatchTST,-,2024-01-15,78.242,79.01139831542969
Brent Oil,tscv_01,PatchTST+NLinear,PatchTST,NLinear,2023-10-30,84.954,108.92902183532715
Brent Oil,tscv_01,PatchTST+NLinear,PatchTST,NLinear,2023-11-06,81.296,108.75914573669434
Brent Oil,tscv_01,PatchTST+NLinear,PatchTST,NLinear,2023-11-13,80.66,104.37939834594727
Brent Oil,tscv_01,PatchTST+NLinear,PatchTST,NLinear,2023-11-20,81.518,110.3558120727539
Brent Oil,tscv_01,PatchTST+NLinear,PatchTST,NLinear,2023-11-27,80.578,108.54094314575195
Brent Oil,tscv_01,PatchTST+NLinear,PatchTST,NLinear,2023-12-04,75.986,108.55486297607422
Brent Oil,tscv_01,PatchTST+NLinear,PatchTST,NLinear,2023-12-11,75.578,105.42368507385254
Brent Oil,tscv_01,PatchTST+NLinear,PatchTST,NLinear,2023-12-18,79.02000000000001,106.98763084411621
Brent Oil,tscv_01,PatchTST+NLinear,PatchTST,NLinear,2023-12-25,78.64500000000001,104.47090721130371
Brent Oil,tscv_01,PatchTST+NLinear,PatchTST,NLinear,2024-01-01,77.6225,106.39366149902344
Brent Oil,tscv_01,PatchTST+NLinear,PatchTST,NLinear,2024-01-08,77.242,108.3532485961914
Brent Oil,tscv_01,PatchTST+NLinear,PatchTST,NLinear,2024-01-15,78.242,108.21324157714844
Brent Oil,tscv_01,PatchTST+XGB,PatchTST,XGB,2023-10-30,84.954,104.49960899353027
Brent Oil,tscv_01,PatchTST+XGB,PatchTST,XGB,2023-11-06,81.296,105.92946243286133
Brent Oil,tscv_01,PatchTST+XGB,PatchTST,XGB,2023-11-13,80.66,104.52521705627441
Brent Oil,tscv_01,PatchTST+XGB,PatchTST,XGB,2023-11-20,81.518,104.45830535888672
Brent Oil,tscv_01,PatchTST+XGB,PatchTST,XGB,2023-11-27,80.578,107.46139144897461
Brent Oil,tscv_01,PatchTST+XGB,PatchTST,XGB,2023-12-04,75.986,110.38378715515137
Brent Oil,tscv_01,PatchTST+XGB,PatchTST,XGB,2023-12-11,75.578,110.32916831970215
Brent Oil,tscv_01,PatchTST+XGB,PatchTST,XGB,2023-12-18,79.02000000000001,110.61505317687988
Brent Oil,tscv_01,PatchTST+XGB,PatchTST,XGB,2023-12-25,78.64500000000001,110.12609100341797
Brent Oil,tscv_01,PatchTST+XGB,PatchTST,XGB,2024-01-01,77.6225,108.50846099853516
Brent Oil,tscv_01,PatchTST+XGB,PatchTST,XGB,2024-01-08,77.242,109.27288436889648
Brent Oil,tscv_01,PatchTST+XGB,PatchTST,XGB,2024-01-15,78.242,107.83615493774414
Brent Oil,tscv_01,PatchTST+LGBM,PatchTST,LGBM,2023-10-30,84.954,104.72271828525066
Brent Oil,tscv_01,PatchTST+LGBM,PatchTST,LGBM,2023-11-06,81.296,104.28527684200867
Brent Oil,tscv_01,PatchTST+LGBM,PatchTST,LGBM,2023-11-13,80.66,103.10938152753089
Brent Oil,tscv_01,PatchTST+LGBM,PatchTST,LGBM,2023-11-20,81.518,104.15204508381689
Brent Oil,tscv_01,PatchTST+LGBM,PatchTST,LGBM,2023-11-27,80.578,108.93626549854677
Brent Oil,tscv_01,PatchTST+LGBM,PatchTST,LGBM,2023-12-04,75.986,108.73848055730942
Brent Oil,tscv_01,PatchTST+LGBM,PatchTST,LGBM,2023-12-11,75.578,107.5421607610073
Brent Oil,tscv_01,PatchTST+LGBM,PatchTST,LGBM,2023-12-18,79.02000000000001,108.20316827754905
Brent Oil,tscv_01,PatchTST+LGBM,PatchTST,LGBM,2023-12-25,78.64500000000001,107.69130575971542
Brent Oil,tscv_01,PatchTST+LGBM,PatchTST,LGBM,2024-01-01,77.6225,105.65151020851062
Brent Oil,tscv_01,PatchTST+LGBM,PatchTST,LGBM,2024-01-08,77.242,107.61611492192492
Brent Oil,tscv_01,PatchTST+LGBM,PatchTST,LGBM,2024-01-15,78.242,105.47330119690791
Brent Oil,tscv_02,PatchTST,PatchTST,-,2023-11-27,80.578,78.87823486328125
Brent Oil,tscv_02,PatchTST,PatchTST,-,2023-12-04,75.986,78.65702819824219
Brent Oil,tscv_02,PatchTST,PatchTST,-,2023-12-11,75.578,78.5860824584961
Brent Oil,tscv_02,PatchTST,PatchTST,-,2023-12-18,79.02000000000001,78.56425476074219
Brent Oil,tscv_02,PatchTST,PatchTST,-,2023-12-25,78.64500000000001,78.25131225585938
Brent Oil,tscv_02,PatchTST,PatchTST,-,2024-01-01,77.6225,78.36300659179688
Brent Oil,tscv_02,PatchTST,PatchTST,-,2024-01-08,77.242,77.8473892211914
Brent Oil,tscv_02,PatchTST,PatchTST,-,2024-01-15,78.242,78.52831268310547
Brent Oil,tscv_02,PatchTST,PatchTST,-,2024-01-22,80.34,78.15254211425781
Brent Oil,tscv_02,PatchTST,PatchTST,-,2024-01-29,79.866,78.11605072021484
Brent Oil,tscv_02,PatchTST,PatchTST,-,2024-02-05,79.51599999999999,78.22660827636719
Brent Oil,tscv_02,PatchTST,PatchTST,-,2024-02-12,81.648,78.07527923583984
Brent Oil,tscv_02,PatchTST+NLinear,PatchTST,NLinear,2023-11-27,80.578,107.38548851013184
Brent Oil,tscv_02,PatchTST+NLinear,PatchTST,NLinear,2023-12-04,75.986,102.12808609008789
Brent Oil,tscv_02,PatchTST+NLinear,PatchTST,NLinear,2023-12-11,75.578,103.02711868286133
Brent Oil,tscv_02,PatchTST+NLinear,PatchTST,NLinear,2023-12-18,79.02000000000001,101.70367813110352
Brent Oil,tscv_02,PatchTST+NLinear,PatchTST,NLinear,2023-12-25,78.64500000000001,99.87437629699707
Brent Oil,tscv_02,PatchTST+NLinear,PatchTST,NLinear,2024-01-01,77.6225,98.42565536499023
Brent Oil,tscv_02,PatchTST+NLinear,PatchTST,NLinear,2024-01-08,77.242,97.40442085266113
Brent Oil,tscv_02,PatchTST+NLinear,PatchTST,NLinear,2024-01-15,78.242,103.80497360229492
Brent Oil,tscv_02,PatchTST+NLinear,PatchTST,NLinear,2024-01-22,80.34,96.3853530883789
Brent Oil,tscv_02,PatchTST+NLinear,PatchTST,NLinear,2024-01-29,79.866,102.89019203186035
Brent Oil,tscv_02,PatchTST+NLinear,PatchTST,NLinear,2024-02-05,79.51599999999999,102.0826530456543
Brent Oil,tscv_02,PatchTST+NLinear,PatchTST,NLinear,2024-02-12,81.648,98.59919929504395
Brent Oil,tscv_02,PatchTST+XGB,PatchTST,XGB,2023-11-27,80.578,104.37726593017578
Brent Oil,tscv_02,PatchTST+XGB,PatchTST,XGB,2023-12-04,75.986,108.17437934875488
Brent Oil,tscv_02,PatchTST+XGB,PatchTST,XGB,2023-12-11,75.578,106.84997940063477
Brent Oil,tscv_02,PatchTST+XGB,PatchTST,XGB,2023-12-18,79.02000000000001,108.85160446166992
Brent Oil,tscv_02,PatchTST+XGB,PatchTST,XGB,2023-12-25,78.64500000000001,107.84159660339355
Brent Oil,tscv_02,PatchTST+XGB,PatchTST,XGB,2024-01-01,77.6225,107.70135116577148
Brent Oil,tscv_02,PatchTST+XGB,PatchTST,XGB,2024-01-08,77.242,107.0321159362793
Brent Oil,tscv_02,PatchTST+XGB,PatchTST,XGB,2024-01-15,78.242,107.7738208770752
Brent Oil,tscv_02,PatchTST+XGB,PatchTST,XGB,2024-01-22,80.34,107.36781692504883
Brent Oil,tscv_02,PatchTST+XGB,PatchTST,XGB,2024-01-29,79.866,105.6880111694336
Brent Oil,tscv_02,PatchTST+XGB,PatchTST,XGB,2024-02-05,79.51599999999999,103.81497001647949
Brent Oil,tscv_02,PatchTST+XGB,PatchTST,XGB,2024-02-12,81.648,104.24214553833008
Brent Oil,tscv_02,PatchTST+LGBM,PatchTST,LGBM,2023-11-27,80.578,105.72950589835551
Brent Oil,tscv_02,PatchTST+LGBM,PatchTST,LGBM,2023-12-04,75.986,106.77264002099214
Brent Oil,tscv_02,PatchTST+LGBM,PatchTST,LGBM,2023-12-11,75.578,105.60470169252397
Brent Oil,tscv_02,PatchTST+LGBM,PatchTST,LGBM,2023-12-18,79.02000000000001,105.29752194987157
Brent Oil,tscv_02,PatchTST+LGBM,PatchTST,LGBM,2023-12-25,78.64500000000001,105.657502517782
Brent Oil,tscv_02,PatchTST+LGBM,PatchTST,LGBM,2024-01-01,77.6225,103.8772153427518
Brent Oil,tscv_02,PatchTST+LGBM,PatchTST,LGBM,2024-01-08,77.242,105.87499103475241
Brent Oil,tscv_02,PatchTST+LGBM,PatchTST,LGBM,2024-01-15,78.242,104.82353400119123
Brent Oil,tscv_02,PatchTST+LGBM,PatchTST,LGBM,2024-01-22,80.34,104.06682374902289
Brent Oil,tscv_02,PatchTST+LGBM,PatchTST,LGBM,2024-01-29,79.866,103.60652100129565
Brent Oil,tscv_02,PatchTST+LGBM,PatchTST,LGBM,2024-02-05,79.51599999999999,103.24603808945429
Brent Oil,tscv_02,PatchTST+LGBM,PatchTST,LGBM,2024-02-12,81.648,102.53776510689588
Brent Oil,tscv_03,PatchTST,PatchTST,-,2023-12-25,78.64500000000001,81.23884582519531
Brent Oil,tscv_03,PatchTST,PatchTST,-,2024-01-01,77.6225,81.0555648803711
Brent Oil,tscv_03,PatchTST,PatchTST,-,2024-01-08,77.242,80.66899871826172
Brent Oil,tscv_03,PatchTST,PatchTST,-,2024-01-15,78.242,80.62613677978516
Brent Oil,tscv_03,PatchTST,PatchTST,-,2024-01-22,80.34,80.21363067626953
Brent Oil,tscv_03,PatchTST,PatchTST,-,2024-01-29,79.866,80.5282974243164
Brent Oil,tscv_03,PatchTST,PatchTST,-,2024-02-05,79.51599999999999,79.87239074707031
Brent Oil,tscv_03,PatchTST,PatchTST,-,2024-02-12,81.648,80.17489624023438
Brent Oil,tscv_03,PatchTST,PatchTST,-,2024-02-19,81.322,79.88217163085938
Brent Oil,tscv_03,PatchTST,PatchTST,-,2024-02-26,81.692,79.6372299194336
Brent Oil,tscv_03,PatchTST,PatchTST,-,2024-03-04,81.876,79.73560333251953
Brent Oil,tscv_03,PatchTST,PatchTST,-,2024-03-11,83.22200000000001,79.32281494140625
Brent Oil,tscv_03,PatchTST+NLinear,PatchTST,NLinear,2023-12-25,78.64500000000001,98.78868103027344
Brent Oil,tscv_03,PatchTST+NLinear,PatchTST,NLinear,2024-01-01,77.6225,100.64479064941406
Brent Oil,tscv_03,PatchTST+NLinear,PatchTST,NLinear,2024-01-08,77.242,98.1569881439209
Brent Oil,tscv_03,PatchTST+NLinear,PatchTST,NLinear,2024-01-15,78.242,97.46526527404785
Brent Oil,tscv_03,PatchTST+NLinear,PatchTST,NLinear,2024-01-22,80.34,97.07291793823242
Brent Oil,tscv_03,PatchTST+NLinear,PatchTST,NLinear,2024-01-29,79.866,101.13846588134766
Brent Oil,tscv_03,PatchTST+NLinear,PatchTST,NLinear,2024-02-05,79.51599999999999,95.38919639587402
Brent Oil,tscv_03,PatchTST+NLinear,PatchTST,NLinear,2024-02-12,81.648,100.74064445495605
Brent Oil,tscv_03,PatchTST+NLinear,PatchTST,NLinear,2024-02-19,81.322,94.89037036895752
Brent Oil,tscv_03,PatchTST+NLinear,PatchTST,NLinear,2024-02-26,81.692,96.69146347045898
Brent Oil,tscv_03,PatchTST+NLinear,PatchTST,NLinear,2024-03-04,81.876,93.75927352905273
Brent Oil,tscv_03,PatchTST+NLinear,PatchTST,NLinear,2024-03-11,83.22200000000001,97.12264823913574
Brent Oil,tscv_03,PatchTST+XGB,PatchTST,XGB,2023-12-25,78.64500000000001,104.67333602905273
Brent Oil,tscv_03,PatchTST+XGB,PatchTST,XGB,2024-01-01,77.6225,109.84703636169434
Brent Oil,tscv_03,PatchTST+XGB,PatchTST,XGB,2024-01-08,77.242,108.80094528198242
Brent Oil,tscv_03,PatchTST+XGB,PatchTST,XGB,2024-01-15,78.242,110.02621841430664
Brent Oil,tscv_03,PatchTST+XGB,PatchTST,XGB,2024-01-22,80.34,109.32854652404785
Brent Oil,tscv_03,PatchTST+XGB,PatchTST,XGB,2024-01-29,79.866,108.14911651611328
Brent Oil,tscv_03,PatchTST+XGB,PatchTST,XGB,2024-02-05,79.51599999999999,107.29068374633789
Brent Oil,tscv_03,PatchTST+XGB,PatchTST,XGB,2024-02-12,81.648,107.32906723022461
Brent Oil,tscv_03,PatchTST+XGB,PatchTST,XGB,2024-02-19,81.322,106.80163383483887
Brent Oil,tscv_03,PatchTST+XGB,PatchTST,XGB,2024-02-26,81.692,100.97822761535645
Brent Oil,tscv_03,PatchTST+XGB,PatchTST,XGB,2024-03-04,81.876,101.8514461517334
Brent Oil,tscv_03,PatchTST+XGB,PatchTST,XGB,2024-03-11,83.22200000000001,101.7136173248291
Brent Oil,tscv_03,PatchTST+LGBM,PatchTST,LGBM,2023-12-25,78.64500000000001,104.06236604438085
Brent Oil,tscv_03,PatchTST+LGBM,PatchTST,LGBM,2024-01-01,77.6225,106.77773901338193
Brent Oil,tscv_03,PatchTST+LGBM,PatchTST,LGBM,2024-01-08,77.242,107.62449805059833
Brent Oil,tscv_03,PatchTST+LGBM,PatchTST,LGBM,2024-01-15,78.242,108.02788994601627
Brent Oil,tscv_03,PatchTST+LGBM,PatchTST,LGBM,2024-01-22,80.34,106.64732153879304
Brent Oil,tscv_03,PatchTST+LGBM,PatchTST,LGBM,2024-01-29,79.866,107.20820123663385
Brent Oil,tscv_03,PatchTST+LGBM,PatchTST,LGBM,2024-02-05,79.51599999999999,105.66589485960681
Brent Oil,tscv_03,PatchTST+LGBM,PatchTST,LGBM,2024-02-12,81.648,105.67729991470624
Brent Oil,tscv_03,PatchTST+LGBM,PatchTST,LGBM,2024-02-19,81.322,105.93574220204334
Brent Oil,tscv_03,PatchTST+LGBM,PatchTST,LGBM,2024-02-26,81.692,104.42306473182254
Brent Oil,tscv_03,PatchTST+LGBM,PatchTST,LGBM,2024-03-04,81.876,103.17703592696843
Brent Oil,tscv_03,PatchTST+LGBM,PatchTST,LGBM,2024-03-11,83.22200000000001,102.456741452204
Brent Oil,tscv_04,PatchTST,PatchTST,-,2024-01-22,80.34,81.28548431396484
Brent Oil,tscv_04,PatchTST,PatchTST,-,2024-01-29,79.866,81.14518737792969
Brent Oil,tscv_04,PatchTST,PatchTST,-,2024-02-05,79.51599999999999,81.05574798583984
Brent Oil,tscv_04,PatchTST,PatchTST,-,2024-02-12,81.648,81.06661224365234
Brent Oil,tscv_04,PatchTST,PatchTST,-,2024-02-19,81.322,81.01805877685547
Brent Oil,tscv_04,PatchTST,PatchTST,-,2024-02-26,81.692,81.11945343017578
Brent Oil,tscv_04,PatchTST,PatchTST,-,2024-03-04,81.876,80.7619857788086
Brent Oil,tscv_04,PatchTST,PatchTST,-,2024-03-11,83.22200000000001,80.24655151367188
Brent Oil,tscv_04,PatchTST,PatchTST,-,2024-03-18,85.652,80.23590087890625
Brent Oil,tscv_04,PatchTST,PatchTST,-,2024-03-25,86.21838,80.37899017333984
Brent Oil,tscv_04,PatchTST,PatchTST,-,2024-04-01,89.502,79.96176147460938
Brent Oil,tscv_04,PatchTST,PatchTST,-,2024-04-08,90.17333333333332,79.80518341064453
Brent Oil,tscv_04,PatchTST+NLinear,PatchTST,NLinear,2024-01-22,80.34,90.97983360290527
Brent Oil,tscv_04,PatchTST+NLinear,PatchTST,NLinear,2024-01-29,79.866,97.69762802124023
Brent Oil,tscv_04,PatchTST+NLinear,PatchTST,NLinear,2024-02-05,79.51599999999999,97.63128662109375
Brent Oil,tscv_04,PatchTST+NLinear,PatchTST,NLinear,2024-02-12,81.648,95.97083377838135
Brent Oil,tscv_04,PatchTST+NLinear,PatchTST,NLinear,2024-02-19,81.322,95.27307415008545
Brent Oil,tscv_04,PatchTST+NLinear,PatchTST,NLinear,2024-02-26,81.692,102.71249389648438
Brent Oil,tscv_04,PatchTST+NLinear,PatchTST,NLinear,2024-03-04,81.876,101.21773338317871
Brent Oil,tscv_04,PatchTST+NLinear,PatchTST,NLinear,2024-03-11,83.22200000000001,95.53983879089355
Brent Oil,tscv_04,PatchTST+NLinear,PatchTST,NLinear,2024-03-18,85.652,94.14465427398682
Brent Oil,tscv_04,PatchTST+NLinear,PatchTST,NLinear,2024-03-25,86.21838,93.08574104309082
Brent Oil,tscv_04,PatchTST+NLinear,PatchTST,NLinear,2024-04-01,89.502,94.80197811126709
Brent Oil,tscv_04,PatchTST+NLinear,PatchTST,NLinear,2024-04-08,90.17333333333332,93.58008003234863
Brent Oil,tscv_04,PatchTST+XGB,PatchTST,XGB,2024-01-22,80.34,102.02287483215332
Brent Oil,tscv_04,PatchTST+XGB,PatchTST,XGB,2024-01-29,79.866,103.95605278015137
Brent Oil,tscv_04,PatchTST+XGB,PatchTST,XGB,2024-02-05,79.51599999999999,104.72193717956543
Brent Oil,tscv_04,PatchTST+XGB,PatchTST,XGB,2024-02-12,81.648,106.69840431213379
Brent Oil,tscv_04,PatchTST+XGB,PatchTST,XGB,2024-02-19,81.322,107.11877632141113
Brent Oil,tscv_04,PatchTST+XGB,PatchTST,XGB,2024-02-26,81.692,103.78824234008789
Brent Oil,tscv_04,PatchTST+XGB,PatchTST,XGB,2024-03-04,81.876,102.21308517456055
Brent Oil,tscv_04,PatchTST+XGB,PatchTST,XGB,2024-03-11,83.22200000000001,103.54293441772461
Brent Oil,tscv_04,PatchTST+XGB,PatchTST,XGB,2024-03-18,85.652,103.04727363586426
Brent Oil,tscv_04,PatchTST+XGB,PatchTST,XGB,2024-03-25,86.21838,101.50339126586914
Brent Oil,tscv_04,PatchTST+XGB,PatchTST,XGB,2024-04-01,89.502,103.13707733154297
Brent Oil,tscv_04,PatchTST+XGB,PatchTST,XGB,2024-04-08,90.17333333333332,104.96508026123047
Brent Oil,tscv_04,PatchTST+LGBM,PatchTST,LGBM,2024-01-22,80.34,101.80996642967384
Brent Oil,tscv_04,PatchTST+LGBM,PatchTST,LGBM,2024-01-29,79.866,105.11601979819251
Brent Oil,tscv_04,PatchTST+LGBM,PatchTST,LGBM,2024-02-05,79.51599999999999,107.09009959344993
Brent Oil,tscv_04,PatchTST+LGBM,PatchTST,LGBM,2024-02-12,81.648,106.6331355428608
Brent Oil,tscv_04,PatchTST+LGBM,PatchTST,LGBM,2024-02-19,81.322,107.45775086011984
Brent Oil,tscv_04,PatchTST+LGBM,PatchTST,LGBM,2024-02-26,81.692,106.52545195841542
Brent Oil,tscv_04,PatchTST+LGBM,PatchTST,LGBM,2024-03-04,81.876,105.78538070863405
Brent Oil,tscv_04,PatchTST+LGBM,PatchTST,LGBM,2024-03-11,83.22200000000001,107.46947499466955
Brent Oil,tscv_04,PatchTST+LGBM,PatchTST,LGBM,2024-03-18,85.652,107.68111039507022
Brent Oil,tscv_04,PatchTST+LGBM,PatchTST,LGBM,2024-03-25,86.21838,108.5340971487704
Brent Oil,tscv_04,PatchTST+LGBM,PatchTST,LGBM,2024-04-01,89.502,108.42984254400372
Brent Oil,tscv_04,PatchTST+LGBM,PatchTST,LGBM,2024-04-08,90.17333333333332,108.58445768538408
Brent Oil,tscv_05,PatchTST,PatchTST,-,2024-02-19,81.322,80.535888671875
Brent Oil,tscv_05,PatchTST,PatchTST,-,2024-02-26,81.692,80.61107635498047
Brent Oil,tscv_05,PatchTST,PatchTST,-,2024-03-04,81.876,80.20877838134766
Brent Oil,tscv_05,PatchTST,PatchTST,-,2024-03-11,83.22200000000001,79.90052032470703
Brent Oil,tscv_05,PatchTST,PatchTST,-,2024-03-18,85.652,80.40438842773438
Brent Oil,tscv_05,PatchTST,PatchTST,-,2024-03-25,86.21838,79.9611587524414
Brent Oil,tscv_05,PatchTST,PatchTST,-,2024-04-01,89.502,79.174072265625
Brent Oil,tscv_05,PatchTST,PatchTST,-,2024-04-08,90.17333333333332,79.49646759033203
Brent Oil,tscv_05,PatchTST,PatchTST,-,2024-04-15,88.12903333333334,79.70724487304688
Brent Oil,tscv_05,PatchTST,PatchTST,-,2024-04-22,87.9063,79.02467346191406
Brent Oil,tscv_05,PatchTST,PatchTST,-,2024-04-29,84.72,79.1144027709961
Brent Oil,tscv_05,PatchTST,PatchTST,-,2024-05-06,83.348,78.85684967041016
Brent Oil,tscv_05,PatchTST+NLinear,PatchTST,NLinear,2024-02-19,81.322,104.60448837280273
Brent Oil,tscv_05,PatchTST+NLinear,PatchTST,NLinear,2024-02-26,81.692,101.74207496643066
Brent Oil,tscv_05,PatchTST+NLinear,PatchTST,NLinear,2024-03-04,81.876,102.22187232971191
Brent Oil,tscv_05,PatchTST+NLinear,PatchTST,NLinear,2024-03-11,83.22200000000001,99.25010681152344
Brent Oil,tscv_05,PatchTST+NLinear,PatchTST,NLinear,2024-03-18,85.652,110.68492889404297
Brent Oil,tscv_05,PatchTST+NLinear,PatchTST,NLinear,2024-03-25,86.21838,102.29294967651367
Brent Oil,tscv_05,PatchTST+NLinear,PatchTST,NLinear,2024-04-01,89.502,102.59650993347168
Brent Oil,tscv_05,PatchTST+NLinear,PatchTST,NLinear,2024-04-08,90.17333333333332,100.2447624206543
Brent Oil,tscv_05,PatchTST+NLinear,PatchTST,NLinear,2024-04-15,88.12903333333334,103.54232025146484
Brent Oil,tscv_05,PatchTST+NLinear,PatchTST,NLinear,2024-04-22,87.9063,94.54747676849365
Brent Oil,tscv_05,PatchTST+NLinear,PatchTST,NLinear,2024-04-29,84.72,102.82924842834473
Brent Oil,tscv_05,PatchTST+NLinear,PatchTST,NLinear,2024-05-06,83.348,96.19651794433594
Brent Oil,tscv_05,PatchTST+XGB,PatchTST,XGB,2024-02-19,81.322,102.30774879455566
Brent Oil,tscv_05,PatchTST+XGB,PatchTST,XGB,2024-02-26,81.692,101.77253913879395
Brent Oil,tscv_05,PatchTST+XGB,PatchTST,XGB,2024-03-04,81.876,101.87638664245605
Brent Oil,tscv_05,PatchTST+XGB,PatchTST,XGB,2024-03-11,83.22200000000001,100.77217102050781
Brent Oil,tscv_05,PatchTST+XGB,PatchTST,XGB,2024-03-18,85.652,100.87955284118652
Brent Oil,tscv_05,PatchTST+XGB,PatchTST,XGB,2024-03-25,86.21838,100.17515182495117
Brent Oil,tscv_05,PatchTST+XGB,PatchTST,XGB,2024-04-01,89.502,101.1717357635498
Brent Oil,tscv_05,PatchTST+XGB,PatchTST,XGB,2024-04-08,90.17333333333332,104.16104698181152
Brent Oil,tscv_05,PatchTST+XGB,PatchTST,XGB,2024-04-15,88.12903333333334,102.31113815307617
Brent Oil,tscv_05,PatchTST+XGB,PatchTST,XGB,2024-04-22,87.9063,99.6503963470459
Brent Oil,tscv_05,PatchTST+XGB,PatchTST,XGB,2024-04-29,84.72,99.4298324584961
Brent Oil,tscv_05,PatchTST+XGB,PatchTST,XGB,2024-05-06,83.348,101.14644050598145
Brent Oil,tscv_05,PatchTST+LGBM,PatchTST,LGBM,2024-02-19,81.322,105.10916016132187
Brent Oil,tscv_05,PatchTST+LGBM,PatchTST,LGBM,2024-02-26,81.692,106.20166233947583
Brent Oil,tscv_05,PatchTST+LGBM,PatchTST,LGBM,2024-03-04,81.876,104.03641003580017
Brent Oil,tscv_05,PatchTST+LGBM,PatchTST,LGBM,2024-03-11,83.22200000000001,105.28380251148977
Brent Oil,tscv_05,PatchTST+LGBM,PatchTST,LGBM,2024-03-18,85.652,106.2367543746356
Brent Oil,tscv_05,PatchTST+LGBM,PatchTST,LGBM,2024-03-25,86.21838,105.93464719520328
Brent Oil,tscv_05,PatchTST+LGBM,PatchTST,LGBM,2024-04-01,89.502,107.13825835123974
Brent Oil,tscv_05,PatchTST+LGBM,PatchTST,LGBM,2024-04-08,90.17333333333332,107.8029584140877
Brent Oil,tscv_05,PatchTST+LGBM,PatchTST,LGBM,2024-04-15,88.12903333333334,107.17237793089072
Brent Oil,tscv_05,PatchTST+LGBM,PatchTST,LGBM,2024-04-22,87.9063,105.39667949780055
Brent Oil,tscv_05,PatchTST+LGBM,PatchTST,LGBM,2024-04-29,84.72,105.31305309213481
Brent Oil,tscv_05,PatchTST+LGBM,PatchTST,LGBM,2024-05-06,83.348,104.38151403207769
Brent Oil,tscv_06,PatchTST,PatchTST,-,2024-03-18,85.652,82.54878997802734
Brent Oil,tscv_06,PatchTST,PatchTST,-,2024-03-25,86.21838,83.1460189819336
Brent Oil,tscv_06,PatchTST,PatchTST,-,2024-04-01,89.502,82.54183959960938
Brent Oil,tscv_06,PatchTST,PatchTST,-,2024-04-08,90.17333333333332,82.70796966552734
Brent Oil,tscv_06,PatchTST,PatchTST,-,2024-04-15,88.12903333333334,82.6474380493164
Brent Oil,tscv_06,PatchTST,PatchTST,-,2024-04-22,87.9063,82.35403442382812
Brent Oil,tscv_06,PatchTST,PatchTST,-,2024-04-29,84.72,82.10710144042969
Brent Oil,tscv_06,PatchTST,PatchTST,-,2024-05-06,83.348,81.60138702392578
Brent Oil,tscv_06,PatchTST,PatchTST,-,2024-05-13,83.148,81.47357177734375
Brent Oil,tscv_06,PatchTST,PatchTST,-,2024-05-20,82.394,81.21651458740234
Brent Oil,tscv_06,PatchTST,PatchTST,-,2024-05-27,82.64234,80.92183685302734
Brent Oil,tscv_06,PatchTST,PatchTST,-,2024-06-03,78.756,80.99417877197266
Brent Oil,tscv_06,PatchTST+NLinear,PatchTST,NLinear,2024-03-18,85.652,102.94776153564453
Brent Oil,tscv_06,PatchTST+NLinear,PatchTST,NLinear,2024-03-25,86.21838,97.72118949890137
Brent Oil,tscv_06,PatchTST+NLinear,PatchTST,NLinear,2024-04-01,89.502,93.82341003417969
Brent Oil,tscv_06,PatchTST+NLinear,PatchTST,NLinear,2024-04-08,90.17333333333332,98.72060966491699
Brent Oil,tscv_06,PatchTST+NLinear,PatchTST,NLinear,2024-04-15,88.12903333333334,96.40686511993408
Brent Oil,tscv_06,PatchTST+NLinear,PatchTST,NLinear,2024-04-22,87.9063,106.04794120788574
Brent Oil,tscv_06,PatchTST+NLinear,PatchTST,NLinear,2024-04-29,84.72,99.9046401977539
Brent Oil,tscv_06,PatchTST+NLinear,PatchTST,NLinear,2024-05-06,83.348,98.16035842895508
Brent Oil,tscv_06,PatchTST+NLinear,PatchTST,NLinear,2024-05-13,83.148,96.24974155426025
Brent Oil,tscv_06,PatchTST+NLinear,PatchTST,NLinear,2024-05-20,82.394,92.48825263977051
Brent Oil,tscv_06,PatchTST+NLinear,PatchTST,NLinear,2024-05-27,82.64234,98.25529861450195
Brent Oil,tscv_06,PatchTST+NLinear,PatchTST,NLinear,2024-06-03,78.756,95.08519554138184
Brent Oil,tscv_06,PatchTST+XGB,PatchTST,XGB,2024-03-18,85.652,97.51533317565918
Brent Oil,tscv_06,PatchTST+XGB,PatchTST,XGB,2024-03-25,86.21838,94.27438831329346
Brent Oil,tscv_06,PatchTST+XGB,PatchTST,XGB,2024-04-01,89.502,90.11854124069214
Brent Oil,tscv_06,PatchTST+XGB,PatchTST,XGB,2024-04-08,90.17333333333332,90.0170202255249
Brent Oil,tscv_06,PatchTST+XGB,PatchTST,XGB,2024-04-15,88.12903333333334,88.74205017089844
Brent Oil,tscv_06,PatchTST+XGB,PatchTST,XGB,2024-04-22,87.9063,91.22633075714111
Brent Oil,tscv_06,PatchTST+XGB,PatchTST,XGB,2024-04-29,84.72,93.01865673065186
Brent Oil,tscv_06,PatchTST+XGB,PatchTST,XGB,2024-05-06,83.348,90.8952112197876
Brent Oil,tscv_06,PatchTST+XGB,PatchTST,XGB,2024-05-13,83.148,89.94649982452393
Brent Oil,tscv_06,PatchTST+XGB,PatchTST,XGB,2024-05-20,82.394,89.50343990325928
Brent Oil,tscv_06,PatchTST+XGB,PatchTST,XGB,2024-05-27,82.64234,91.70708751678467
Brent Oil,tscv_06,PatchTST+XGB,PatchTST,XGB,2024-06-03,78.756,91.63591766357422
Brent Oil,tscv_06,PatchTST+LGBM,PatchTST,LGBM,2024-03-18,85.652,97.44719411751045
Brent Oil,tscv_06,PatchTST+LGBM,PatchTST,LGBM,2024-03-25,86.21838,98.59160002159366
Brent Oil,tscv_06,PatchTST+LGBM,PatchTST,LGBM,2024-04-01,89.502,98.74218836215951
Brent Oil,tscv_06,PatchTST+LGBM,PatchTST,LGBM,2024-04-08,90.17333333333332,98.85503757336365
Brent Oil,tscv_06,PatchTST+LGBM,PatchTST,LGBM,2024-04-15,88.12903333333334,95.84579326261704
Brent Oil,tscv_06,PatchTST+LGBM,PatchTST,LGBM,2024-04-22,87.9063,94.37325427101612
Brent Oil,tscv_06,PatchTST+LGBM,PatchTST,LGBM,2024-04-29,84.72,91.32615420226979
Brent Oil,tscv_06,PatchTST+LGBM,PatchTST,LGBM,2024-05-06,83.348,89.33834991931234
Brent Oil,tscv_06,PatchTST+LGBM,PatchTST,LGBM,2024-05-13,83.148,88.55916120532169
Brent Oil,tscv_06,PatchTST+LGBM,PatchTST,LGBM,2024-05-20,82.394,85.5639525548797
Brent Oil,tscv_06,PatchTST+LGBM,PatchTST,LGBM,2024-05-27,82.64234,84.86270962609589
Brent Oil,tscv_06,PatchTST+LGBM,PatchTST,LGBM,2024-06-03,78.756,84.87613456053731
Brent Oil,tscv_07,PatchTST,PatchTST,-,2024-04-15,88.12903333333334,83.73003387451172
Brent Oil,tscv_07,PatchTST,PatchTST,-,2024-04-22,87.9063,83.30411529541016
Brent Oil,tscv_07,PatchTST,PatchTST,-,2024-04-29,84.72,83.61493682861328
Brent Oil,tscv_07,PatchTST,PatchTST,-,2024-05-06,83.348,83.36266326904297
Brent Oil,tscv_07,PatchTST,PatchTST,-,2024-05-13,83.148,82.99640655517578
Brent Oil,tscv_07,PatchTST,PatchTST,-,2024-05-20,82.394,82.8204345703125
Brent Oil,tscv_07,PatchTST,PatchTST,-,2024-05-27,82.64234,82.52774810791016
Brent Oil,tscv_07,PatchTST,PatchTST,-,2024-06-03,78.756,82.53695678710938
Brent Oil,tscv_07,PatchTST,PatchTST,-,2024-06-10,82.304,82.30525970458984
Brent Oil,tscv_07,PatchTST,PatchTST,-,2024-06-17,85.1325,82.14785766601562
Brent Oil,tscv_07,PatchTST,PatchTST,-,2024-06-24,84.992,81.05248260498047
Brent Oil,tscv_07,PatchTST,PatchTST,-,2024-07-01,86.68726,81.22257232666016
Brent Oil,tscv_07,PatchTST+NLinear,PatchTST,NLinear,2024-04-15,88.12903333333334,98.13955116271973
Brent Oil,tscv_07,PatchTST+NLinear,PatchTST,NLinear,2024-04-22,87.9063,95.60667419433594
Brent Oil,tscv_07,PatchTST+NLinear,PatchTST,NLinear,2024-04-29,84.72,98.98482704162598
Brent Oil,tscv_07,PatchTST+NLinear,PatchTST,NLinear,2024-05-06,83.348,96.9622802734375
Brent Oil,tscv_07,PatchTST+NLinear,PatchTST,NLinear,2024-05-13,83.148,104.20101928710938
Brent Oil,tscv_07,PatchTST+NLinear,PatchTST,NLinear,2024-05-20,82.394,94.69218635559082
Brent Oil,tscv_07,PatchTST+NLinear,PatchTST,NLinear,2024-05-27,82.64234,100.80793571472168
Brent Oil,tscv_07,PatchTST+NLinear,PatchTST,NLinear,2024-06-03,78.756,101.32879638671875
Brent Oil,tscv_07,PatchTST+NLinear,PatchTST,NLinear,2024-06-10,82.304,98.78380584716797
Brent Oil,tscv_07,PatchTST+NLinear,PatchTST,NLinear,2024-06-17,85.1325,105.51528549194336
Brent Oil,tscv_07,PatchTST+NLinear,PatchTST,NLinear,2024-06-24,84.992,95.06022930145264
Brent Oil,tscv_07,PatchTST+NLinear,PatchTST,NLinear,2024-07-01,86.68726,94.91987705230713
Brent Oil,tscv_07,PatchTST+XGB,PatchTST,XGB,2024-04-15,88.12903333333334,96.84478187561035
Brent Oil,tscv_07,PatchTST+XGB,PatchTST,XGB,2024-04-22,87.9063,94.59785747528076
Brent Oil,tscv_07,PatchTST+XGB,PatchTST,XGB,2024-04-29,84.72,93.27059745788574
Brent Oil,tscv_07,PatchTST+XGB,PatchTST,XGB,2024-05-06,83.348,93.45516777038574
Brent Oil,tscv_07,PatchTST+XGB,PatchTST,XGB,2024-05-13,83.148,91.00905513763428
Brent Oil,tscv_07,PatchTST+XGB,PatchTST,XGB,2024-05-20,82.394,89.06248044967651
Brent Oil,tscv_07,PatchTST+XGB,PatchTST,XGB,2024-05-27,82.64234,89.22763061523438
Brent Oil,tscv_07,PatchTST+XGB,PatchTST,XGB,2024-06-03,78.756,89.0756630897522
Brent Oil,tscv_07,PatchTST+XGB,PatchTST,XGB,2024-06-10,82.304,89.04383277893066
Brent Oil,tscv_07,PatchTST+XGB,PatchTST,XGB,2024-06-17,85.1325,88.16528415679932
Brent Oil,tscv_07,PatchTST+XGB,PatchTST,XGB,2024-06-24,84.992,87.29757165908813
Brent Oil,tscv_07,PatchTST+XGB,PatchTST,XGB,2024-07-01,86.68726,90.3245210647583
Brent Oil,tscv_07,PatchTST+LGBM,PatchTST,LGBM,2024-04-15,88.12903333333334,99.02246508398494
Brent Oil,tscv_07,PatchTST+LGBM,PatchTST,LGBM,2024-04-22,87.9063,98.33919935887354
Brent Oil,tscv_07,PatchTST+LGBM,PatchTST,LGBM,2024-04-29,84.72,95.29680682626801
Brent Oil,tscv_07,PatchTST+LGBM,PatchTST,LGBM,2024-05-06,83.348,95.26937202833952
Brent Oil,tscv_07,PatchTST+LGBM,PatchTST,LGBM,2024-05-13,83.148,91.45692567519086
Brent Oil,tscv_07,PatchTST+LGBM,PatchTST,LGBM,2024-05-20,82.394,86.98541349653068
Brent Oil,tscv_07,PatchTST+LGBM,PatchTST,LGBM,2024-05-27,82.64234,85.96606829568044
Brent Oil,tscv_07,PatchTST+LGBM,PatchTST,LGBM,2024-06-03,78.756,84.33047268057719
Brent Oil,tscv_07,PatchTST+LGBM,PatchTST,LGBM,2024-06-10,82.304,82.7261152508047
Brent Oil,tscv_07,PatchTST+LGBM,PatchTST,LGBM,2024-06-17,85.1325,84.64804150309772
Brent Oil,tscv_07,PatchTST+LGBM,PatchTST,LGBM,2024-06-24,84.992,80.02668123069057
Brent Oil,tscv_07,PatchTST+LGBM,PatchTST,LGBM,2024-07-01,86.68726,79.92527384223465
Brent Oil,tscv_08,PatchTST,PatchTST,-,2024-05-13,83.148,85.09072875976562
Brent Oil,tscv_08,PatchTST,PatchTST,-,2024-05-20,82.394,84.72318267822266
Brent Oil,tscv_08,PatchTST,PatchTST,-,2024-05-27,82.64234,84.2005844116211
Brent Oil,tscv_08,PatchTST,PatchTST,-,2024-06-03,78.756,84.59258270263672
Brent Oil,tscv_08,PatchTST,PatchTST,-,2024-06-10,82.304,84.02621459960938
Brent Oil,tscv_08,PatchTST,PatchTST,-,2024-06-17,85.1325,84.24479675292969
Brent Oil,tscv_08,PatchTST,PatchTST,-,2024-06-24,84.992,83.81121063232422
Brent Oil,tscv_08,PatchTST,PatchTST,-,2024-07-01,86.68726,83.92821502685547
Brent Oil,tscv_08,PatchTST,PatchTST,-,2024-07-08,85.184,83.197021484375
Brent Oil,tscv_08,PatchTST,PatchTST,-,2024-07-15,84.28,83.06076049804688
Brent Oil,tscv_08,PatchTST,PatchTST,-,2024-07-22,81.724,82.88682556152344
Brent Oil,tscv_08,PatchTST,PatchTST,-,2024-07-29,78.41432857142857,82.81623077392578
Brent Oil,tscv_08,PatchTST+NLinear,PatchTST,NLinear,2024-05-13,83.148,106.59358406066895
Brent Oil,tscv_08,PatchTST+NLinear,PatchTST,NLinear,2024-05-20,82.394,104.07368850708008
Brent Oil,tscv_08,PatchTST+NLinear,PatchTST,NLinear,2024-05-27,82.64234,96.44701385498047
Brent Oil,tscv_08,PatchTST+NLinear,PatchTST,NLinear,2024-06-03,78.756,99.10947036743164
Brent Oil,tscv_08,PatchTST+NLinear,PatchTST,NLinear,2024-06-10,82.304,101.22868347167969
Brent Oil,tscv_08,PatchTST+NLinear,PatchTST,NLinear,2024-06-17,85.1325,100.59517478942871
Brent Oil,tscv_08,PatchTST+NLinear,PatchTST,NLinear,2024-06-24,84.992,102.32780838012695
Brent Oil,tscv_08,PatchTST+NLinear,PatchTST,NLinear,2024-07-01,86.68726,106.31440544128418
Brent Oil,tscv_08,PatchTST+NLinear,PatchTST,NLinear,2024-07-08,85.184,101.77550315856934
Brent Oil,tscv_08,PatchTST+NLinear,PatchTST,NLinear,2024-07-15,84.28,103.05999946594238
Brent Oil,tscv_08,PatchTST+NLinear,PatchTST,NLinear,2024-07-22,81.724,99.26783752441406
Brent Oil,tscv_08,PatchTST+NLinear,PatchTST,NLinear,2024-07-29,78.41432857142857,101.32212448120117
Brent Oil,tscv_08,PatchTST+XGB,PatchTST,XGB,2024-05-13,83.148,99.64820194244385
Brent Oil,tscv_08,PatchTST+XGB,PatchTST,XGB,2024-05-20,82.394,96.5263261795044
Brent Oil,tscv_08,PatchTST+XGB,PatchTST,XGB,2024-05-27,82.64234,94.8787956237793
Brent Oil,tscv_08,PatchTST+XGB,PatchTST,XGB,2024-06-03,78.756,97.01215362548828
Brent Oil,tscv_08,PatchTST+XGB,PatchTST,XGB,2024-06-10,82.304,95.4326639175415
Brent Oil,tscv_08,PatchTST+XGB,PatchTST,XGB,2024-06-17,85.1325,95.33911418914795
Brent Oil,tscv_08,PatchTST+XGB,PatchTST,XGB,2024-06-24,84.992,94.00605010986328
Brent Oil,tscv_08,PatchTST+XGB,PatchTST,XGB,2024-07-01,86.68726,95.35487079620361
Brent Oil,tscv_08,PatchTST+XGB,PatchTST,XGB,2024-07-08,85.184,92.86630058288574
Brent Oil,tscv_08,PatchTST+XGB,PatchTST,XGB,2024-07-15,84.28,90.0722393989563
Brent Oil,tscv_08,PatchTST+XGB,PatchTST,XGB,2024-07-22,81.724,89.22899866104126
Brent Oil,tscv_08,PatchTST+XGB,PatchTST,XGB,2024-07-29,78.41432857142857,89.16720151901245
Brent Oil,tscv_08,PatchTST+LGBM,PatchTST,LGBM,2024-05-13,83.148,98.56833172842823
Brent Oil,tscv_08,PatchTST+LGBM,PatchTST,LGBM,2024-05-20,82.394,93.40684479441545
Brent Oil,tscv_08,PatchTST+LGBM,PatchTST,LGBM,2024-05-27,82.64234,90.55880271810418
Brent Oil,tscv_08,PatchTST+LGBM,PatchTST,LGBM,2024-06-03,78.756,89.73793218310848
Brent Oil,tscv_08,PatchTST+LGBM,PatchTST,LGBM,2024-06-10,82.304,88.46256201785839
Brent Oil,tscv_08,PatchTST+LGBM,PatchTST,LGBM,2024-06-17,85.1325,86.7660321498878
Brent Oil,tscv_08,PatchTST+LGBM,PatchTST,LGBM,2024-06-24,84.992,86.2313218502463
Brent Oil,tscv_08,PatchTST+LGBM,PatchTST,LGBM,2024-07-01,86.68726,86.46796717200512
Brent Oil,tscv_08,PatchTST+LGBM,PatchTST,LGBM,2024-07-08,85.184,84.75165528651654
Brent Oil,tscv_08,PatchTST+LGBM,PatchTST,LGBM,2024-07-15,84.28,84.1929844760207
Brent Oil,tscv_08,PatchTST+LGBM,PatchTST,LGBM,2024-07-22,81.724,84.38169239109861
Brent Oil,tscv_08,PatchTST+LGBM,PatchTST,LGBM,2024-07-29,78.41432857142857,86.08502034226996
Brent Oil,tscv_09,PatchTST,PatchTST,-,2024-06-10,82.304,83.56621551513672
Brent Oil,tscv_09,PatchTST,PatchTST,-,2024-06-17,85.1325,83.388916015625
Brent Oil,tscv_09,PatchTST,PatchTST,-,2024-06-24,84.992,82.96954345703125
Brent Oil,tscv_09,PatchTST,PatchTST,-,2024-07-01,86.68726,83.45816040039062
Brent Oil,tscv_09,PatchTST,PatchTST,-,2024-07-08,85.184,82.99169158935547
Brent Oil,tscv_09,PatchTST,PatchTST,-,2024-07-15,84.28,82.91685485839844
Brent Oil,tscv_09,PatchTST,PatchTST,-,2024-07-22,81.724,82.95901489257812
Brent Oil,tscv_09,PatchTST,PatchTST,-,2024-07-29,78.41432857142857,82.48963928222656
Brent Oil,tscv_09,PatchTST,PatchTST,-,2024-08-05,78.48297142857143,82.02062225341797
Brent Oil,tscv_09,PatchTST,PatchTST,-,2024-08-12,80.38911428571429,81.7503662109375
Brent Oil,tscv_09,PatchTST,PatchTST,-,2024-08-19,77.96462857142856,81.82649230957031
Brent Oil,tscv_09,PatchTST,PatchTST,-,2024-08-26,78.09672857142857,81.5816879272461
Brent Oil,tscv_09,PatchTST+NLinear,PatchTST,NLinear,2024-06-10,82.304,87.51188898086548
Brent Oil,tscv_09,PatchTST+NLinear,PatchTST,NLinear,2024-06-17,85.1325,92.80577754974365
Brent Oil,tscv_09,PatchTST+NLinear,PatchTST,NLinear,2024-06-24,84.992,85.01332974433899
Brent Oil,tscv_09,PatchTST+NLinear,PatchTST,NLinear,2024-07-01,86.68726,88.27655792236328
Brent Oil,tscv_09,PatchTST+NLinear,PatchTST,NLinear,2024-07-08,85.184,95.59149646759033
Brent Oil,tscv_09,PatchTST+NLinear,PatchTST,NLinear,2024-07-15,84.28,90.06201553344727
Brent Oil,tscv_09,PatchTST+NLinear,PatchTST,NLinear,2024-07-22,81.724,91.56730365753174
Brent Oil,tscv_09,PatchTST+NLinear,PatchTST,NLinear,2024-07-29,78.41432857142857,90.55941200256348
Brent Oil,tscv_09,PatchTST+NLinear,PatchTST,NLinear,2024-08-05,78.48297142857143,85.20511794090271
Brent Oil,tscv_09,PatchTST+NLinear,PatchTST,NLinear,2024-08-12,80.38911428571429,84.4301323890686
Brent Oil,tscv_09,PatchTST+NLinear,PatchTST,NLinear,2024-08-19,77.96462857142856,97.68359756469727
Brent Oil,tscv_09,PatchTST+NLinear,PatchTST,NLinear,2024-08-26,78.09672857142857,94.90470504760742
Brent Oil,tscv_09,PatchTST+XGB,PatchTST,XGB,2024-06-10,82.304,91.25151205062866
Brent Oil,tscv_09,PatchTST+XGB,PatchTST,XGB,2024-06-17,85.1325,90.35249900817871
Brent Oil,tscv_09,PatchTST+XGB,PatchTST,XGB,2024-06-24,84.992,91.4964485168457
Brent Oil,tscv_09,PatchTST+XGB,PatchTST,XGB,2024-07-01,86.68726,92.83357906341553
Brent Oil,tscv_09,PatchTST+XGB,PatchTST,XGB,2024-07-08,85.184,91.2716760635376
Brent Oil,tscv_09,PatchTST+XGB,PatchTST,XGB,2024-07-15,84.28,88.08337354660034
Brent Oil,tscv_09,PatchTST+XGB,PatchTST,XGB,2024-07-22,81.724,86.65596151351929
Brent Oil,tscv_09,PatchTST+XGB,PatchTST,XGB,2024-07-29,78.41432857142857,86.24027419090271
Brent Oil,tscv_09,PatchTST+XGB,PatchTST,XGB,2024-08-05,78.48297142857143,85.31344723701477
Brent Oil,tscv_09,PatchTST+XGB,PatchTST,XGB,2024-08-12,80.38911428571429,86.7925763130188
Brent Oil,tscv_09,PatchTST+XGB,PatchTST,XGB,2024-08-19,77.96462857142856,89.31637287139893
Brent Oil,tscv_09,PatchTST+XGB,PatchTST,XGB,2024-08-26,78.09672857142857,89.13714838027954
Brent Oil,tscv_09,PatchTST+LGBM,PatchTST,LGBM,2024-06-10,82.304,84.71170286809422
Brent Oil,tscv_09,PatchTST+LGBM,PatchTST,LGBM,2024-06-17,85.1325,82.59222165129566
Brent Oil,tscv_09,PatchTST+LGBM,PatchTST,LGBM,2024-06-24,84.992,82.90968013180708
Brent Oil,tscv_09,PatchTST+LGBM,PatchTST,LGBM,2024-07-01,86.68726,84.15529418373515
Brent Oil,tscv_09,PatchTST+LGBM,PatchTST,LGBM,2024-07-08,85.184,81.11684623732761
Brent Oil,tscv_09,PatchTST+LGBM,PatchTST,LGBM,2024-07-15,84.28,81.11297367083165
Brent Oil,tscv_09,PatchTST+LGBM,PatchTST,LGBM,2024-07-22,81.724,81.39712015861569
Brent Oil,tscv_09,PatchTST+LGBM,PatchTST,LGBM,2024-07-29,78.41432857142857,80.77352287987976
Brent Oil,tscv_09,PatchTST+LGBM,PatchTST,LGBM,2024-08-05,78.48297142857143,80.57542525463973
Brent Oil,tscv_09,PatchTST+LGBM,PatchTST,LGBM,2024-08-12,80.38911428571429,80.5811789400625
Brent Oil,tscv_09,PatchTST+LGBM,PatchTST,LGBM,2024-08-19,77.96462857142856,83.57174135237936
Brent Oil,tscv_09,PatchTST+LGBM,PatchTST,LGBM,2024-08-26,78.09672857142857,86.79171638498971
Brent Oil,tscv_10,PatchTST,PatchTST,-,2024-07-08,85.184,84.4665298461914
Brent Oil,tscv_10,PatchTST,PatchTST,-,2024-07-15,84.28,84.12146759033203
Brent Oil,tscv_10,PatchTST,PatchTST,-,2024-07-22,81.724,84.52412414550781
Brent Oil,tscv_10,PatchTST,PatchTST,-,2024-07-29,78.41432857142857,84.13929748535156
Brent Oil,tscv_10,PatchTST,PatchTST,-,2024-08-05,78.48297142857143,84.06022644042969
Brent Oil,tscv_10,PatchTST,PatchTST,-,2024-08-12,80.38911428571429,83.56062316894531
Brent Oil,tscv_10,PatchTST,PatchTST,-,2024-08-19,77.96462857142856,83.35321044921875
Brent Oil,tscv_10,PatchTST,PatchTST,-,2024-08-26,78.09672857142857,83.02616882324219
Brent Oil,tscv_10,PatchTST,PatchTST,-,2024-09-02,72.91812857142857,82.82466125488281
Brent Oil,tscv_10,PatchTST,PatchTST,-,2024-09-09,71.21612857142857,82.70594024658203
Brent Oil,tscv_10,PatchTST,PatchTST,-,2024-09-16,74.13544285714285,82.21529388427734
Brent Oil,tscv_10,PatchTST,PatchTST,-,2024-09-23,72.62645714285715,82.05331420898438
Brent Oil,tscv_10,PatchTST+NLinear,PatchTST,NLinear,2024-07-08,85.184,97.74601650238037
Brent Oil,tscv_10,PatchTST+NLinear,PatchTST,NLinear,2024-07-15,84.28,99.90887069702148
Brent Oil,tscv_10,PatchTST+NLinear,PatchTST,NLinear,2024-07-22,81.724,97.24106884002686
Brent Oil,tscv_10,PatchTST+NLinear,PatchTST,NLinear,2024-07-29,78.41432857142857,98.4213285446167
Brent Oil,tscv_10,PatchTST+NLinear,PatchTST,NLinear,2024-08-05,78.48297142857143,97.10719585418701
Brent Oil,tscv_10,PatchTST+NLinear,PatchTST,NLinear,2024-08-12,80.38911428571429,93.08276271820068
Brent Oil,tscv_10,PatchTST+NLinear,PatchTST,NLinear,2024-08-19,77.96462857142856,98.19178199768066
Brent Oil,tscv_10,PatchTST+NLinear,PatchTST,NLinear,2024-08-26,78.09672857142857,97.62983131408691
Brent Oil,tscv_10,PatchTST+NLinear,PatchTST,NLinear,2024-09-02,72.91812857142857,102.26712989807129
Brent Oil,tscv_10,PatchTST+NLinear,PatchTST,NLinear,2024-09-09,71.21612857142857,94.81201171875
Brent Oil,tscv_10,PatchTST+NLinear,PatchTST,NLinear,2024-09-16,74.13544285714285,91.84457588195801
Brent Oil,tscv_10,PatchTST+NLinear,PatchTST,NLinear,2024-09-23,72.62645714285715,98.06388092041016
Brent Oil,tscv_10,PatchTST+XGB,PatchTST,XGB,2024-07-08,85.184,93.7238826751709
Brent Oil,tscv_10,PatchTST+XGB,PatchTST,XGB,2024-07-15,84.28,91.15745639801025
Brent Oil,tscv_10,PatchTST+XGB,PatchTST,XGB,2024-07-22,81.724,91.30664873123169
Brent Oil,tscv_10,PatchTST+XGB,PatchTST,XGB,2024-07-29,78.41432857142857,93.09425354003906
Brent Oil,tscv_10,PatchTST+XGB,PatchTST,XGB,2024-08-05,78.48297142857143,93.36099910736084
Brent Oil,tscv_10,PatchTST+XGB,PatchTST,XGB,2024-08-12,80.38911428571429,92.13848686218262
Brent Oil,tscv_10,PatchTST+XGB,PatchTST,XGB,2024-08-19,77.96462857142856,91.63555240631104
Brent Oil,tscv_10,PatchTST+XGB,PatchTST,XGB,2024-08-26,78.09672857142857,91.71233749389648
Brent Oil,tscv_10,PatchTST+XGB,PatchTST,XGB,2024-09-02,72.91812857142857,91.47739124298096
Brent Oil,tscv_10,PatchTST+XGB,PatchTST,XGB,2024-09-09,71.21612857142857,92.04830551147461
Brent Oil,tscv_10,PatchTST+XGB,PatchTST,XGB,2024-09-16,74.13544285714285,90.6876392364502
Brent Oil,tscv_10,PatchTST+XGB,PatchTST,XGB,2024-09-23,72.62645714285715,91.61304759979248
Brent Oil,tscv_10,PatchTST+LGBM,PatchTST,LGBM,2024-07-08,85.184,89.80913390327873
Brent Oil,tscv_10,PatchTST+LGBM,PatchTST,LGBM,2024-07-15,84.28,88.44102174988073
Brent Oil,tscv_10,PatchTST+LGBM,PatchTST,LGBM,2024-07-22,81.724,90.83315385892618
Brent Oil,tscv_10,PatchTST+LGBM,PatchTST,LGBM,2024-07-29,78.41432857142857,91.50422892847351
Brent Oil,tscv_10,PatchTST+LGBM,PatchTST,LGBM,2024-08-05,78.48297142857143,91.07312139884728
Brent Oil,tscv_10,PatchTST+LGBM,PatchTST,LGBM,2024-08-12,80.38911428571429,88.59938084833425
Brent Oil,tscv_10,PatchTST+LGBM,PatchTST,LGBM,2024-08-19,77.96462857142856,89.84095318544549
Brent Oil,tscv_10,PatchTST+LGBM,PatchTST,LGBM,2024-08-26,78.09672857142857,91.79657613303375
Brent Oil,tscv_10,PatchTST+LGBM,PatchTST,LGBM,2024-09-02,72.91812857142857,91.77054098948045
Brent Oil,tscv_10,PatchTST+LGBM,PatchTST,LGBM,2024-09-09,71.21612857142857,92.06987959687586
Brent Oil,tscv_10,PatchTST+LGBM,PatchTST,LGBM,2024-09-16,74.13544285714285,92.74709574104901
Brent Oil,tscv_10,PatchTST+LGBM,PatchTST,LGBM,2024-09-23,72.62645714285715,91.82734449273835
Brent Oil,tscv_11,PatchTST,PatchTST,-,2024-08-05,78.48297142857143,80.24655151367188
Brent Oil,tscv_11,PatchTST,PatchTST,-,2024-08-12,80.38911428571429,80.32606506347656
Brent Oil,tscv_11,PatchTST,PatchTST,-,2024-08-19,77.96462857142856,80.49079132080078
Brent Oil,tscv_11,PatchTST,PatchTST,-,2024-08-26,78.09672857142857,80.25181579589844
Brent Oil,tscv_11,PatchTST,PatchTST,-,2024-09-02,72.91812857142857,80.01644897460938
Brent Oil,tscv_11,PatchTST,PatchTST,-,2024-09-09,71.21612857142857,80.43391418457031
Brent Oil,tscv_11,PatchTST,PatchTST,-,2024-09-16,74.13544285714285,80.04952239990234
Brent Oil,tscv_11,PatchTST,PatchTST,-,2024-09-23,72.62645714285715,79.5055923461914
Brent Oil,tscv_11,PatchTST,PatchTST,-,2024-09-30,75.79288571428572,79.6578598022461
Brent Oil,tscv_11,PatchTST,PatchTST,-,2024-10-07,78.61448571428572,79.08259582519531
Brent Oil,tscv_11,PatchTST,PatchTST,-,2024-10-14,74.26461428571429,79.13602447509766
Brent Oil,tscv_11,PatchTST,PatchTST,-,2024-10-21,74.9179,78.8517837524414
Brent Oil,tscv_11,PatchTST+NLinear,PatchTST,NLinear,2024-08-05,78.48297142857143,76.30203533172607
Brent Oil,tscv_11,PatchTST+NLinear,PatchTST,NLinear,2024-08-12,80.38911428571429,84.97994899749756
Brent Oil,tscv_11,PatchTST+NLinear,PatchTST,NLinear,2024-08-19,77.96462857142856,81.73505115509033
Brent Oil,tscv_11,PatchTST+NLinear,PatchTST,NLinear,2024-08-26,78.09672857142857,86.48579549789429
Brent Oil,tscv_11,PatchTST+NLinear,PatchTST,NLinear,2024-09-02,72.91812857142857,87.2946548461914
Brent Oil,tscv_11,PatchTST+NLinear,PatchTST,NLinear,2024-09-09,71.21612857142857,91.77387142181396
Brent Oil,tscv_11,PatchTST+NLinear,PatchTST,NLinear,2024-09-16,74.13544285714285,88.79454326629639
Brent Oil,tscv_11,PatchTST+NLinear,PatchTST,NLinear,2024-09-23,72.62645714285715,88.07326316833496
Brent Oil,tscv_11,PatchTST+NLinear,PatchTST,NLinear,2024-09-30,75.79288571428572,90.21527767181396
Brent Oil,tscv_11,PatchTST+NLinear,PatchTST,NLinear,2024-10-07,78.61448571428572,81.59289741516113
Brent Oil,tscv_11,PatchTST+NLinear,PatchTST,NLinear,2024-10-14,74.26461428571429,84.51235389709473
Brent Oil,tscv_11,PatchTST+NLinear,PatchTST,NLinear,2024-10-21,74.9179,84.81705617904663
Brent Oil,tscv_11,PatchTST+XGB,PatchTST,XGB,2024-08-05,78.48297142857143,87.2649827003479
Brent Oil,tscv_11,PatchTST+XGB,PatchTST,XGB,2024-08-12,80.38911428571429,89.61571788787842
Brent Oil,tscv_11,PatchTST+XGB,PatchTST,XGB,2024-08-19,77.96462857142856,89.75379085540771
Brent Oil,tscv_11,PatchTST+XGB,PatchTST,XGB,2024-08-26,78.09672857142857,89.99066734313965
Brent Oil,tscv_11,PatchTST+XGB,PatchTST,XGB,2024-09-02,72.91812857142857,91.12010860443115
Brent Oil,tscv_11,PatchTST+XGB,PatchTST,XGB,2024-09-09,71.21612857142857,90.62467193603516
Brent Oil,tscv_11,PatchTST+XGB,PatchTST,XGB,2024-09-16,74.13544285714285,92.19628143310547
Brent Oil,tscv_11,PatchTST+XGB,PatchTST,XGB,2024-09-23,72.62645714285715,90.44950294494629
Brent Oil,tscv_11,PatchTST+XGB,PatchTST,XGB,2024-09-30,75.79288571428572,90.40158557891846
Brent Oil,tscv_11,PatchTST+XGB,PatchTST,XGB,2024-10-07,78.61448571428572,91.08702564239502
Brent Oil,tscv_11,PatchTST+XGB,PatchTST,XGB,2024-10-14,74.26461428571429,93.11829566955566
Brent Oil,tscv_11,PatchTST+XGB,PatchTST,XGB,2024-10-21,74.9179,92.68403053283691
Brent Oil,tscv_11,PatchTST+LGBM,PatchTST,LGBM,2024-08-05,78.48297142857143,87.81804971115407
Brent Oil,tscv_11,PatchTST+LGBM,PatchTST,LGBM,2024-08-12,80.38911428571429,88.71612531494931
Brent Oil,tscv_11,PatchTST+LGBM,PatchTST,LGBM,2024-08-19,77.96462857142856,91.65488562955024
Brent Oil,tscv_11,PatchTST+LGBM,PatchTST,LGBM,2024-08-26,78.09672857142857,93.2864525495041
Brent Oil,tscv_11,PatchTST+LGBM,PatchTST,LGBM,2024-09-02,72.91812857142857,93.9158397663538
Brent Oil,tscv_11,PatchTST+LGBM,PatchTST,LGBM,2024-09-09,71.21612857142857,95.54494965053368
Brent Oil,tscv_11,PatchTST+LGBM,PatchTST,LGBM,2024-09-16,74.13544285714285,96.33227153481104
Brent Oil,tscv_11,PatchTST+LGBM,PatchTST,LGBM,2024-09-23,72.62645714285715,96.9262298624859
Brent Oil,tscv_11,PatchTST+LGBM,PatchTST,LGBM,2024-09-30,75.79288571428572,98.73364833125854
Brent Oil,tscv_11,PatchTST+LGBM,PatchTST,LGBM,2024-10-07,78.61448571428572,99.14749392709773
Brent Oil,tscv_11,PatchTST+LGBM,PatchTST,LGBM,2024-10-14,74.26461428571429,99.01016319607533
Brent Oil,tscv_11,PatchTST+LGBM,PatchTST,LGBM,2024-10-21,74.9179,97.39511649580865
Brent Oil,tscv_12,PatchTST,PatchTST,-,2024-09-02,72.91812857142857,81.768798828125
Brent Oil,tscv_12,PatchTST,PatchTST,-,2024-09-09,71.21612857142857,81.80973052978516
Brent Oil,tscv_12,PatchTST,PatchTST,-,2024-09-16,74.13544285714285,81.30303955078125
Brent Oil,tscv_12,PatchTST,PatchTST,-,2024-09-23,72.62645714285715,80.95223236083984
Brent Oil,tscv_12,PatchTST,PatchTST,-,2024-09-30,75.79288571428572,81.08613586425781
Brent Oil,tscv_12,PatchTST,PatchTST,-,2024-10-07,78.61448571428572,80.6446533203125
Brent Oil,tscv_12,PatchTST,PatchTST,-,2024-10-14,74.26461428571429,80.4164810180664
Brent Oil,tscv_12,PatchTST,PatchTST,-,2024-10-21,74.9179,80.1379623413086
Brent Oil,tscv_12,PatchTST,PatchTST,-,2024-10-28,72.14999999999999,80.37030029296875
Brent Oil,tscv_12,PatchTST,PatchTST,-,2024-11-04,74.63354285714286,80.58091735839844
Brent Oil,tscv_12,PatchTST,PatchTST,-,2024-11-11,71.7145,80.14213562011719
Brent Oil,tscv_12,PatchTST,PatchTST,-,2024-11-18,73.94105,79.7057876586914
Brent Oil,tscv_12,PatchTST+NLinear,PatchTST,NLinear,2024-09-02,72.91812857142857,89.82754707336426
Brent Oil,tscv_12,PatchTST+NLinear,PatchTST,NLinear,2024-09-09,71.21612857142857,86.50521421432495
Brent Oil,tscv_12,PatchTST+NLinear,PatchTST,NLinear,2024-09-16,74.13544285714285,86.10169696807861
Brent Oil,tscv_12,PatchTST+NLinear,PatchTST,NLinear,2024-09-23,72.62645714285715,88.95165395736694
Brent Oil,tscv_12,PatchTST+NLinear,PatchTST,NLinear,2024-09-30,75.79288571428572,87.31453657150269
Brent Oil,tscv_12,PatchTST+NLinear,PatchTST,NLinear,2024-10-07,78.61448571428572,83.9859573841095
Brent Oil,tscv_12,PatchTST+NLinear,PatchTST,NLinear,2024-10-14,74.26461428571429,87.24340438842773
Brent Oil,tscv_12,PatchTST+NLinear,PatchTST,NLinear,2024-10-21,74.9179,87.72849178314209
Brent Oil,tscv_12,PatchTST+NLinear,PatchTST,NLinear,2024-10-28,72.14999999999999,89.64194107055664
Brent Oil,tscv_12,PatchTST+NLinear,PatchTST,NLinear,2024-11-04,74.63354285714286,90.00464248657227
Brent Oil,tscv_12,PatchTST+NLinear,PatchTST,NLinear,2024-11-11,71.7145,90.87570285797119
Brent Oil,tscv_12,PatchTST+NLinear,PatchTST,NLinear,2024-11-18,73.94105,88.40717220306396
Brent Oil,tscv_12,PatchTST+XGB,PatchTST,XGB,2024-09-02,72.91812857142857,87.98400354385376
Brent Oil,tscv_12,PatchTST+XGB,PatchTST,XGB,2024-09-09,71.21612857142857,90.35067653656006
Brent Oil,tscv_12,PatchTST+XGB,PatchTST,XGB,2024-09-16,74.13544285714285,90.64394187927246
Brent Oil,tscv_12,PatchTST+XGB,PatchTST,XGB,2024-09-23,72.62645714285715,91.18393516540527
Brent Oil,tscv_12,PatchTST+XGB,PatchTST,XGB,2024-09-30,75.79288571428572,92.04558658599854
Brent Oil,tscv_12,PatchTST+XGB,PatchTST,XGB,2024-10-07,78.61448571428572,93.47805500030518
Brent Oil,tscv_12,PatchTST+XGB,PatchTST,XGB,2024-10-14,74.26461428571429,93.7765064239502
Brent Oil,tscv_12,PatchTST+XGB,PatchTST,XGB,2024-10-21,74.9179,92.84287452697754
Brent Oil,tscv_12,PatchTST+XGB,PatchTST,XGB,2024-10-28,72.14999999999999,92.01375770568848
Brent Oil,tscv_12,PatchTST+XGB,PatchTST,XGB,2024-11-04,74.63354285714286,91.51534748077393
Brent Oil,tscv_12,PatchTST+XGB,PatchTST,XGB,2024-11-11,71.7145,91.74850463867188
Brent Oil,tscv_12,PatchTST+XGB,PatchTST,XGB,2024-11-18,73.94105,89.40071105957031
Brent Oil,tscv_12,PatchTST+LGBM,PatchTST,LGBM,2024-09-02,72.91812857142857,91.5472684811733
Brent Oil,tscv_12,PatchTST+LGBM,PatchTST,LGBM,2024-09-09,71.21612857142857,92.97640402196447
Brent Oil,tscv_12,PatchTST+LGBM,PatchTST,LGBM,2024-09-16,74.13544285714285,93.10967877786001
Brent Oil,tscv_12,PatchTST+LGBM,PatchTST,LGBM,2024-09-23,72.62645714285715,92.27418745274015
Brent Oil,tscv_12,PatchTST+LGBM,PatchTST,LGBM,2024-09-30,75.79288571428572,97.21749977707145
Brent Oil,tscv_12,PatchTST+LGBM,PatchTST,LGBM,2024-10-07,78.61448571428572,98.53742859688514
Brent Oil,tscv_12,PatchTST+LGBM,PatchTST,LGBM,2024-10-14,74.26461428571429,97.5843663744192
Brent Oil,tscv_12,PatchTST+LGBM,PatchTST,LGBM,2024-10-21,74.9179,95.77260328729533
Brent Oil,tscv_12,PatchTST+LGBM,PatchTST,LGBM,2024-10-28,72.14999999999999,96.12973232434337
Brent Oil,tscv_12,PatchTST+LGBM,PatchTST,LGBM,2024-11-04,74.63354285714286,96.30776483722245
Brent Oil,tscv_12,PatchTST+LGBM,PatchTST,LGBM,2024-11-11,71.7145,95.27596520551062
Brent Oil,tscv_12,PatchTST+LGBM,PatchTST,LGBM,2024-11-18,73.94105,94.78671913219327
Brent Oil,tscv_13,PatchTST,PatchTST,-,2024-09-30,75.79288571428572,79.18458557128906
Brent Oil,tscv_13,PatchTST,PatchTST,-,2024-10-07,78.61448571428572,79.88396453857422
Brent Oil,tscv_13,PatchTST,PatchTST,-,2024-10-14,74.26461428571429,79.71897888183594
Brent Oil,tscv_13,PatchTST,PatchTST,-,2024-10-21,74.9179,79.33169555664062
Brent Oil,tscv_13,PatchTST,PatchTST,-,2024-10-28,72.14999999999999,79.1452407836914
Brent Oil,tscv_13,PatchTST,PatchTST,-,2024-11-04,74.63354285714286,78.97894287109375
Brent Oil,tscv_13,PatchTST,PatchTST,-,2024-11-11,71.7145,78.54869079589844
Brent Oil,tscv_13,PatchTST,PatchTST,-,2024-11-18,73.94105,79.16351318359375
Brent Oil,tscv_13,PatchTST,PatchTST,-,2024-11-25,72.44594285714285,79.1742172241211
Brent Oil,tscv_13,PatchTST,PatchTST,-,2024-12-02,71.92588571428571,79.02884674072266
Brent Oil,tscv_13,PatchTST,PatchTST,-,2024-12-09,73.48958571428571,79.02046966552734
Brent Oil,tscv_13,PatchTST,PatchTST,-,2024-12-16,73.21955714285714,78.59235382080078
Brent Oil,tscv_13,PatchTST+NLinear,PatchTST,NLinear,2024-09-30,75.79288571428572,85.60346221923828
Brent Oil,tscv_13,PatchTST+NLinear,PatchTST,NLinear,2024-10-07,78.61448571428572,83.93722248077393
Brent Oil,tscv_13,PatchTST+NLinear,PatchTST,NLinear,2024-10-14,74.26461428571429,78.99743008613586
Brent Oil,tscv_13,PatchTST+NLinear,PatchTST,NLinear,2024-10-21,74.9179,83.78289127349854
Brent Oil,tscv_13,PatchTST+NLinear,PatchTST,NLinear,2024-10-28,72.14999999999999,83.52647352218628
Brent Oil,tscv_13,PatchTST+NLinear,PatchTST,NLinear,2024-11-04,74.63354285714286,81.83280658721924
Brent Oil,tscv_13,PatchTST+NLinear,PatchTST,NLinear,2024-11-11,71.7145,80.642324924469
Brent Oil,tscv_13,PatchTST+NLinear,PatchTST,NLinear,2024-11-18,73.94105,84.90949535369873
Brent Oil,tscv_13,PatchTST+NLinear,PatchTST,NLinear,2024-11-25,72.44594285714285,87.83443546295166
Brent Oil,tscv_13,PatchTST+NLinear,PatchTST,NLinear,2024-12-02,71.92588571428571,86.02535247802734
Brent Oil,tscv_13,PatchTST+NLinear,PatchTST,NLinear,2024-12-09,73.48958571428571,89.9012565612793
Brent Oil,tscv_13,PatchTST+NLinear,PatchTST,NLinear,2024-12-16,73.21955714285714,85.19993686676025
Brent Oil,tscv_13,PatchTST+XGB,PatchTST,XGB,2024-09-30,75.79288571428572,87.80974197387695
Brent Oil,tscv_13,PatchTST+XGB,PatchTST,XGB,2024-10-07,78.61448571428572,92.39448261260986
Brent Oil,tscv_13,PatchTST+XGB,PatchTST,XGB,2024-10-14,74.26461428571429,96.61387252807617
Brent Oil,tscv_13,PatchTST+XGB,PatchTST,XGB,2024-10-21,74.9179,96.57796096801758
Brent Oil,tscv_13,PatchTST+XGB,PatchTST,XGB,2024-10-28,72.14999999999999,94.0118637084961
Brent Oil,tscv_13,PatchTST+XGB,PatchTST,XGB,2024-11-04,74.63354285714286,93.60631084442139
Brent Oil,tscv_13,PatchTST+XGB,PatchTST,XGB,2024-11-11,71.7145,92.5843152999878
Brent Oil,tscv_13,PatchTST+XGB,PatchTST,XGB,2024-11-18,73.94105,90.6017370223999
Brent Oil,tscv_13,PatchTST+XGB,PatchTST,XGB,2024-11-25,72.44594285714285,91.05941772460938
Brent Oil,tscv_13,PatchTST+XGB,PatchTST,XGB,2024-12-02,71.92588571428571,88.47175979614258
Brent Oil,tscv_13,PatchTST+XGB,PatchTST,XGB,2024-12-09,73.48958571428571,88.32688617706299
Brent Oil,tscv_13,PatchTST+XGB,PatchTST,XGB,2024-12-16,73.21955714285714,87.98689937591553
Brent Oil,tscv_13,PatchTST+LGBM,PatchTST,LGBM,2024-09-30,75.79288571428572,91.22523236504358
Brent Oil,tscv_13,PatchTST+LGBM,PatchTST,LGBM,2024-10-07,78.61448571428572,96.30703226372098
Brent Oil,tscv_13,PatchTST+LGBM,PatchTST,LGBM,2024-10-14,74.26461428571429,99.67749846109126
Brent Oil,tscv_13,PatchTST+LGBM,PatchTST,LGBM,2024-10-21,74.9179,98.98260580572048
Brent Oil,tscv_13,PatchTST+LGBM,PatchTST,LGBM,2024-10-28,72.14999999999999,99.0241539753388
Brent Oil,tscv_13,PatchTST+LGBM,PatchTST,LGBM,2024-11-04,74.63354285714286,98.61088733935783
Brent Oil,tscv_13,PatchTST+LGBM,PatchTST,LGBM,2024-11-11,71.7145,97.5237170438058
Brent Oil,tscv_13,PatchTST+LGBM,PatchTST,LGBM,2024-11-18,73.94105,96.80997087848273
Brent Oil,tscv_13,PatchTST+LGBM,PatchTST,LGBM,2024-11-25,72.44594285714285,96.7394935144672
Brent Oil,tscv_13,PatchTST+LGBM,PatchTST,LGBM,2024-12-02,71.92588571428571,96.37655413705686
Brent Oil,tscv_13,PatchTST+LGBM,PatchTST,LGBM,2024-12-09,73.48958571428571,96.14414287829726
Brent Oil,tscv_13,PatchTST+LGBM,PatchTST,LGBM,2024-12-16,73.21955714285714,96.3012662464833
Brent Oil,tscv_14,PatchTST,PatchTST,-,2024-10-28,72.14999999999999,77.33414459228516
Brent Oil,tscv_14,PatchTST,PatchTST,-,2024-11-04,74.63354285714286,77.61054229736328
Brent Oil,tscv_14,PatchTST,PatchTST,-,2024-11-11,71.7145,77.14922332763672
Brent Oil,tscv_14,PatchTST,PatchTST,-,2024-11-18,73.94105,77.33358764648438
Brent Oil,tscv_14,PatchTST,PatchTST,-,2024-11-25,72.44594285714285,77.28866577148438
Brent Oil,tscv_14,PatchTST,PatchTST,-,2024-12-02,71.92588571428571,77.39800262451172
Brent Oil,tscv_14,PatchTST,PatchTST,-,2024-12-09,73.48958571428571,76.74353790283203
Brent Oil,tscv_14,PatchTST,PatchTST,-,2024-12-16,73.21955714285714,76.87310791015625
Brent Oil,tscv_14,PatchTST,PatchTST,-,2024-12-23,73.4456857142857,76.28822326660156
Brent Oil,tscv_14,PatchTST,PatchTST,-,2024-12-30,75.35178333333333,76.48603820800781
Brent Oil,tscv_14,PatchTST,PatchTST,-,2025-01-06,77.89148333333334,76.5217514038086
Brent Oil,tscv_14,PatchTST,PatchTST,-,2025-01-13,80.95013333333334,76.23223114013672
Brent Oil,tscv_14,PatchTST+NLinear,PatchTST,NLinear,2024-10-28,72.14999999999999,80.08074188232422
Brent Oil,tscv_14,PatchTST+NLinear,PatchTST,NLinear,2024-11-04,74.63354285714286,87.12020683288574
Brent Oil,tscv_14,PatchTST+NLinear,PatchTST,NLinear,2024-11-11,71.7145,83.75850772857666
Brent Oil,tscv_14,PatchTST+NLinear,PatchTST,NLinear,2024-11-18,73.94105,80.98462057113647
Brent Oil,tscv_14,PatchTST+NLinear,PatchTST,NLinear,2024-11-25,72.44594285714285,79.90397834777832
Brent Oil,tscv_14,PatchTST+NLinear,PatchTST,NLinear,2024-12-02,71.92588571428571,83.05780029296875
Brent Oil,tscv_14,PatchTST+NLinear,PatchTST,NLinear,2024-12-09,73.48958571428571,82.17648029327393
Brent Oil,tscv_14,PatchTST+NLinear,PatchTST,NLinear,2024-12-16,73.21955714285714,79.13858008384705
Brent Oil,tscv_14,PatchTST+NLinear,PatchTST,NLinear,2024-12-23,73.4456857142857,79.71952962875366
Brent Oil,tscv_14,PatchTST+NLinear,PatchTST,NLinear,2024-12-30,75.35178333333333,81.28998470306396
Brent Oil,tscv_14,PatchTST+NLinear,PatchTST,NLinear,2025-01-06,77.89148333333334,84.72923469543457
Brent Oil,tscv_14,PatchTST+NLinear,PatchTST,NLinear,2025-01-13,80.95013333333334,83.17573928833008
Brent Oil,tscv_14,PatchTST+XGB,PatchTST,XGB,2024-10-28,72.14999999999999,84.41712808609009
Brent Oil,tscv_14,PatchTST+XGB,PatchTST,XGB,2024-11-04,74.63354285714286,85.3637924194336
Brent Oil,tscv_14,PatchTST+XGB,PatchTST,XGB,2024-11-11,71.7145,85.66881275177002
Brent Oil,tscv_14,PatchTST+XGB,PatchTST,XGB,2024-11-18,73.94105,88.19799327850342
Brent Oil,tscv_14,PatchTST+XGB,PatchTST,XGB,2024-11-25,72.44594285714285,86.38455486297607
Brent Oil,tscv_14,PatchTST+XGB,PatchTST,XGB,2024-12-02,71.92588571428571,85.37545013427734
Brent Oil,tscv_14,PatchTST+XGB,PatchTST,XGB,2024-12-09,73.48958571428571,85.01578426361084
Brent Oil,tscv_14,PatchTST+XGB,PatchTST,XGB,2024-12-16,73.21955714285714,85.63663578033447
Brent Oil,tscv_14,PatchTST+XGB,PatchTST,XGB,2024-12-23,73.4456857142857,84.62997817993164
Brent Oil,tscv_14,PatchTST+XGB,PatchTST,XGB,2024-12-30,75.35178333333333,83.47873163223267
Brent Oil,tscv_14,PatchTST+XGB,PatchTST,XGB,2025-01-06,77.89148333333334,84.6023416519165
Brent Oil,tscv_14,PatchTST+XGB,PatchTST,XGB,2025-01-13,80.95013333333334,83.3208236694336
Brent Oil,tscv_14,PatchTST+LGBM,PatchTST,LGBM,2024-10-28,72.14999999999999,83.43883455460434
Brent Oil,tscv_14,PatchTST+LGBM,PatchTST,LGBM,2024-11-04,74.63354285714286,85.93652118441813
Brent Oil,tscv_14,PatchTST+LGBM,PatchTST,LGBM,2024-11-11,71.7145,89.56554227260948
Brent Oil,tscv_14,PatchTST+LGBM,PatchTST,LGBM,2024-11-18,73.94105,90.28185980913113
Brent Oil,tscv_14,PatchTST+LGBM,PatchTST,LGBM,2024-11-25,72.44594285714285,91.96164479907819
Brent Oil,tscv_14,PatchTST+LGBM,PatchTST,LGBM,2024-12-02,71.92588571428571,94.53770488717639
Brent Oil,tscv_14,PatchTST+LGBM,PatchTST,LGBM,2024-12-09,73.48958571428571,93.94015466586681
Brent Oil,tscv_14,PatchTST+LGBM,PatchTST,LGBM,2024-12-16,73.21955714285714,93.45707917935442
Brent Oil,tscv_14,PatchTST+LGBM,PatchTST,LGBM,2024-12-23,73.4456857142857,89.34330535565663
Brent Oil,tscv_14,PatchTST+LGBM,PatchTST,LGBM,2024-12-30,75.35178333333333,87.14255645193836
Brent Oil,tscv_14,PatchTST+LGBM,PatchTST,LGBM,2025-01-06,77.89148333333334,84.84481547977491
Brent Oil,tscv_14,PatchTST+LGBM,PatchTST,LGBM,2025-01-13,80.95013333333334,82.42807451727275
Brent Oil,tscv_15,PatchTST,PatchTST,-,2024-11-25,72.44594285714285,76.24958038330078
Brent Oil,tscv_15,PatchTST,PatchTST,-,2024-12-02,71.92588571428571,76.53762817382812
Brent Oil,tscv_15,PatchTST,PatchTST,-,2024-12-09,73.48958571428571,76.5646743774414
Brent Oil,tscv_15,PatchTST,PatchTST,-,2024-12-16,73.21955714285714,76.10440826416016
Brent Oil,tscv_15,PatchTST,PatchTST,-,2024-12-23,73.4456857142857,75.96273040771484
Brent Oil,tscv_15,PatchTST,PatchTST,-,2024-12-30,75.35178333333333,75.52381134033203
Brent Oil,tscv_15,PatchTST,PatchTST,-,2025-01-06,77.89148333333334,75.81864166259766
Brent Oil,tscv_15,PatchTST,PatchTST,-,2025-01-13,80.95013333333334,75.83740997314453
Brent Oil,tscv_15,PatchTST,PatchTST,-,2025-01-20,78.79235,75.84358215332031
Brent Oil,tscv_15,PatchTST,PatchTST,-,2025-01-27,76.10587142857142,75.68345642089844
Brent Oil,tscv_15,PatchTST,PatchTST,-,2025-02-03,75.14843333333333,75.47572326660156
Brent Oil,tscv_15,PatchTST,PatchTST,-,2025-02-10,75.43816666666667,75.16319274902344
Brent Oil,tscv_15,PatchTST+NLinear,PatchTST,NLinear,2024-11-25,72.44594285714285,77.3449581861496
Brent Oil,tscv_15,PatchTST+NLinear,PatchTST,NLinear,2024-12-02,71.92588571428571,80.14243841171265
Brent Oil,tscv_15,PatchTST+NLinear,PatchTST,NLinear,2024-12-09,73.48958571428571,71.61124515533447
Brent Oil,tscv_15,PatchTST+NLinear,PatchTST,NLinear,2024-12-16,73.21955714285714,76.96301287412643
Brent Oil,tscv_15,PatchTST+NLinear,PatchTST,NLinear,2024-12-23,73.4456857142857,80.12222719192505
Brent Oil,tscv_15,PatchTST+NLinear,PatchTST,NLinear,2024-12-30,75.35178333333333,70.80454444885254
Brent Oil,tscv_15,PatchTST+NLinear,PatchTST,NLinear,2025-01-06,77.89148333333334,75.86552715301514
Brent Oil,tscv_15,PatchTST+NLinear,PatchTST,NLinear,2025-01-13,80.95013333333334,73.61006903648376
Brent Oil,tscv_15,PatchTST+NLinear,PatchTST,NLinear,2025-01-20,78.79235,78.09725499153137
Brent Oil,tscv_15,PatchTST+NLinear,PatchTST,NLinear,2025-01-27,76.10587142857142,76.25028026103973
Brent Oil,tscv_15,PatchTST+NLinear,PatchTST,NLinear,2025-02-03,75.14843333333333,76.6247410774231
Brent Oil,tscv_15,PatchTST+NLinear,PatchTST,NLinear,2025-02-10,75.43816666666667,71.64414978027344
Brent Oil,tscv_15,PatchTST+XGB,PatchTST,XGB,2024-11-25,72.44594285714285,81.37747097015381
Brent Oil,tscv_15,PatchTST+XGB,PatchTST,XGB,2024-12-02,71.92588571428571,82.35748720169067
Brent Oil,tscv_15,PatchTST+XGB,PatchTST,XGB,2024-12-09,73.48958571428571,83.18291711807251
Brent Oil,tscv_15,PatchTST+XGB,PatchTST,XGB,2024-12-16,73.21955714285714,83.47730731964111
Brent Oil,tscv_15,PatchTST+XGB,PatchTST,XGB,2024-12-23,73.4456857142857,83.0014910697937
Brent Oil,tscv_15,PatchTST+XGB,PatchTST,XGB,2024-12-30,75.35178333333333,83.2381362915039
Brent Oil,tscv_15,PatchTST+XGB,PatchTST,XGB,2025-01-06,77.89148333333334,84.83960151672363
Brent Oil,tscv_15,PatchTST+XGB,PatchTST,XGB,2025-01-13,80.95013333333334,82.88775539398193
Brent Oil,tscv_15,PatchTST+XGB,PatchTST,XGB,2025-01-20,78.79235,82.6328558921814
Brent Oil,tscv_15,PatchTST+XGB,PatchTST,XGB,2025-01-27,76.10587142857142,82.98454284667969
Brent Oil,tscv_15,PatchTST+XGB,PatchTST,XGB,2025-02-03,75.14843333333333,83.29420852661133
Brent Oil,tscv_15,PatchTST+XGB,PatchTST,XGB,2025-02-10,75.43816666666667,83.1122670173645
Brent Oil,tscv_15,PatchTST+LGBM,PatchTST,LGBM,2024-11-25,72.44594285714285,81.3691251647009
Brent Oil,tscv_15,PatchTST+LGBM,PatchTST,LGBM,2024-12-02,71.92588571428571,83.7313254741732
Brent Oil,tscv_15,PatchTST+LGBM,PatchTST,LGBM,2024-12-09,73.48958571428571,86.38337697759954
Brent Oil,tscv_15,PatchTST+LGBM,PatchTST,LGBM,2024-12-16,73.21955714285714,87.79531108122455
Brent Oil,tscv_15,PatchTST+LGBM,PatchTST,LGBM,2024-12-23,73.4456857142857,89.15119478371686
Brent Oil,tscv_15,PatchTST+LGBM,PatchTST,LGBM,2024-12-30,75.35178333333333,88.39974702379234
Brent Oil,tscv_15,PatchTST+LGBM,PatchTST,LGBM,2025-01-06,77.89148333333334,87.81442942524208
Brent Oil,tscv_15,PatchTST+LGBM,PatchTST,LGBM,2025-01-13,80.95013333333334,85.22752122427853
Brent Oil,tscv_15,PatchTST+LGBM,PatchTST,LGBM,2025-01-20,78.79235,85.08910818197364
Brent Oil,tscv_15,PatchTST+LGBM,PatchTST,LGBM,2025-01-27,76.10587142857142,83.48979190841577
Brent Oil,tscv_15,PatchTST+LGBM,PatchTST,LGBM,2025-02-03,75.14843333333333,82.30784948845776
Brent Oil,tscv_15,PatchTST+LGBM,PatchTST,LGBM,2025-02-10,75.43816666666667,79.45239246906193
Brent Oil,tscv_16,PatchTST,PatchTST,-,2024-12-23,73.4456857142857,77.41203308105469
Brent Oil,tscv_16,PatchTST,PatchTST,-,2024-12-30,75.35178333333333,77.03180694580078
Brent Oil,tscv_16,PatchTST,PatchTST,-,2025-01-06,77.89148333333334,77.42721557617188
Brent Oil,tscv_16,PatchTST,PatchTST,-,2025-01-13,80.95013333333334,77.04046630859375
Brent Oil,tscv_16,PatchTST,PatchTST,-,2025-01-20,78.79235,77.01393127441406
Brent Oil,tscv_16,PatchTST,PatchTST,-,2025-01-27,76.10587142857142,77.00473022460938
Brent Oil,tscv_16,PatchTST,PatchTST,-,2025-02-03,75.14843333333333,77.15171813964844
Brent Oil,tscv_16,PatchTST,PatchTST,-,2025-02-10,75.43816666666667,76.71036529541016
Brent Oil,tscv_16,PatchTST,PatchTST,-,2025-02-17,75.40466666666667,76.73316955566406
Brent Oil,tscv_16,PatchTST,PatchTST,-,2025-02-24,73.146,76.76866912841797
Brent Oil,tscv_16,PatchTST,PatchTST,-,2025-03-03,70.356,76.62367248535156
Brent Oil,tscv_16,PatchTST,PatchTST,-,2025-03-10,70.26238571428571,76.35887145996094
Brent Oil,tscv_16,PatchTST+NLinear,PatchTST,NLinear,2024-12-23,73.4456857142857,80.17692232131958
Brent Oil,tscv_16,PatchTST+NLinear,PatchTST,NLinear,2024-12-30,75.35178333333333,79.98229169845581
Brent Oil,tscv_16,PatchTST+NLinear,PatchTST,NLinear,2025-01-06,77.89148333333334,82.24748039245605
Brent Oil,tscv_16,PatchTST+NLinear,PatchTST,NLinear,2025-01-13,80.95013333333334,75.46667337417603
Brent Oil,tscv_16,PatchTST+NLinear,PatchTST,NLinear,2025-01-20,78.79235,83.23959493637085
Brent Oil,tscv_16,PatchTST+NLinear,PatchTST,NLinear,2025-01-27,76.10587142857142,78.77610874176025
Brent Oil,tscv_16,PatchTST+NLinear,PatchTST,NLinear,2025-02-03,75.14843333333333,82.64077758789062
Brent Oil,tscv_16,PatchTST+NLinear,PatchTST,NLinear,2025-02-10,75.43816666666667,83.01005363464355
Brent Oil,tscv_16,PatchTST+NLinear,PatchTST,NLinear,2025-02-17,75.40466666666667,83.61687326431274
Brent Oil,tscv_16,PatchTST+NLinear,PatchTST,NLinear,2025-02-24,73.146,80.28434228897095
Brent Oil,tscv_16,PatchTST+NLinear,PatchTST,NLinear,2025-03-03,70.356,73.71185874938965
Brent Oil,tscv_16,PatchTST+NLinear,PatchTST,NLinear,2025-03-10,70.26238571428571,81.64320278167725
Brent Oil,tscv_16,PatchTST+XGB,PatchTST,XGB,2024-12-23,73.4456857142857,81.35492658615112
Brent Oil,tscv_16,PatchTST+XGB,PatchTST,XGB,2024-12-30,75.35178333333333,81.53945302963257
Brent Oil,tscv_16,PatchTST+XGB,PatchTST,XGB,2025-01-06,77.89148333333334,81.97738552093506
Brent Oil,tscv_16,PatchTST+XGB,PatchTST,XGB,2025-01-13,80.95013333333334,81.00745177268982
Brent Oil,tscv_16,PatchTST+XGB,PatchTST,XGB,2025-01-20,78.79235,81.55768013000488
Brent Oil,tscv_16,PatchTST+XGB,PatchTST,XGB,2025-01-27,76.10587142857142,80.7421669960022
Brent Oil,tscv_16,PatchTST+XGB,PatchTST,XGB,2025-02-03,75.14843333333333,80.87721705436707
Brent Oil,tscv_16,PatchTST+XGB,PatchTST,XGB,2025-02-10,75.43816666666667,80.62577199935913
Brent Oil,tscv_16,PatchTST+XGB,PatchTST,XGB,2025-02-17,75.40466666666667,79.96706914901733
Brent Oil,tscv_16,PatchTST+XGB,PatchTST,XGB,2025-02-24,73.146,78.50266015529633
Brent Oil,tscv_16,PatchTST+XGB,PatchTST,XGB,2025-03-03,70.356,79.0136091709137
Brent Oil,tscv_16,PatchTST+XGB,PatchTST,XGB,2025-03-10,70.26238571428571,79.07394623756409
Brent Oil,tscv_16,PatchTST+LGBM,PatchTST,LGBM,2024-12-23,73.4456857142857,79.69802823570511
Brent Oil,tscv_16,PatchTST+LGBM,PatchTST,LGBM,2024-12-30,75.35178333333333,80.30675672671373
Brent Oil,tscv_16,PatchTST+LGBM,PatchTST,LGBM,2025-01-06,77.89148333333334,81.81535762365367
Brent Oil,tscv_16,PatchTST+LGBM,PatchTST,LGBM,2025-01-13,80.95013333333334,80.08261113416586
Brent Oil,tscv_16,PatchTST+LGBM,PatchTST,LGBM,2025-01-20,78.79235,79.41871635436769
Brent Oil,tscv_16,PatchTST+LGBM,PatchTST,LGBM,2025-01-27,76.10587142857142,79.92656444604458
Brent Oil,tscv_16,PatchTST+LGBM,PatchTST,LGBM,2025-02-03,75.14843333333333,79.43301794838791
Brent Oil,tscv_16,PatchTST+LGBM,PatchTST,LGBM,2025-02-10,75.43816666666667,79.53527749451285
Brent Oil,tscv_16,PatchTST+LGBM,PatchTST,LGBM,2025-02-17,75.40466666666667,78.84929356099403
Brent Oil,tscv_16,PatchTST+LGBM,PatchTST,LGBM,2025-02-24,73.146,80.17882060355694
Brent Oil,tscv_16,PatchTST+LGBM,PatchTST,LGBM,2025-03-03,70.356,80.1550053384255
Brent Oil,tscv_16,PatchTST+LGBM,PatchTST,LGBM,2025-03-10,70.26238571428571,82.00399355394042
Brent Oil,tscv_17,PatchTST,PatchTST,-,2025-01-20,78.79235,73.91093444824219
Brent Oil,tscv_17,PatchTST,PatchTST,-,2025-01-27,76.10587142857142,74.08094024658203
Brent Oil,tscv_17,PatchTST,PatchTST,-,2025-02-03,75.14843333333333,74.05916595458984
Brent Oil,tscv_17,PatchTST,PatchTST,-,2025-02-10,75.43816666666667,74.06948852539062
Brent Oil,tscv_17,PatchTST,PatchTST,-,2025-02-17,75.40466666666667,74.10369110107422
Brent Oil,tscv_17,PatchTST,PatchTST,-,2025-02-24,73.146,74.1146240234375
Brent Oil,tscv_17,PatchTST,PatchTST,-,2025-03-03,70.356,73.8403549194336
Brent Oil,tscv_17,PatchTST,PatchTST,-,2025-03-10,70.26238571428571,73.98505401611328
Brent Oil,tscv_17,PatchTST,PatchTST,-,2025-03-17,71.52252857142857,73.86297607421875
Brent Oil,tscv_17,PatchTST,PatchTST,-,2025-03-24,73.04027142857143,73.84049224853516
Brent Oil,tscv_17,PatchTST,PatchTST,-,2025-03-31,69.90252857142858,73.84320068359375
Brent Oil,tscv_17,PatchTST,PatchTST,-,2025-04-07,64.27491428571429,73.96659851074219
Brent Oil,tscv_17,PatchTST+NLinear,PatchTST,NLinear,2025-01-20,78.79235,85.50306510925293
Brent Oil,tscv_17,PatchTST+NLinear,PatchTST,NLinear,2025-01-27,76.10587142857142,85.62617588043213
Brent Oil,tscv_17,PatchTST+NLinear,PatchTST,NLinear,2025-02-03,75.14843333333333,82.46924591064453
Brent Oil,tscv_17,PatchTST+NLinear,PatchTST,NLinear,2025-02-10,75.43816666666667,83.62058162689209
Brent Oil,tscv_17,PatchTST+NLinear,PatchTST,NLinear,2025-02-17,75.40466666666667,87.07885932922363
Brent Oil,tscv_17,PatchTST+NLinear,PatchTST,NLinear,2025-02-24,73.146,81.49705123901367
Brent Oil,tscv_17,PatchTST+NLinear,PatchTST,NLinear,2025-03-03,70.356,85.54928779602051
Brent Oil,tscv_17,PatchTST+NLinear,PatchTST,NLinear,2025-03-10,70.26238571428571,81.84416675567627
Brent Oil,tscv_17,PatchTST+NLinear,PatchTST,NLinear,2025-03-17,71.52252857142857,81.45537519454956
Brent Oil,tscv_17,PatchTST+NLinear,PatchTST,NLinear,2025-03-24,73.04027142857143,80.33297634124756
Brent Oil,tscv_17,PatchTST+NLinear,PatchTST,NLinear,2025-03-31,69.90252857142858,76.792236328125
Brent Oil,tscv_17,PatchTST+NLinear,PatchTST,NLinear,2025-04-07,64.27491428571429,81.88418292999268
Brent Oil,tscv_17,PatchTST+XGB,PatchTST,XGB,2025-01-20,78.79235,82.30028915405273
Brent Oil,tscv_17,PatchTST+XGB,PatchTST,XGB,2025-01-27,76.10587142857142,80.14274644851685
Brent Oil,tscv_17,PatchTST+XGB,PatchTST,XGB,2025-02-03,75.14843333333333,79.936514377594
Brent Oil,tscv_17,PatchTST+XGB,PatchTST,XGB,2025-02-10,75.43816666666667,80.42495012283325
Brent Oil,tscv_17,PatchTST+XGB,PatchTST,XGB,2025-02-17,75.40466666666667,80.70139408111572
Brent Oil,tscv_17,PatchTST+XGB,PatchTST,XGB,2025-02-24,73.146,79.1031289100647
Brent Oil,tscv_17,PatchTST+XGB,PatchTST,XGB,2025-03-03,70.356,78.42617464065552
Brent Oil,tscv_17,PatchTST+XGB,PatchTST,XGB,2025-03-10,70.26238571428571,78.93294858932495
Brent Oil,tscv_17,PatchTST+XGB,PatchTST,XGB,2025-03-17,71.52252857142857,77.41747212409973
Brent Oil,tscv_17,PatchTST+XGB,PatchTST,XGB,2025-03-24,73.04027142857143,76.57035660743713
Brent Oil,tscv_17,PatchTST+XGB,PatchTST,XGB,2025-03-31,69.90252857142858,79.23864459991455
Brent Oil,tscv_17,PatchTST+XGB,PatchTST,XGB,2025-04-07,64.27491428571429,79.6109266281128
Brent Oil,tscv_17,PatchTST+LGBM,PatchTST,LGBM,2025-01-20,78.79235,81.21639039081307
Brent Oil,tscv_17,PatchTST+LGBM,PatchTST,LGBM,2025-01-27,76.10587142857142,79.36915798285465
Brent Oil,tscv_17,PatchTST+LGBM,PatchTST,LGBM,2025-02-03,75.14843333333333,78.4616160910304
Brent Oil,tscv_17,PatchTST+LGBM,PatchTST,LGBM,2025-02-10,75.43816666666667,78.30330737032686
Brent Oil,tscv_17,PatchTST+LGBM,PatchTST,LGBM,2025-02-17,75.40466666666667,78.16038659737859
Brent Oil,tscv_17,PatchTST+LGBM,PatchTST,LGBM,2025-02-24,73.146,78.77814399222493
Brent Oil,tscv_17,PatchTST+LGBM,PatchTST,LGBM,2025-03-03,70.356,77.75771090262347
Brent Oil,tscv_17,PatchTST+LGBM,PatchTST,LGBM,2025-03-10,70.26238571428571,80.51665302270992
Brent Oil,tscv_17,PatchTST+LGBM,PatchTST,LGBM,2025-03-17,71.52252857142857,81.48314287999769
Brent Oil,tscv_17,PatchTST+LGBM,PatchTST,LGBM,2025-03-24,73.04027142857143,79.71121509231197
Brent Oil,tscv_17,PatchTST+LGBM,PatchTST,LGBM,2025-03-31,69.90252857142858,81.55960064804447
Brent Oil,tscv_17,PatchTST+LGBM,PatchTST,LGBM,2025-04-07,64.27491428571429,81.11621143198893
Brent Oil,tscv_18,PatchTST,PatchTST,-,2025-02-17,75.40466666666667,71.94212341308594
Brent Oil,tscv_18,PatchTST,PatchTST,-,2025-02-24,73.146,71.9964370727539
Brent Oil,tscv_18,PatchTST,PatchTST,-,2025-03-03,70.356,71.85037231445312
Brent Oil,tscv_18,PatchTST,PatchTST,-,2025-03-10,70.26238571428571,71.76799011230469
Brent Oil,tscv_18,PatchTST,PatchTST,-,2025-03-17,71.52252857142857,71.59457397460938
Brent Oil,tscv_18,PatchTST,PatchTST,-,2025-03-24,73.04027142857143,71.76441955566406
Brent Oil,tscv_18,PatchTST,PatchTST,-,2025-03-31,69.90252857142858,71.6579360961914
Brent Oil,tscv_18,PatchTST,PatchTST,-,2025-04-07,64.27491428571429,71.60479736328125
Brent Oil,tscv_18,PatchTST,PatchTST,-,2025-04-14,66.60935714285714,71.84442901611328
Brent Oil,tscv_18,PatchTST,PatchTST,-,2025-04-21,66.57654285714285,71.8416519165039
Brent Oil,tscv_18,PatchTST,PatchTST,-,2025-04-28,61.81767142857143,71.74761962890625
Brent Oil,tscv_18,PatchTST,PatchTST,-,2025-05-05,62.62345714285714,71.72148132324219
Brent Oil,tscv_18,PatchTST+NLinear,PatchTST,NLinear,2025-02-17,75.40466666666667,79.79796981811523
Brent Oil,tscv_18,PatchTST+NLinear,PatchTST,NLinear,2025-02-24,73.146,82.64661693572998
Brent Oil,tscv_18,PatchTST+NLinear,PatchTST,NLinear,2025-03-03,70.356,79.15948677062988
Brent Oil,tscv_18,PatchTST+NLinear,PatchTST,NLinear,2025-03-10,70.26238571428571,80.12927627563477
Brent Oil,tscv_18,PatchTST+NLinear,PatchTST,NLinear,2025-03-17,71.52252857142857,79.74914836883545
Brent Oil,tscv_18,PatchTST+NLinear,PatchTST,NLinear,2025-03-24,73.04027142857143,80.80368900299072
Brent Oil,tscv_18,PatchTST+NLinear,PatchTST,NLinear,2025-03-31,69.90252857142858,82.35505867004395
Brent Oil,tscv_18,PatchTST+NLinear,PatchTST,NLinear,2025-04-07,64.27491428571429,82.75243186950684
Brent Oil,tscv_18,PatchTST+NLinear,PatchTST,NLinear,2025-04-14,66.60935714285714,81.77905178070068
Brent Oil,tscv_18,PatchTST+NLinear,PatchTST,NLinear,2025-04-21,66.57654285714285,77.02006769180298
Brent Oil,tscv_18,PatchTST+NLinear,PatchTST,NLinear,2025-04-28,61.81767142857143,79.43198013305664
Brent Oil,tscv_18,PatchTST+NLinear,PatchTST,NLinear,2025-05-05,62.62345714285714,78.78720092773438
Brent Oil,tscv_18,PatchTST+XGB,PatchTST,XGB,2025-02-17,75.40466666666667,80.00293922424316
Brent Oil,tscv_18,PatchTST+XGB,PatchTST,XGB,2025-02-24,73.146,77.98706102371216
Brent Oil,tscv_18,PatchTST+XGB,PatchTST,XGB,2025-03-03,70.356,77.11046934127808
Brent Oil,tscv_18,PatchTST+XGB,PatchTST,XGB,2025-03-10,70.26238571428571,76.26100015640259
Brent Oil,tscv_18,PatchTST+XGB,PatchTST,XGB,2025-03-17,71.52252857142857,75.4815456867218
Brent Oil,tscv_18,PatchTST+XGB,PatchTST,XGB,2025-03-24,73.04027142857143,75.18388652801514
Brent Oil,tscv_18,PatchTST+XGB,PatchTST,XGB,2025-03-31,69.90252857142858,76.24364614486694
Brent Oil,tscv_18,PatchTST+XGB,PatchTST,XGB,2025-04-07,64.27491428571429,77.32494831085205
Brent Oil,tscv_18,PatchTST+XGB,PatchTST,XGB,2025-04-14,66.60935714285714,76.49514627456665
Brent Oil,tscv_18,PatchTST+XGB,PatchTST,XGB,2025-04-21,66.57654285714285,77.0541558265686
Brent Oil,tscv_18,PatchTST+XGB,PatchTST,XGB,2025-04-28,61.81767142857143,75.05565142631531
Brent Oil,tscv_18,PatchTST+XGB,PatchTST,XGB,2025-05-05,62.62345714285714,75.41366004943848
Brent Oil,tscv_18,PatchTST+LGBM,PatchTST,LGBM,2025-02-17,75.40466666666667,78.71858270692951
Brent Oil,tscv_18,PatchTST+LGBM,PatchTST,LGBM,2025-02-24,73.146,78.6148712383224
Brent Oil,tscv_18,PatchTST+LGBM,PatchTST,LGBM,2025-03-03,70.356,76.82821768263301
Brent Oil,tscv_18,PatchTST+LGBM,PatchTST,LGBM,2025-03-10,70.26238571428571,77.30885502212142
Brent Oil,tscv_18,PatchTST+LGBM,PatchTST,LGBM,2025-03-17,71.52252857142857,76.63424830059294
Brent Oil,tscv_18,PatchTST+LGBM,PatchTST,LGBM,2025-03-24,73.04027142857143,77.10081361435456
Brent Oil,tscv_18,PatchTST+LGBM,PatchTST,LGBM,2025-03-31,69.90252857142858,77.05097645123254
Brent Oil,tscv_18,PatchTST+LGBM,PatchTST,LGBM,2025-04-07,64.27491428571429,74.44089580668997
Brent Oil,tscv_18,PatchTST+LGBM,PatchTST,LGBM,2025-04-14,66.60935714285714,74.774259268837
Brent Oil,tscv_18,PatchTST+LGBM,PatchTST,LGBM,2025-04-21,66.57654285714285,73.71075532743254
Brent Oil,tscv_18,PatchTST+LGBM,PatchTST,LGBM,2025-04-28,61.81767142857143,71.85353550249002
Brent Oil,tscv_18,PatchTST+LGBM,PatchTST,LGBM,2025-05-05,62.62345714285714,72.88514868634778
Brent Oil,tscv_19,PatchTST,PatchTST,-,2025-03-17,71.52252857142857,69.81927490234375
Brent Oil,tscv_19,PatchTST,PatchTST,-,2025-03-24,73.04027142857143,69.74891662597656
Brent Oil,tscv_19,PatchTST,PatchTST,-,2025-03-31,69.90252857142858,69.77272033691406
Brent Oil,tscv_19,PatchTST,PatchTST,-,2025-04-07,64.27491428571429,69.8493881225586
Brent Oil,tscv_19,PatchTST,PatchTST,-,2025-04-14,66.60935714285714,69.76236724853516
Brent Oil,tscv_19,PatchTST,PatchTST,-,2025-04-21,66.57654285714285,69.8272705078125
Brent Oil,tscv_19,PatchTST,PatchTST,-,2025-04-28,61.81767142857143,69.78071594238281
Brent Oil,tscv_19,PatchTST,PatchTST,-,2025-05-05,62.62345714285714,69.93758392333984
Brent Oil,tscv_19,PatchTST,PatchTST,-,2025-05-12,65.50987142857143,69.64039611816406
Brent Oil,tscv_19,PatchTST,PatchTST,-,2025-05-19,65.00295714285714,69.85655975341797
Brent Oil,tscv_19,PatchTST,PatchTST,-,2025-05-26,63.65324285714286,69.96183776855469
Brent Oil,tscv_19,PatchTST,PatchTST,-,2025-06-02,65.69291428571428,69.79487609863281
Brent Oil,tscv_19,PatchTST+NLinear,PatchTST,NLinear,2025-03-17,71.52252857142857,73.50126957893372
Brent Oil,tscv_19,PatchTST+NLinear,PatchTST,NLinear,2025-03-24,73.04027142857143,75.16701698303223
Brent Oil,tscv_19,PatchTST+NLinear,PatchTST,NLinear,2025-03-31,69.90252857142858,76.04506301879883
Brent Oil,tscv_19,PatchTST+NLinear,PatchTST,NLinear,2025-04-07,64.27491428571429,78.0309886932373
Brent Oil,tscv_19,PatchTST+NLinear,PatchTST,NLinear,2025-04-14,66.60935714285714,79.6049222946167
Brent Oil,tscv_19,PatchTST+NLinear,PatchTST,NLinear,2025-04-21,66.57654285714285,78.93260192871094
Brent Oil,tscv_19,PatchTST+NLinear,PatchTST,NLinear,2025-04-28,61.81767142857143,78.69333457946777
Brent Oil,tscv_19,PatchTST+NLinear,PatchTST,NLinear,2025-05-05,62.62345714285714,77.59753179550171
Brent Oil,tscv_19,PatchTST+NLinear,PatchTST,NLinear,2025-05-12,65.50987142857143,75.03501987457275
Brent Oil,tscv_19,PatchTST+NLinear,PatchTST,NLinear,2025-05-19,65.00295714285714,72.63056087493896
Brent Oil,tscv_19,PatchTST+NLinear,PatchTST,NLinear,2025-05-26,63.65324285714286,71.73453497886658
Brent Oil,tscv_19,PatchTST+NLinear,PatchTST,NLinear,2025-06-02,65.69291428571428,73.42962980270386
Brent Oil,tscv_19,PatchTST+XGB,PatchTST,XGB,2025-03-17,71.52252857142857,73.78271818161011
Brent Oil,tscv_19,PatchTST+XGB,PatchTST,XGB,2025-03-24,73.04027142857143,73.67292785644531
Brent Oil,tscv_19,PatchTST+XGB,PatchTST,XGB,2025-03-31,69.90252857142858,74.17325067520142
Brent Oil,tscv_19,PatchTST+XGB,PatchTST,XGB,2025-04-07,64.27491428571429,76.2003846168518
Brent Oil,tscv_19,PatchTST+XGB,PatchTST,XGB,2025-04-14,66.60935714285714,76.07220697402954
Brent Oil,tscv_19,PatchTST+XGB,PatchTST,XGB,2025-04-21,66.57654285714285,76.4047155380249
Brent Oil,tscv_19,PatchTST+XGB,PatchTST,XGB,2025-04-28,61.81767142857143,75.76818943023682
Brent Oil,tscv_19,PatchTST+XGB,PatchTST,XGB,2025-05-05,62.62345714285714,75.16688919067383
Brent Oil,tscv_19,PatchTST+XGB,PatchTST,XGB,2025-05-12,65.50987142857143,75.75108432769775
Brent Oil,tscv_19,PatchTST+XGB,PatchTST,XGB,2025-05-19,65.00295714285714,74.47912406921387
Brent Oil,tscv_19,PatchTST+XGB,PatchTST,XGB,2025-05-26,63.65324285714286,74.28303909301758
Brent Oil,tscv_19,PatchTST+XGB,PatchTST,XGB,2025-06-02,65.69291428571428,72.82152843475342
Brent Oil,tscv_19,PatchTST+LGBM,PatchTST,LGBM,2025-03-17,71.52252857142857,72.86846913799597
Brent Oil,tscv_19,PatchTST+LGBM,PatchTST,LGBM,2025-03-24,73.04027142857143,74.06883722824458
Brent Oil,tscv_19,PatchTST+LGBM,PatchTST,LGBM,2025-03-31,69.90252857142858,75.50163330924103
Brent Oil,tscv_19,PatchTST+LGBM,PatchTST,LGBM,2025-04-07,64.27491428571429,74.62305347198159
Brent Oil,tscv_19,PatchTST+LGBM,PatchTST,LGBM,2025-04-14,66.60935714285714,73.2242142281526
Brent Oil,tscv_19,PatchTST+LGBM,PatchTST,LGBM,2025-04-21,66.57654285714285,72.8525424078107
Brent Oil,tscv_19,PatchTST+LGBM,PatchTST,LGBM,2025-04-28,61.81767142857143,71.5838977155693
Brent Oil,tscv_19,PatchTST+LGBM,PatchTST,LGBM,2025-05-05,62.62345714285714,72.55737162500606
Brent Oil,tscv_19,PatchTST+LGBM,PatchTST,LGBM,2025-05-12,65.50987142857143,72.27613652903534
Brent Oil,tscv_19,PatchTST+LGBM,PatchTST,LGBM,2025-05-19,65.00295714285714,72.22614473700114
Brent Oil,tscv_19,PatchTST+LGBM,PatchTST,LGBM,2025-05-26,63.65324285714286,71.86593216122658
Brent Oil,tscv_19,PatchTST+LGBM,PatchTST,LGBM,2025-06-02,65.69291428571428,71.41886854016076
Brent Oil,tscv_20,PatchTST,PatchTST,-,2025-04-14,66.60935714285714,70.24528503417969
Brent Oil,tscv_20,PatchTST,PatchTST,-,2025-04-21,66.57654285714285,70.37865447998047
Brent Oil,tscv_20,PatchTST,PatchTST,-,2025-04-28,61.81767142857143,70.36222839355469
Brent Oil,tscv_20,PatchTST,PatchTST,-,2025-05-05,62.62345714285714,70.4939193725586
Brent Oil,tscv_20,PatchTST,PatchTST,-,2025-05-12,65.50987142857143,70.36734771728516
Brent Oil,tscv_20,PatchTST,PatchTST,-,2025-05-19,65.00295714285714,70.4646224975586
Brent Oil,tscv_20,PatchTST,PatchTST,-,2025-05-26,63.65324285714286,70.63230895996094
Brent Oil,tscv_20,PatchTST,PatchTST,-,2025-06-02,65.69291428571428,70.5794448852539
Brent Oil,tscv_20,PatchTST,PatchTST,-,2025-06-09,70.90538571428571,70.59625244140625
Brent Oil,tscv_20,PatchTST,PatchTST,-,2025-06-16,76.53987142857143,70.57715606689453
Brent Oil,tscv_20,PatchTST,PatchTST,-,2025-06-23,67.52053333333333,70.5023422241211
Brent Oil,tscv_20,PatchTST,PatchTST,-,2025-06-30,67.94516666666667,70.62940979003906
Brent Oil,tscv_20,PatchTST+NLinear,PatchTST,NLinear,2025-04-14,66.60935714285714,74.71863889694214
Brent Oil,tscv_20,PatchTST+NLinear,PatchTST,NLinear,2025-04-21,66.57654285714285,72.06252264976501
Brent Oil,tscv_20,PatchTST+NLinear,PatchTST,NLinear,2025-04-28,61.81767142857143,74.32049942016602
Brent Oil,tscv_20,PatchTST+NLinear,PatchTST,NLinear,2025-05-05,62.62345714285714,74.33905792236328
Brent Oil,tscv_20,PatchTST+NLinear,PatchTST,NLinear,2025-05-12,65.50987142857143,73.66030764579773
Brent Oil,tscv_20,PatchTST+NLinear,PatchTST,NLinear,2025-05-19,65.00295714285714,75.45897674560547
Brent Oil,tscv_20,PatchTST+NLinear,PatchTST,NLinear,2025-05-26,63.65324285714286,75.68876028060913
Brent Oil,tscv_20,PatchTST+NLinear,PatchTST,NLinear,2025-06-02,65.69291428571428,79.41116046905518
Brent Oil,tscv_20,PatchTST+NLinear,PatchTST,NLinear,2025-06-09,70.90538571428571,77.31639051437378
Brent Oil,tscv_20,PatchTST+NLinear,PatchTST,NLinear,2025-06-16,76.53987142857143,76.97316837310791
Brent Oil,tscv_20,PatchTST+NLinear,PatchTST,NLinear,2025-06-23,67.52053333333333,79.16764831542969
Brent Oil,tscv_20,PatchTST+NLinear,PatchTST,NLinear,2025-06-30,67.94516666666667,77.68765783309937
Brent Oil,tscv_20,PatchTST+XGB,PatchTST,XGB,2025-04-14,66.60935714285714,74.7461519241333
Brent Oil,tscv_20,PatchTST+XGB,PatchTST,XGB,2025-04-21,66.57654285714285,75.5886869430542
Brent Oil,tscv_20,PatchTST+XGB,PatchTST,XGB,2025-04-28,61.81767142857143,75.95421361923218
Brent Oil,tscv_20,PatchTST+XGB,PatchTST,XGB,2025-05-05,62.62345714285714,76.0182294845581
Brent Oil,tscv_20,PatchTST+XGB,PatchTST,XGB,2025-05-12,65.50987142857143,76.78315019607544
Brent Oil,tscv_20,PatchTST+XGB,PatchTST,XGB,2025-05-19,65.00295714285714,75.77787494659424
Brent Oil,tscv_20,PatchTST+XGB,PatchTST,XGB,2025-05-26,63.65324285714286,75.2001690864563
Brent Oil,tscv_20,PatchTST+XGB,PatchTST,XGB,2025-06-02,65.69291428571428,73.87729620933533
Brent Oil,tscv_20,PatchTST+XGB,PatchTST,XGB,2025-06-09,70.90538571428571,75.21839237213135
Brent Oil,tscv_20,PatchTST+XGB,PatchTST,XGB,2025-06-16,76.53987142857143,74.58073282241821
Brent Oil,tscv_20,PatchTST+XGB,PatchTST,XGB,2025-06-23,67.52053333333333,75.6405348777771
Brent Oil,tscv_20,PatchTST+XGB,PatchTST,XGB,2025-06-30,67.94516666666667,77.16958236694336
Brent Oil,tscv_20,PatchTST+LGBM,PatchTST,LGBM,2025-04-14,66.60935714285714,72.52623164761404
Brent Oil,tscv_20,PatchTST+LGBM,PatchTST,LGBM,2025-04-21,66.57654285714285,73.67403370423793
Brent Oil,tscv_20,PatchTST+LGBM,PatchTST,LGBM,2025-04-28,61.81767142857143,73.49209849004077
Brent Oil,tscv_20,PatchTST+LGBM,PatchTST,LGBM,2025-05-05,62.62345714285714,74.23604355200855
Brent Oil,tscv_20,PatchTST+LGBM,PatchTST,LGBM,2025-05-12,65.50987142857143,73.14634336973718
Brent Oil,tscv_20,PatchTST+LGBM,PatchTST,LGBM,2025-05-19,65.00295714285714,72.79561238980176
Brent Oil,tscv_20,PatchTST+LGBM,PatchTST,LGBM,2025-05-26,63.65324285714286,72.09705432289672
Brent Oil,tscv_20,PatchTST+LGBM,PatchTST,LGBM,2025-06-02,65.69291428571428,72.94735074103572
Brent Oil,tscv_20,PatchTST+LGBM,PatchTST,LGBM,2025-06-09,70.90538571428571,72.58396756576673
Brent Oil,tscv_20,PatchTST+LGBM,PatchTST,LGBM,2025-06-16,76.53987142857143,74.01926515250558
Brent Oil,tscv_20,PatchTST+LGBM,PatchTST,LGBM,2025-06-23,67.52053333333333,76.11446091731386
Brent Oil,tscv_20,PatchTST+LGBM,PatchTST,LGBM,2025-06-30,67.94516666666667,75.79614554706289
Brent Oil,tscv_21,PatchTST,PatchTST,-,2025-05-12,65.50987142857143,62.70446014404297
Brent Oil,tscv_21,PatchTST,PatchTST,-,2025-05-19,65.00295714285714,62.746768951416016
Brent Oil,tscv_21,PatchTST,PatchTST,-,2025-05-26,63.65324285714286,62.91682815551758
Brent Oil,tscv_21,PatchTST,PatchTST,-,2025-06-02,65.69291428571428,63.05284881591797
Brent Oil,tscv_21,PatchTST,PatchTST,-,2025-06-09,70.90538571428571,63.018062591552734
Brent Oil,tscv_21,PatchTST,PatchTST,-,2025-06-16,76.53987142857143,63.3466682434082
Brent Oil,tscv_21,PatchTST,PatchTST,-,2025-06-23,67.52053333333333,63.53533172607422
Brent Oil,tscv_21,PatchTST,PatchTST,-,2025-06-30,67.94516666666667,63.62158203125
Brent Oil,tscv_21,PatchTST,PatchTST,-,2025-07-07,69.90603333333333,63.77826690673828
Brent Oil,tscv_21,PatchTST,PatchTST,-,2025-07-14,69.10815,63.8305778503418
Brent Oil,tscv_21,PatchTST,PatchTST,-,2025-07-21,68.7724,64.04582977294922
Brent Oil,tscv_21,PatchTST,PatchTST,-,2025-07-28,70.72326666666667,64.08097076416016
Brent Oil,tscv_21,PatchTST+NLinear,PatchTST,NLinear,2025-05-12,65.50987142857143,56.63218975067139
Brent Oil,tscv_21,PatchTST+NLinear,PatchTST,NLinear,2025-05-19,65.00295714285714,56.248446464538574
Brent Oil,tscv_21,PatchTST+NLinear,PatchTST,NLinear,2025-05-26,63.65324285714286,60.43786692619324
Brent Oil,tscv_21,PatchTST+NLinear,PatchTST,NLinear,2025-06-02,65.69291428571428,64.01986980438232
Brent Oil,tscv_21,PatchTST+NLinear,PatchTST,NLinear,2025-06-09,70.90538571428571,64.33931112289429
Brent Oil,tscv_21,PatchTST+NLinear,PatchTST,NLinear,2025-06-16,76.53987142857143,64.15906095504761
Brent Oil,tscv_21,PatchTST+NLinear,PatchTST,NLinear,2025-06-23,67.52053333333333,66.53403377532959
Brent Oil,tscv_21,PatchTST+NLinear,PatchTST,NLinear,2025-06-30,67.94516666666667,67.27989387512207
Brent Oil,tscv_21,PatchTST+NLinear,PatchTST,NLinear,2025-07-07,69.90603333333333,63.72751712799072
Brent Oil,tscv_21,PatchTST+NLinear,PatchTST,NLinear,2025-07-14,69.10815,65.74260711669922
Brent Oil,tscv_21,PatchTST+NLinear,PatchTST,NLinear,2025-07-21,68.7724,67.83071231842041
Brent Oil,tscv_21,PatchTST+NLinear,PatchTST,NLinear,2025-07-28,70.72326666666667,58.53791332244873
Brent Oil,tscv_21,PatchTST+XGB,PatchTST,XGB,2025-05-12,65.50987142857143,65.81280183792114
Brent Oil,tscv_21,PatchTST+XGB,PatchTST,XGB,2025-05-19,65.00295714285714,64.92493343353271
Brent Oil,tscv_21,PatchTST+XGB,PatchTST,XGB,2025-05-26,63.65324285714286,63.940168142318726
Brent Oil,tscv_21,PatchTST+XGB,PatchTST,XGB,2025-06-02,65.69291428571428,63.120173275470734
Brent Oil,tscv_21,PatchTST+XGB,PatchTST,XGB,2025-06-09,70.90538571428571,64.12256169319153
Brent Oil,tscv_21,PatchTST+XGB,PatchTST,XGB,2025-06-16,76.53987142857143,64.86965131759644
Brent Oil,tscv_21,PatchTST+XGB,PatchTST,XGB,2025-06-23,67.52053333333333,65.96975660324097
Brent Oil,tscv_21,PatchTST+XGB,PatchTST,XGB,2025-06-30,67.94516666666667,64.674853682518
Brent Oil,tscv_21,PatchTST+XGB,PatchTST,XGB,2025-07-07,69.90603333333333,65.09786772727966
Brent Oil,tscv_21,PatchTST+XGB,PatchTST,XGB,2025-07-14,69.10815,64.47302728891373
Brent Oil,tscv_21,PatchTST+XGB,PatchTST,XGB,2025-07-21,68.7724,67.00110793113708
Brent Oil,tscv_21,PatchTST+XGB,PatchTST,XGB,2025-07-28,70.72326666666667,66.1568706035614
Brent Oil,tscv_21,PatchTST+LGBM,PatchTST,LGBM,2025-05-12,65.50987142857143,62.65427749592798
Brent Oil,tscv_21,PatchTST+LGBM,PatchTST,LGBM,2025-05-19,65.00295714285714,61.896618519671904
Brent Oil,tscv_21,PatchTST+LGBM,PatchTST,LGBM,2025-05-26,63.65324285714286,61.180682933191946
Brent Oil,tscv_21,PatchTST+LGBM,PatchTST,LGBM,2025-06-02,65.69291428571428,60.66752228411117
Brent Oil,tscv_21,PatchTST+LGBM,PatchTST,LGBM,2025-06-09,70.90538571428571,61.11411159476104
Brent Oil,tscv_21,PatchTST+LGBM,PatchTST,LGBM,2025-06-16,76.53987142857143,63.2113820304787
Brent Oil,tscv_21,PatchTST+LGBM,PatchTST,LGBM,2025-06-23,67.52053333333333,62.33747811961322
Brent Oil,tscv_21,PatchTST+LGBM,PatchTST,LGBM,2025-06-30,67.94516666666667,64.02116414394365
Brent Oil,tscv_21,PatchTST+LGBM,PatchTST,LGBM,2025-07-07,69.90603333333333,64.1292579373793
Brent Oil,tscv_21,PatchTST+LGBM,PatchTST,LGBM,2025-07-14,69.10815,64.83631903201902
Brent Oil,tscv_21,PatchTST+LGBM,PatchTST,LGBM,2025-07-21,68.7724,66.34945910742474
Brent Oil,tscv_21,PatchTST+LGBM,PatchTST,LGBM,2025-07-28,70.72326666666667,66.66244228149478
Brent Oil,tscv_22,PatchTST,PatchTST,-,2025-06-09,70.90538571428571,63.95758819580078
Brent Oil,tscv_22,PatchTST,PatchTST,-,2025-06-16,76.53987142857143,64.1684341430664
Brent Oil,tscv_22,PatchTST,PatchTST,-,2025-06-23,67.52053333333333,63.984710693359375
Brent Oil,tscv_22,PatchTST,PatchTST,-,2025-06-30,67.94516666666667,64.37699890136719
Brent Oil,tscv_22,PatchTST,PatchTST,-,2025-07-07,69.90603333333333,64.5702133178711
Brent Oil,tscv_22,PatchTST,PatchTST,-,2025-07-14,69.10815,64.4781265258789
Brent Oil,tscv_22,PatchTST,PatchTST,-,2025-07-21,68.7724,64.6475830078125
Brent Oil,tscv_22,PatchTST,PatchTST,-,2025-07-28,70.72326666666667,64.7779541015625
Brent Oil,tscv_22,PatchTST,PatchTST,-,2025-08-04,67.10191666666667,64.942138671875
Brent Oil,tscv_22,PatchTST,PatchTST,-,2025-08-11,66.15611666666666,64.94036865234375
Brent Oil,tscv_22,PatchTST,PatchTST,-,2025-08-18,67.08045,65.26687622070312
Brent Oil,tscv_22,PatchTST,PatchTST,-,2025-08-25,67.60226666666667,65.2461166381836
Brent Oil,tscv_22,PatchTST+NLinear,PatchTST,NLinear,2025-06-09,70.90538571428571,68.5748233795166
Brent Oil,tscv_22,PatchTST+NLinear,PatchTST,NLinear,2025-06-16,76.53987142857143,68.00515460968018
Brent Oil,tscv_22,PatchTST+NLinear,PatchTST,NLinear,2025-06-23,67.52053333333333,68.88402032852173
Brent Oil,tscv_22,PatchTST+NLinear,PatchTST,NLinear,2025-06-30,67.94516666666667,69.89848136901855
Brent Oil,tscv_22,PatchTST+NLinear,PatchTST,NLinear,2025-07-07,69.90603333333333,67.86837935447693
Brent Oil,tscv_22,PatchTST+NLinear,PatchTST,NLinear,2025-07-14,69.10815,68.42511892318726
Brent Oil,tscv_22,PatchTST+NLinear,PatchTST,NLinear,2025-07-21,68.7724,66.47405016422272
Brent Oil,tscv_22,PatchTST+NLinear,PatchTST,NLinear,2025-07-28,70.72326666666667,65.4689792394638
Brent Oil,tscv_22,PatchTST+NLinear,PatchTST,NLinear,2025-08-04,67.10191666666667,66.61351311206818
Brent Oil,tscv_22,PatchTST+NLinear,PatchTST,NLinear,2025-08-11,66.15611666666666,68.4582941532135
Brent Oil,tscv_22,PatchTST+NLinear,PatchTST,NLinear,2025-08-18,67.08045,66.3804121017456
Brent Oil,tscv_22,PatchTST+NLinear,PatchTST,NLinear,2025-08-25,67.60226666666667,66.01288187503815
Brent Oil,tscv_22,PatchTST+XGB,PatchTST,XGB,2025-06-09,70.90538571428571,66.40779042243958
Brent Oil,tscv_22,PatchTST+XGB,PatchTST,XGB,2025-06-16,76.53987142857143,65.13110375404358
Brent Oil,tscv_22,PatchTST+XGB,PatchTST,XGB,2025-06-23,67.52053333333333,65.83391606807709
Brent Oil,tscv_22,PatchTST+XGB,PatchTST,XGB,2025-06-30,67.94516666666667,67.64323234558105
Brent Oil,tscv_22,PatchTST+XGB,PatchTST,XGB,2025-07-07,69.90603333333333,67.26828598976135
Brent Oil,tscv_22,PatchTST+XGB,PatchTST,XGB,2025-07-14,69.10815,66.8353488445282
Brent Oil,tscv_22,PatchTST+XGB,PatchTST,XGB,2025-07-21,68.7724,67.80463933944702
Brent Oil,tscv_22,PatchTST+XGB,PatchTST,XGB,2025-07-28,70.72326666666667,68.33204483985901
Brent Oil,tscv_22,PatchTST+XGB,PatchTST,XGB,2025-08-04,67.10191666666667,68.98724222183228
Brent Oil,tscv_22,PatchTST+XGB,PatchTST,XGB,2025-08-11,66.15611666666666,69.53856420516968
Brent Oil,tscv_22,PatchTST+XGB,PatchTST,XGB,2025-08-18,67.08045,69.69246482849121
Brent Oil,tscv_22,PatchTST+XGB,PatchTST,XGB,2025-08-25,67.60226666666667,69.30022525787354
Brent Oil,tscv_22,PatchTST+LGBM,PatchTST,LGBM,2025-06-09,70.90538571428571,65.16440290449923
Brent Oil,tscv_22,PatchTST+LGBM,PatchTST,LGBM,2025-06-16,76.53987142857143,65.9103102474016
Brent Oil,tscv_22,PatchTST+LGBM,PatchTST,LGBM,2025-06-23,67.52053333333333,66.3812815890399
Brent Oil,tscv_22,PatchTST+LGBM,PatchTST,LGBM,2025-06-30,67.94516666666667,66.01090083332421
Brent Oil,tscv_22,PatchTST+LGBM,PatchTST,LGBM,2025-07-07,69.90603333333333,65.97476632271879
Brent Oil,tscv_22,PatchTST+LGBM,PatchTST,LGBM,2025-07-14,69.10815,65.02212951867591
Brent Oil,tscv_22,PatchTST+LGBM,PatchTST,LGBM,2025-07-21,68.7724,66.1017341267648
Brent Oil,tscv_22,PatchTST+LGBM,PatchTST,LGBM,2025-07-28,70.72326666666667,67.76003351518509
Brent Oil,tscv_22,PatchTST+LGBM,PatchTST,LGBM,2025-08-04,67.10191666666667,69.48483526703382
Brent Oil,tscv_22,PatchTST+LGBM,PatchTST,LGBM,2025-08-11,66.15611666666666,69.53387424606261
Brent Oil,tscv_22,PatchTST+LGBM,PatchTST,LGBM,2025-08-18,67.08045,68.90745285576205
Brent Oil,tscv_22,PatchTST+LGBM,PatchTST,LGBM,2025-08-25,67.60226666666667,71.2057729055762
Brent Oil,tscv_23,PatchTST,PatchTST,-,2025-07-07,69.90603333333333,64.81876373291016
Brent Oil,tscv_23,PatchTST,PatchTST,-,2025-07-14,69.10815,65.0063247680664
Brent Oil,tscv_23,PatchTST,PatchTST,-,2025-07-21,68.7724,65.42254638671875
Brent Oil,tscv_23,PatchTST,PatchTST,-,2025-07-28,70.72326666666667,65.02838134765625
Brent Oil,tscv_23,PatchTST,PatchTST,-,2025-08-04,67.10191666666667,65.49263763427734
Brent Oil,tscv_23,PatchTST,PatchTST,-,2025-08-11,66.15611666666666,65.38449096679688
Brent Oil,tscv_23,PatchTST,PatchTST,-,2025-08-18,67.08045,65.40687561035156
Brent Oil,tscv_23,PatchTST,PatchTST,-,2025-08-25,67.60226666666667,65.5965347290039
Brent Oil,tscv_23,PatchTST,PatchTST,-,2025-09-01,67.27151666666667,66.00183868408203
Brent Oil,tscv_23,PatchTST,PatchTST,-,2025-09-08,66.77435,65.8502197265625
Brent Oil,tscv_23,PatchTST,PatchTST,-,2025-09-15,67.5166,66.40919494628906
Brent Oil,tscv_23,PatchTST,PatchTST,-,2025-09-22,68.50713333333333,66.01517486572266
Brent Oil,tscv_23,PatchTST+NLinear,PatchTST,NLinear,2025-07-07,69.90603333333333,67.14419746398926
Brent Oil,tscv_23,PatchTST+NLinear,PatchTST,NLinear,2025-07-14,69.10815,62.81708788871765
Brent Oil,tscv_23,PatchTST+NLinear,PatchTST,NLinear,2025-07-21,68.7724,64.7470680475235
Brent Oil,tscv_23,PatchTST+NLinear,PatchTST,NLinear,2025-07-28,70.72326666666667,61.45594072341919
Brent Oil,tscv_23,PatchTST+NLinear,PatchTST,NLinear,2025-08-04,67.10191666666667,61.1335334777832
Brent Oil,tscv_23,PatchTST+NLinear,PatchTST,NLinear,2025-08-11,66.15611666666666,62.21532583236694
Brent Oil,tscv_23,PatchTST+NLinear,PatchTST,NLinear,2025-08-18,67.08045,60.41501712799072
Brent Oil,tscv_23,PatchTST+NLinear,PatchTST,NLinear,2025-08-25,67.60226666666667,63.78444969654083
Brent Oil,tscv_23,PatchTST+NLinear,PatchTST,NLinear,2025-09-01,67.27151666666667,63.56362843513489
Brent Oil,tscv_23,PatchTST+NLinear,PatchTST,NLinear,2025-09-08,66.77435,64.82473945617676
Brent Oil,tscv_23,PatchTST+NLinear,PatchTST,NLinear,2025-09-15,67.5166,66.31640335917473
Brent Oil,tscv_23,PatchTST+NLinear,PatchTST,NLinear,2025-09-22,68.50713333333333,68.45800852775574
Brent Oil,tscv_23,PatchTST+XGB,PatchTST,XGB,2025-07-07,69.90603333333333,62.84091663360596
Brent Oil,tscv_23,PatchTST+XGB,PatchTST,XGB,2025-07-14,69.10815,63.66644549369812
Brent Oil,tscv_23,PatchTST+XGB,PatchTST,XGB,2025-07-21,68.7724,64.1879073381424
Brent Oil,tscv_23,PatchTST+XGB,PatchTST,XGB,2025-07-28,70.72326666666667,63.23243033885956
Brent Oil,tscv_23,PatchTST+XGB,PatchTST,XGB,2025-08-04,67.10191666666667,63.28111219406128
Brent Oil,tscv_23,PatchTST+XGB,PatchTST,XGB,2025-08-11,66.15611666666666,64.18251645565033
Brent Oil,tscv_23,PatchTST+XGB,PatchTST,XGB,2025-08-18,67.08045,65.01661142706871
Brent Oil,tscv_23,PatchTST+XGB,PatchTST,XGB,2025-08-25,67.60226666666667,66.10190522670746
Brent Oil,tscv_23,PatchTST+XGB,PatchTST,XGB,2025-09-01,67.27151666666667,67.59318971633911
Brent Oil,tscv_23,PatchTST+XGB,PatchTST,XGB,2025-09-08,66.77435,67.21473431587219
Brent Oil,tscv_23,PatchTST+XGB,PatchTST,XGB,2025-09-15,67.5166,69.32706785202026
Brent Oil,tscv_23,PatchTST+XGB,PatchTST,XGB,2025-09-22,68.50713333333333,69.93533229827881
Brent Oil,tscv_23,PatchTST+LGBM,PatchTST,LGBM,2025-07-07,69.90603333333333,64.59245062830689
Brent Oil,tscv_23,PatchTST+LGBM,PatchTST,LGBM,2025-07-14,69.10815,64.64696976056423
Brent Oil,tscv_23,PatchTST+LGBM,PatchTST,LGBM,2025-07-21,68.7724,63.933005978360725
Brent Oil,tscv_23,PatchTST+LGBM,PatchTST,LGBM,2025-07-28,70.72326666666667,65.12376633469704
Brent Oil,tscv_23,PatchTST+LGBM,PatchTST,LGBM,2025-08-04,67.10191666666667,66.16958010782771
Brent Oil,tscv_23,PatchTST+LGBM,PatchTST,LGBM,2025-08-11,66.15611666666666,63.866966497407894
Brent Oil,tscv_23,PatchTST+LGBM,PatchTST,LGBM,2025-08-18,67.08045,63.64018664665327
Brent Oil,tscv_23,PatchTST+LGBM,PatchTST,LGBM,2025-08-25,67.60226666666667,62.165822674217
Brent Oil,tscv_23,PatchTST+LGBM,PatchTST,LGBM,2025-09-01,67.27151666666667,64.00447717157137
Brent Oil,tscv_23,PatchTST+LGBM,PatchTST,LGBM,2025-09-08,66.77435,66.79485073237446
Brent Oil,tscv_23,PatchTST+LGBM,PatchTST,LGBM,2025-09-15,67.5166,68.11563582145436
Brent Oil,tscv_23,PatchTST+LGBM,PatchTST,LGBM,2025-09-22,68.50713333333333,68.45828692148666
Brent Oil,tscv_24,PatchTST,PatchTST,-,2025-08-04,67.10191666666667,66.53687286376953
Brent Oil,tscv_24,PatchTST,PatchTST,-,2025-08-11,66.15611666666666,66.19612884521484
Brent Oil,tscv_24,PatchTST,PatchTST,-,2025-08-18,67.08045,66.66334533691406
Brent Oil,tscv_24,PatchTST,PatchTST,-,2025-08-25,67.60226666666667,66.32547760009766
Brent Oil,tscv_24,PatchTST,PatchTST,-,2025-09-01,67.27151666666667,66.55802917480469
Brent Oil,tscv_24,PatchTST,PatchTST,-,2025-09-08,66.77435,66.93951416015625
Brent Oil,tscv_24,PatchTST,PatchTST,-,2025-09-15,67.5166,66.81501007080078
Brent Oil,tscv_24,PatchTST,PatchTST,-,2025-09-22,68.50713333333333,66.9664077758789
Brent Oil,tscv_24,PatchTST,PatchTST,-,2025-09-29,65.30098571428572,67.0041732788086
Brent Oil,tscv_24,PatchTST,PatchTST,-,2025-10-06,64.48927142857143,67.10600280761719
Brent Oil,tscv_24,PatchTST,PatchTST,-,2025-10-13,61.76795714285714,67.18603515625
Brent Oil,tscv_24,PatchTST,PatchTST,-,2025-10-20,63.90500000000001,67.14506530761719
Brent Oil,tscv_24,PatchTST+NLinear,PatchTST,NLinear,2025-08-04,67.10191666666667,67.22500610351562
Brent Oil,tscv_24,PatchTST+NLinear,PatchTST,NLinear,2025-08-11,66.15611666666666,69.59430074691772
Brent Oil,tscv_24,PatchTST+NLinear,PatchTST,NLinear,2025-08-18,67.08045,70.8392539024353
Brent Oil,tscv_24,PatchTST+NLinear,PatchTST,NLinear,2025-08-25,67.60226666666667,67.11517071723938
Brent Oil,tscv_24,PatchTST+NLinear,PatchTST,NLinear,2025-09-01,67.27151666666667,68.8112154006958
Brent Oil,tscv_24,PatchTST+NLinear,PatchTST,NLinear,2025-09-08,66.77435,72.57567882537842
Brent Oil,tscv_24,PatchTST+NLinear,PatchTST,NLinear,2025-09-15,67.5166,71.58447599411011
Brent Oil,tscv_24,PatchTST+NLinear,PatchTST,NLinear,2025-09-22,68.50713333333333,72.20067167282104
Brent Oil,tscv_24,PatchTST+NLinear,PatchTST,NLinear,2025-09-29,65.30098571428572,73.06702470779419
Brent Oil,tscv_24,PatchTST+NLinear,PatchTST,NLinear,2025-10-06,64.48927142857143,70.57051730155945
Brent Oil,tscv_24,PatchTST+NLinear,PatchTST,NLinear,2025-10-13,61.76795714285714,72.45418643951416
Brent Oil,tscv_24,PatchTST+NLinear,PatchTST,NLinear,2025-10-20,63.90500000000001,72.91109228134155
Brent Oil,tscv_24,PatchTST+XGB,PatchTST,XGB,2025-08-04,67.10191666666667,66.86351653933525
Brent Oil,tscv_24,PatchTST+XGB,PatchTST,XGB,2025-08-11,66.15611666666666,64.11153078079224
Brent Oil,tscv_24,PatchTST+XGB,PatchTST,XGB,2025-08-18,67.08045,65.2827867269516
Brent Oil,tscv_24,PatchTST+XGB,PatchTST,XGB,2025-08-25,67.60226666666667,64.64010834693909
Brent Oil,tscv_24,PatchTST+XGB,PatchTST,XGB,2025-09-01,67.27151666666667,65.18892455101013
Brent Oil,tscv_24,PatchTST+XGB,PatchTST,XGB,2025-09-08,66.77435,67.4033904671669
Brent Oil,tscv_24,PatchTST+XGB,PatchTST,XGB,2025-09-15,67.5166,68.80330419540405
Brent Oil,tscv_24,PatchTST+XGB,PatchTST,XGB,2025-09-22,68.50713333333333,68.30936086177826
Brent Oil,tscv_24,PatchTST+XGB,PatchTST,XGB,2025-09-29,65.30098571428572,67.66776168346405
Brent Oil,tscv_24,PatchTST+XGB,PatchTST,XGB,2025-10-06,64.48927142857143,70.58053541183472
Brent Oil,tscv_24,PatchTST+XGB,PatchTST,XGB,2025-10-13,61.76795714285714,70.30304193496704
Brent Oil,tscv_24,PatchTST+XGB,PatchTST,XGB,2025-10-20,63.90500000000001,69.74885869026184
Brent Oil,tscv_24,PatchTST+LGBM,PatchTST,LGBM,2025-08-04,67.10191666666667,66.6745898537126
Brent Oil,tscv_24,PatchTST+LGBM,PatchTST,LGBM,2025-08-11,66.15611666666666,63.309591007702394
Brent Oil,tscv_24,PatchTST+LGBM,PatchTST,LGBM,2025-08-18,67.08045,61.07285492183336
Brent Oil,tscv_24,PatchTST+LGBM,PatchTST,LGBM,2025-08-25,67.60226666666667,60.83445724658864
Brent Oil,tscv_24,PatchTST+LGBM,PatchTST,LGBM,2025-09-01,67.27151666666667,63.76561625611016
Brent Oil,tscv_24,PatchTST+LGBM,PatchTST,LGBM,2025-09-08,66.77435,64.53548619021127
Brent Oil,tscv_24,PatchTST+LGBM,PatchTST,LGBM,2025-09-15,67.5166,65.96448173307834
Brent Oil,tscv_24,PatchTST+LGBM,PatchTST,LGBM,2025-09-22,68.50713333333333,66.27867517778176
Brent Oil,tscv_24,PatchTST+LGBM,PatchTST,LGBM,2025-09-29,65.30098571428572,67.12603886893395
Brent Oil,tscv_24,PatchTST+LGBM,PatchTST,LGBM,2025-10-06,64.48927142857143,67.93748628649749
Brent Oil,tscv_24,PatchTST+LGBM,PatchTST,LGBM,2025-10-13,61.76795714285714,69.74649914172855
Brent Oil,tscv_24,PatchTST+LGBM,PatchTST,LGBM,2025-10-20,63.90500000000001,69.40281637610546
Brent Oil,holdout,PatchTST,PatchTST,-,2025-10-27,64.53285714285714,61.35142517089844
Brent Oil,holdout,PatchTST,PatchTST,-,2025-11-03,63.94032857142857,61.7341423034668
Brent Oil,holdout,PatchTST,PatchTST,-,2025-11-10,63.92447142857143,61.83198547363281
Brent Oil,holdout,PatchTST,PatchTST,-,2025-11-17,63.382628571428576,61.889381408691406
Brent Oil,holdout,PatchTST,PatchTST,-,2025-11-24,62.65865714285714,61.916038513183594
Brent Oil,holdout,PatchTST,PatchTST,-,2025-12-01,63.27702857142857,62.15872573852539
Brent Oil,holdout,PatchTST,PatchTST,-,2025-12-08,61.66008571428571,62.89274978637695
Brent Oil,holdout,PatchTST,PatchTST,-,2025-12-15,60.13292857142857,62.08223342895508
Brent Oil,holdout,PatchTST,PatchTST,-,2025-12-22,61.52321428571429,62.47443771362305
Brent Oil,holdout,PatchTST,PatchTST,-,2025-12-29,60.965500000000006,62.82513427734375
Brent Oil,holdout,PatchTST,PatchTST,-,2026-01-05,62.0721,62.79636001586914
Brent Oil,holdout,PatchTST,PatchTST,-,2026-01-12,64.25517142857143,62.82926559448242
Brent Oil,holdout,PatchTST+NLinear,PatchTST,NLinear,2025-10-27,64.53285714285714,56.08577537536621
Brent Oil,holdout,PatchTST+NLinear,PatchTST,NLinear,2025-11-03,63.94032857142857,53.56301021575928
Brent Oil,holdout,PatchTST+NLinear,PatchTST,NLinear,2025-11-10,63.92447142857143,56.982089042663574
Brent Oil,holdout,PatchTST+NLinear,PatchTST,NLinear,2025-11-17,63.382628571428576,56.62638521194458
Brent Oil,holdout,PatchTST+NLinear,PatchTST,NLinear,2025-11-24,62.65865714285714,54.44156551361084
Brent Oil,holdout,PatchTST+NLinear,PatchTST,NLinear,2025-12-01,63.27702857142857,54.802457332611084
Brent Oil,holdout,PatchTST+NLinear,PatchTST,NLinear,2025-12-08,61.66008571428571,58.641818046569824
Brent Oil,holdout,PatchTST+NLinear,PatchTST,NLinear,2025-12-15,60.13292857142857,54.267179012298584
Brent Oil,holdout,PatchTST+NLinear,PatchTST,NLinear,2025-12-22,61.52321428571429,55.49434471130371
Brent Oil,holdout,PatchTST+NLinear,PatchTST,NLinear,2025-12-29,60.965500000000006,53.678242683410645
Brent Oil,holdout,PatchTST+NLinear,PatchTST,NLinear,2026-01-05,62.0721,55.334237575531006
Brent Oil,holdout,PatchTST+NLinear,PatchTST,NLinear,2026-01-12,64.25517142857143,55.74290752410889
Brent Oil,holdout,PatchTST+XGB,PatchTST,XGB,2025-10-27,64.53285714285714,52.87691020965576
Brent Oil,holdout,PatchTST+XGB,PatchTST,XGB,2025-11-03,63.94032857142857,52.78757095336914
Brent Oil,holdout,PatchTST+XGB,PatchTST,XGB,2025-11-10,63.92447142857143,54.057716846466064
Brent Oil,holdout,PatchTST+XGB,PatchTST,XGB,2025-11-17,63.382628571428576,56.82913255691528
Brent Oil,holdout,PatchTST+XGB,PatchTST,XGB,2025-11-24,62.65865714285714,56.58283519744873
Brent Oil,holdout,PatchTST+XGB,PatchTST,XGB,2025-12-01,63.27702857142857,58.5273118019104
Brent Oil,holdout,PatchTST+XGB,PatchTST,XGB,2025-12-08,61.66008571428571,59.173375606536865
Brent Oil,holdout,PatchTST+XGB,PatchTST,XGB,2025-12-15,60.13292857142857,61.44329899549484
Brent Oil,holdout,PatchTST+XGB,PatchTST,XGB,2025-12-22,61.52321428571429,60.58946931362152
Brent Oil,holdout,PatchTST+XGB,PatchTST,XGB,2025-12-29,60.965500000000006,59.79271388053894
Brent Oil,holdout,PatchTST+XGB,PatchTST,XGB,2026-01-05,62.0721,60.99077045917511
Brent Oil,holdout,PatchTST+XGB,PatchTST,XGB,2026-01-12,64.25517142857143,61.950832545757294
Brent Oil,holdout,PatchTST+LGBM,PatchTST,LGBM,2025-10-27,64.53285714285714,52.75609938406827
Brent Oil,holdout,PatchTST+LGBM,PatchTST,LGBM,2025-11-03,63.94032857142857,53.34829371150114
Brent Oil,holdout,PatchTST+LGBM,PatchTST,LGBM,2025-11-10,63.92447142857143,54.51324930740183
Brent Oil,holdout,PatchTST+LGBM,PatchTST,LGBM,2025-11-17,63.382628571428576,56.263468282446375
Brent Oil,holdout,PatchTST+LGBM,PatchTST,LGBM,2025-11-24,62.65865714285714,57.50334768692229
Brent Oil,holdout,PatchTST+LGBM,PatchTST,LGBM,2025-12-01,63.27702857142857,59.31941852962099
Brent Oil,holdout,PatchTST+LGBM,PatchTST,LGBM,2025-12-08,61.66008571428571,60.1891411302357
Brent Oil,holdout,PatchTST+LGBM,PatchTST,LGBM,2025-12-15,60.13292857142857,61.13680574516876
Brent Oil,holdout,PatchTST+LGBM,PatchTST,LGBM,2025-12-22,61.52321428571429,60.36964743492323
Brent Oil,holdout,PatchTST+LGBM,PatchTST,LGBM,2025-12-29,60.965500000000006,60.40481325922513
Brent Oil,holdout,PatchTST+LGBM,PatchTST,LGBM,2026-01-05,62.0721,62.36943306559574
Brent Oil,holdout,PatchTST+LGBM,PatchTST,LGBM,2026-01-12,64.25517142857143,60.67693329766664
