target,window,model,base_model,residual_model,ds,actual,prediction
WTI Oil,tscv_01,PatchTST,PatchTST,-,2023-10-30,80.934,68.53089904785156
WTI Oil,tscv_01,PatchTST,PatchTST,-,2023-11-06,77.03999999999999,67.40059661865234
WTI Oil,tscv_01,PatchTST,PatchTST,-,2023-11-13,76.414,67.48841094970703
WTI Oil,tscv_01,PatchTST,PatchTST,-,2023-11-20,77.21000000000001,66.29478454589844
WTI Oil,tscv_01,PatchTST,PatchTST,-,2023-11-27,75.994,66.07209014892578
WTI Oil,tscv_01,PatchTST,PatchTST,-,2023-12-04,71.306,65.591552734375
WTI Oil,tscv_01,PatchTST,PatchTST,-,2023-12-11,70.764,65.25174713134766
WTI Oil,tscv_01,PatchTST,PatchTST,-,2023-12-18,73.686,64.28181457519531
WTI Oil,tscv_01,PatchTST,PatchTST,-,2023-12-25,73.275,63.471595764160156
WTI Oil,tscv_01,PatchTST,PatchTST,-,2024-01-01,72.27,63.380611419677734
WTI Oil,tscv_01,PatchTST,PatchTST,-,2024-01-08,71.97999999999999,62.65275573730469
WTI Oil,tscv_01,PatchTST,PatchTST,-,2024-01-15,72.9975,62.246429443359375
WTI Oil,tscv_01,PatchTST+NLinear,PatchTST,NLinear,2023-10-30,80.934,70.702392578125
WTI Oil,tscv_01,PatchTST+NLinear,PatchTST,NLinear,2023-11-06,77.03999999999999,69.7835693359375
WTI Oil,tscv_01,PatchTST+NLinear,PatchTST,NLinear,2023-11-13,76.414,67.91476440429688
WTI Oil,tscv_01,PatchTST+NLinear,PatchTST,NLinear,2023-11-20,77.21000000000001,65.57070922851562
WTI Oil,tscv_01,PatchTST+NLinear,PatchTST,NLinear,2023-11-27,75.994,65.69644165039062
WTI Oil,tscv_01,PatchTST+NLinear,PatchTST,NLinear,2023-12-04,71.306,65.59598541259766
WTI Oil,tscv_01,PatchTST+NLinear,PatchTST,NLinear,2023-12-11,70.764,65.27030181884766
WTI Oil,tscv_01,PatchTST+NLinear,PatchTST,NLinear,2023-12-18,73.686,63.30113983154297
WTI Oil,tscv_01,PatchTST+NLinear,PatchTST,NLinear,2023-12-25,73.275,62.31945037841797
WTI Oil,tscv_01,PatchTST+NLinear,PatchTST,NLinear,2024-01-01,72.27,63.60634231567383
WTI Oil,tscv_01,PatchTST+NLinear,PatchTST,NLinear,2024-01-08,71.97999999999999,62.63639450073242
WTI Oil,tscv_01,PatchTST+NLinear,PatchTST,NLinear,2024-01-15,72.9975,62.96642303466797
WTI Oil,tscv_01,PatchTST+XGB,PatchTST,XGB,2023-10-30,80.934,79.58482360839844
WTI Oil,tscv_01,PatchTST+XGB,PatchTST,XGB,2023-11-06,77.03999999999999,75.97023010253906
WTI Oil,tscv_01,PatchTST+XGB,PatchTST,XGB,2023-11-13,76.414,77.61460876464844
WTI Oil,tscv_01,PatchTST+XGB,PatchTST,XGB,2023-11-20,77.21000000000001,73.12226867675781
WTI Oil,tscv_01,PatchTST+XGB,PatchTST,XGB,2023-11-27,75.994,72.48225402832031
WTI Oil,tscv_01,PatchTST+XGB,PatchTST,XGB,2023-12-04,71.306,71.69850158691406
WTI Oil,tscv_01,PatchTST+XGB,PatchTST,XGB,2023-12-11,70.764,69.85748291015625
WTI Oil,tscv_01,PatchTST+XGB,PatchTST,XGB,2023-12-18,73.686,68.68865203857422
WTI Oil,tscv_01,PatchTST+XGB,PatchTST,XGB,2023-12-25,73.275,65.77230834960938
WTI Oil,tscv_01,PatchTST+XGB,PatchTST,XGB,2024-01-01,72.27,67.60163116455078
WTI Oil,tscv_01,PatchTST+XGB,PatchTST,XGB,2024-01-08,71.97999999999999,66.14962005615234
WTI Oil,tscv_01,PatchTST+XGB,PatchTST,XGB,2024-01-15,72.9975,66.67668151855469
WTI Oil,tscv_01,PatchTST+LGBM,PatchTST,LGBM,2023-10-30,80.934,79.93929677387737
WTI Oil,tscv_01,PatchTST+LGBM,PatchTST,LGBM,2023-11-06,77.03999999999999,77.74254247053311
WTI Oil,tscv_01,PatchTST+LGBM,PatchTST,LGBM,2023-11-13,76.414,77.64564800991408
WTI Oil,tscv_01,PatchTST+LGBM,PatchTST,LGBM,2023-11-20,77.21000000000001,72.34560550298377
WTI Oil,tscv_01,PatchTST+LGBM,PatchTST,LGBM,2023-11-27,75.994,68.81553090172106
WTI Oil,tscv_01,PatchTST+LGBM,PatchTST,LGBM,2023-12-04,71.306,67.29607640124303
WTI Oil,tscv_01,PatchTST+LGBM,PatchTST,LGBM,2023-12-11,70.764,66.77243629739908
WTI Oil,tscv_01,PatchTST+LGBM,PatchTST,LGBM,2023-12-18,73.686,65.72858378083349
WTI Oil,tscv_01,PatchTST+LGBM,PatchTST,LGBM,2023-12-25,73.275,64.4759195750504
WTI Oil,tscv_01,PatchTST+LGBM,PatchTST,LGBM,2024-01-01,72.27,68.31356459772537
WTI Oil,tscv_01,PatchTST+LGBM,PatchTST,LGBM,2024-01-08,71.97999999999999,66.48655812878386
WTI Oil,tscv_01,PatchTST+LGBM,PatchTST,LGBM,2024-01-15,72.9975,70.81388561376315
WTI Oil,tscv_02,PatchTST,PatchTST,-,2023-11-27,75.994,83.52175903320312
WTI Oil,tscv_02,PatchTST,PatchTST,-,2023-12-04,71.306,83.77830505371094
WTI Oil,tscv_02,PatchTST,PatchTST,-,2023-12-11,70.764,83.8934326171875
WTI Oil,tscv_02,PatchTST,PatchTST,-,2023-12-18,73.686,83.64866638183594
WTI Oil,tscv_02,PatchTST,PatchTST,-,2023-12-25,73.275,83.52200317382812
WTI Oil,tscv_02,PatchTST,PatchTST,-,2024-01-01,72.27,83.00537109375
WTI Oil,tscv_02,PatchTST,PatchTST,-,2024-01-08,71.97999999999999,82.32589721679688
WTI Oil,tscv_02,PatchTST,PatchTST,-,2024-01-15,72.9975,81.97846984863281
WTI Oil,tscv_02,PatchTST,PatchTST,-,2024-01-22,75.78999999999999,81.27165222167969
WTI Oil,tscv_02,PatchTST,PatchTST,-,2024-01-29,75.224,81.38119506835938
WTI Oil,tscv_02,PatchTST,PatchTST,-,2024-02-05,74.55199999999999,81.07305145263672
WTI Oil,tscv_02,PatchTST,PatchTST,-,2024-02-12,77.03999999999999,81.39766693115234
WTI Oil,tscv_02,PatchTST+NLinear,PatchTST,NLinear,2023-11-27,75.994,80.40296936035156
WTI Oil,tscv_02,PatchTST+NLinear,PatchTST,NLinear,2023-12-04,71.306,81.98579406738281
WTI Oil,tscv_02,PatchTST+NLinear,PatchTST,NLinear,2023-12-11,70.764,82.55520629882812
WTI Oil,tscv_02,PatchTST+NLinear,PatchTST,NLinear,2023-12-18,73.686,80.75785827636719
WTI Oil,tscv_02,PatchTST+NLinear,PatchTST,NLinear,2023-12-25,73.275,79.7258071899414
WTI Oil,tscv_02,PatchTST+NLinear,PatchTST,NLinear,2024-01-01,72.27,82.28691101074219
WTI Oil,tscv_02,PatchTST+NLinear,PatchTST,NLinear,2024-01-08,71.97999999999999,81.85488891601562
WTI Oil,tscv_02,PatchTST+NLinear,PatchTST,NLinear,2024-01-15,72.9975,82.57192993164062
WTI Oil,tscv_02,PatchTST+NLinear,PatchTST,NLinear,2024-01-22,75.78999999999999,80.17613983154297
WTI Oil,tscv_02,PatchTST+NLinear,PatchTST,NLinear,2024-01-29,75.224,82.13345336914062
WTI Oil,tscv_02,PatchTST+NLinear,PatchTST,NLinear,2024-02-05,74.55199999999999,82.28785705566406
WTI Oil,tscv_02,PatchTST+NLinear,PatchTST,NLinear,2024-02-12,77.03999999999999,82.69144439697266
WTI Oil,tscv_02,PatchTST+XGB,PatchTST,XGB,2023-11-27,75.994,77.96949768066406
WTI Oil,tscv_02,PatchTST+XGB,PatchTST,XGB,2023-12-04,71.306,78.39775085449219
WTI Oil,tscv_02,PatchTST+XGB,PatchTST,XGB,2023-12-11,70.764,78.55390167236328
WTI Oil,tscv_02,PatchTST+XGB,PatchTST,XGB,2023-12-18,73.686,77.5999984741211
WTI Oil,tscv_02,PatchTST+XGB,PatchTST,XGB,2023-12-25,73.275,77.1233901977539
WTI Oil,tscv_02,PatchTST+XGB,PatchTST,XGB,2024-01-01,72.27,80.42951965332031
WTI Oil,tscv_02,PatchTST+XGB,PatchTST,XGB,2024-01-08,71.97999999999999,80.72830963134766
WTI Oil,tscv_02,PatchTST+XGB,PatchTST,XGB,2024-01-15,72.9975,80.37354278564453
WTI Oil,tscv_02,PatchTST+XGB,PatchTST,XGB,2024-01-22,75.78999999999999,77.19322204589844
WTI Oil,tscv_02,PatchTST+XGB,PatchTST,XGB,2024-01-29,75.224,81.47259521484375
WTI Oil,tscv_02,PatchTST+XGB,PatchTST,XGB,2024-02-05,74.55199999999999,82.1171875
WTI Oil,tscv_02,PatchTST+XGB,PatchTST,XGB,2024-02-12,77.03999999999999,81.9679946899414
WTI Oil,tscv_02,PatchTST+LGBM,PatchTST,LGBM,2023-11-27,75.994,77.81815018854125
WTI Oil,tscv_02,PatchTST+LGBM,PatchTST,LGBM,2023-12-04,71.306,78.83676041568685
WTI Oil,tscv_02,PatchTST+LGBM,PatchTST,LGBM,2023-12-11,70.764,78.63910386468416
WTI Oil,tscv_02,PatchTST+LGBM,PatchTST,LGBM,2023-12-18,73.686,77.38365964873073
WTI Oil,tscv_02,PatchTST+LGBM,PatchTST,LGBM,2023-12-25,73.275,78.32775428248395
WTI Oil,tscv_02,PatchTST+LGBM,PatchTST,LGBM,2024-01-01,72.27,80.58045016931048
WTI Oil,tscv_02,PatchTST+LGBM,PatchTST,LGBM,2024-01-08,71.97999999999999,81.43464660174214
WTI Oil,tscv_02,PatchTST+LGBM,PatchTST,LGBM,2024-01-15,72.9975,80.13024921502401
WTI Oil,tscv_02,PatchTST+LGBM,PatchTST,LGBM,2024-01-22,75.78999999999999,78.93634882005797
WTI Oil,tscv_02,PatchTST+LGBM,PatchTST,LGBM,2024-01-29,75.224,81.29640335183163
WTI Oil,tscv_02,PatchTST+LGBM,PatchTST,LGBM,2024-02-05,74.55199999999999,80.6112466877474
WTI Oil,tscv_02,PatchTST+LGBM,PatchTST,LGBM,2024-02-12,77.03999999999999,81.44307628151697
WTI Oil,tscv_03,PatchTST,PatchTST,-,2023-12-25,73.275,80.39230346679688
WTI Oil,tscv_03,PatchTST,PatchTST,-,2024-01-01,72.27,79.49995422363281
WTI Oil,tscv_03,PatchTST,PatchTST,-,2024-01-08,71.97999999999999,78.63611602783203
WTI Oil,tscv_03,PatchTST,PatchTST,-,2024-01-15,72.9975,77.58372497558594
WTI Oil,tscv_03,PatchTST,PatchTST,-,2024-01-22,75.78999999999999,77.02635192871094
WTI Oil,tscv_03,PatchTST,PatchTST,-,2024-01-29,75.224,76.1001968383789
WTI Oil,tscv_03,PatchTST,PatchTST,-,2024-02-05,74.55199999999999,76.30616760253906
WTI Oil,tscv_03,PatchTST,PatchTST,-,2024-02-12,77.03999999999999,75.81327819824219
WTI Oil,tscv_03,PatchTST,PatchTST,-,2024-02-19,76.985,76.9281997680664
WTI Oil,tscv_03,PatchTST,PatchTST,-,2024-02-26,77.938,76.54119873046875
WTI Oil,tscv_03,PatchTST,PatchTST,-,2024-03-04,77.962,77.05835723876953
WTI Oil,tscv_03,PatchTST,PatchTST,-,2024-03-11,79.08,77.07662200927734
WTI Oil,tscv_03,PatchTST+NLinear,PatchTST,NLinear,2023-12-25,73.275,76.32266998291016
WTI Oil,tscv_03,PatchTST+NLinear,PatchTST,NLinear,2024-01-01,72.27,76.40068054199219
WTI Oil,tscv_03,PatchTST+NLinear,PatchTST,NLinear,2024-01-08,71.97999999999999,75.45146179199219
WTI Oil,tscv_03,PatchTST+NLinear,PatchTST,NLinear,2024-01-15,72.9975,73.54551696777344
WTI Oil,tscv_03,PatchTST+NLinear,PatchTST,NLinear,2024-01-22,75.78999999999999,74.13853454589844
WTI Oil,tscv_03,PatchTST+NLinear,PatchTST,NLinear,2024-01-29,75.224,73.75836944580078
WTI Oil,tscv_03,PatchTST+NLinear,PatchTST,NLinear,2024-02-05,74.55199999999999,75.9361572265625
WTI Oil,tscv_03,PatchTST+NLinear,PatchTST,NLinear,2024-02-12,77.03999999999999,75.31423950195312
WTI Oil,tscv_03,PatchTST+NLinear,PatchTST,NLinear,2024-02-19,76.985,77.24150085449219
WTI Oil,tscv_03,PatchTST+NLinear,PatchTST,NLinear,2024-02-26,77.938,78.32661437988281
WTI Oil,tscv_03,PatchTST+NLinear,PatchTST,NLinear,2024-03-04,77.962,79.14667510986328
WTI Oil,tscv_03,PatchTST+NLinear,PatchTST,NLinear,2024-03-11,79.08,79.45146179199219
WTI Oil,tscv_03,PatchTST+XGB,PatchTST,XGB,2023-12-25,73.275,72.10231018066406
WTI Oil,tscv_03,PatchTST+XGB,PatchTST,XGB,2024-01-01,72.27,75.91285705566406
WTI Oil,tscv_03,PatchTST+XGB,PatchTST,XGB,2024-01-08,71.97999999999999,77.29432678222656
WTI Oil,tscv_03,PatchTST+XGB,PatchTST,XGB,2024-01-15,72.9975,76.83633422851562
WTI Oil,tscv_03,PatchTST+XGB,PatchTST,XGB,2024-01-22,75.78999999999999,73.1690673828125
WTI Oil,tscv_03,PatchTST+XGB,PatchTST,XGB,2024-01-29,75.224,77.12554168701172
WTI Oil,tscv_03,PatchTST+XGB,PatchTST,XGB,2024-02-05,74.55199999999999,76.7447738647461
WTI Oil,tscv_03,PatchTST+XGB,PatchTST,XGB,2024-02-12,77.03999999999999,78.16466522216797
WTI Oil,tscv_03,PatchTST+XGB,PatchTST,XGB,2024-02-19,76.985,78.60733032226562
WTI Oil,tscv_03,PatchTST+XGB,PatchTST,XGB,2024-02-26,77.938,77.73270416259766
WTI Oil,tscv_03,PatchTST+XGB,PatchTST,XGB,2024-03-04,77.962,77.381591796875
WTI Oil,tscv_03,PatchTST+XGB,PatchTST,XGB,2024-03-11,79.08,77.43474578857422
WTI Oil,tscv_03,PatchTST+LGBM,PatchTST,LGBM,2023-12-25,73.275,74.7200579108144
WTI Oil,tscv_03,PatchTST+LGBM,PatchTST,LGBM,2024-01-01,72.27,78.76313498276977
WTI Oil,tscv_03,PatchTST+LGBM,PatchTST,LGBM,2024-01-08,71.97999999999999,80.66795540190215
WTI Oil,tscv_03,PatchTST+LGBM,PatchTST,LGBM,2024-01-15,72.9975,79.22530212993018
WTI Oil,tscv_03,PatchTST+LGBM,PatchTST,LGBM,2024-01-22,75.78999999999999,74.62010879053982
WTI Oil,tscv_03,PatchTST+LGBM,PatchTST,LGBM,2024-01-29,75.224,79.35644132949662
WTI Oil,tscv_03,PatchTST+LGBM,PatchTST,LGBM,2024-02-05,74.55199999999999,79.24544895974739
WTI Oil,tscv_03,PatchTST+LGBM,PatchTST,LGBM,2024-02-12,77.03999999999999,78.6702200683418
WTI Oil,tscv_03,PatchTST+LGBM,PatchTST,LGBM,2024-02-19,76.985,79.72699523296214
WTI Oil,tscv_03,PatchTST+LGBM,PatchTST,LGBM,2024-02-26,77.938,78.37014206596182
WTI Oil,tscv_03,PatchTST+LGBM,PatchTST,LGBM,2024-03-04,77.962,77.51401755433751
WTI Oil,tscv_03,PatchTST+LGBM,PatchTST,LGBM,2024-03-11,79.08,77.03553055439859
WTI Oil,tscv_04,PatchTST,PatchTST,-,2024-01-22,75.78999999999999,66.0624008178711
WTI Oil,tscv_04,PatchTST,PatchTST,-,2024-01-29,75.224,66.40162658691406
WTI Oil,tscv_04,PatchTST,PatchTST,-,2024-02-05,74.55199999999999,66.451416015625
WTI Oil,tscv_04,PatchTST,PatchTST,-,2024-02-12,77.03999999999999,66.49549102783203
WTI Oil,tscv_04,PatchTST,PatchTST,-,2024-02-19,76.985,65.8501205444336
WTI Oil,tscv_04,PatchTST,PatchTST,-,2024-02-26,77.938,65.35982513427734
WTI Oil,tscv_04,PatchTST,PatchTST,-,2024-03-04,77.962,64.62284088134766
WTI Oil,tscv_04,PatchTST,PatchTST,-,2024-03-11,79.08,65.08839416503906
WTI Oil,tscv_04,PatchTST,PatchTST,-,2024-03-18,81.572,64.61662292480469
WTI Oil,tscv_04,PatchTST,PatchTST,-,2024-03-25,82.2427,65.4019546508789
WTI Oil,tscv_04,PatchTST,PatchTST,-,2024-04-01,85.558,64.44345092773438
WTI Oil,tscv_04,PatchTST,PatchTST,-,2024-04-08,85.71000000000001,64.77626037597656
WTI Oil,tscv_04,PatchTST+NLinear,PatchTST,NLinear,2024-01-22,75.78999999999999,59.31404495239258
WTI Oil,tscv_04,PatchTST+NLinear,PatchTST,NLinear,2024-01-29,75.224,59.21452331542969
WTI Oil,tscv_04,PatchTST+NLinear,PatchTST,NLinear,2024-02-05,74.55199999999999,59.41734313964844
WTI Oil,tscv_04,PatchTST+NLinear,PatchTST,NLinear,2024-02-12,77.03999999999999,59.2159538269043
WTI Oil,tscv_04,PatchTST+NLinear,PatchTST,NLinear,2024-02-19,76.985,58.17210006713867
WTI Oil,tscv_04,PatchTST+NLinear,PatchTST,NLinear,2024-02-26,77.938,57.96477508544922
WTI Oil,tscv_04,PatchTST+NLinear,PatchTST,NLinear,2024-03-04,77.962,57.808868408203125
WTI Oil,tscv_04,PatchTST+NLinear,PatchTST,NLinear,2024-03-11,79.08,58.782588958740234
WTI Oil,tscv_04,PatchTST+NLinear,PatchTST,NLinear,2024-03-18,81.572,58.223289489746094
WTI Oil,tscv_04,PatchTST+NLinear,PatchTST,NLinear,2024-03-25,82.2427,59.167762756347656
WTI Oil,tscv_04,PatchTST+NLinear,PatchTST,NLinear,2024-04-01,85.558,58.61334228515625
WTI Oil,tscv_04,PatchTST+NLinear,PatchTST,NLinear,2024-04-08,85.71000000000001,59.00442886352539
WTI Oil,tscv_04,PatchTST+XGB,PatchTST,XGB,2024-01-22,75.78999999999999,71.56175994873047
WTI Oil,tscv_04,PatchTST+XGB,PatchTST,XGB,2024-01-29,75.224,71.90011596679688
WTI Oil,tscv_04,PatchTST+XGB,PatchTST,XGB,2024-02-05,74.55199999999999,74.21092224121094
WTI Oil,tscv_04,PatchTST+XGB,PatchTST,XGB,2024-02-12,77.03999999999999,73.98176574707031
WTI Oil,tscv_04,PatchTST+XGB,PatchTST,XGB,2024-02-19,76.985,73.55992126464844
WTI Oil,tscv_04,PatchTST+XGB,PatchTST,XGB,2024-02-26,77.938,72.86497497558594
WTI Oil,tscv_04,PatchTST+XGB,PatchTST,XGB,2024-03-04,77.962,70.7585678100586
WTI Oil,tscv_04,PatchTST+XGB,PatchTST,XGB,2024-03-11,79.08,71.025390625
WTI Oil,tscv_04,PatchTST+XGB,PatchTST,XGB,2024-03-18,81.572,70.15056610107422
WTI Oil,tscv_04,PatchTST+XGB,PatchTST,XGB,2024-03-25,82.2427,71.2457046508789
WTI Oil,tscv_04,PatchTST+XGB,PatchTST,XGB,2024-04-01,85.558,70.11347198486328
WTI Oil,tscv_04,PatchTST+XGB,PatchTST,XGB,2024-04-08,85.71000000000001,69.58888244628906
WTI Oil,tscv_04,PatchTST+LGBM,PatchTST,LGBM,2024-01-22,75.78999999999999,72.2178169642929
WTI Oil,tscv_04,PatchTST+LGBM,PatchTST,LGBM,2024-01-29,75.224,74.65018243506098
WTI Oil,tscv_04,PatchTST+LGBM,PatchTST,LGBM,2024-02-05,74.55199999999999,74.92672048681177
WTI Oil,tscv_04,PatchTST+LGBM,PatchTST,LGBM,2024-02-12,77.03999999999999,76.35192394876786
WTI Oil,tscv_04,PatchTST+LGBM,PatchTST,LGBM,2024-02-19,76.985,74.71692183916409
WTI Oil,tscv_04,PatchTST+LGBM,PatchTST,LGBM,2024-02-26,77.938,73.16690472965325
WTI Oil,tscv_04,PatchTST+LGBM,PatchTST,LGBM,2024-03-04,77.962,72.2652433863966
WTI Oil,tscv_04,PatchTST+LGBM,PatchTST,LGBM,2024-03-11,79.08,72.83970692766194
WTI Oil,tscv_04,PatchTST+LGBM,PatchTST,LGBM,2024-03-18,81.572,72.55733203028441
WTI Oil,tscv_04,PatchTST+LGBM,PatchTST,LGBM,2024-03-25,82.2427,72.31909071397018
WTI Oil,tscv_04,PatchTST+LGBM,PatchTST,LGBM,2024-04-01,85.558,72.71242840114344
WTI Oil,tscv_04,PatchTST+LGBM,PatchTST,LGBM,2024-04-08,85.71000000000001,72.28057630175284
WTI Oil,tscv_05,PatchTST,PatchTST,-,2024-02-19,76.985,74.8929214477539
WTI Oil,tscv_05,PatchTST,PatchTST,-,2024-02-26,77.938,74.97578430175781
WTI Oil,tscv_05,PatchTST,PatchTST,-,2024-03-04,77.962,73.76561737060547
WTI Oil,tscv_05,PatchTST,PatchTST,-,2024-03-11,79.08,74.69447326660156
WTI Oil,tscv_05,PatchTST,PatchTST,-,2024-03-18,81.572,73.3798828125
WTI Oil,tscv_05,PatchTST,PatchTST,-,2024-03-25,82.2427,74.66178131103516
WTI Oil,tscv_05,PatchTST,PatchTST,-,2024-04-01,85.558,73.52285766601562
WTI Oil,tscv_05,PatchTST,PatchTST,-,2024-04-08,85.71000000000001,75.0982437133789
WTI Oil,tscv_05,PatchTST,PatchTST,-,2024-04-15,83.74513333333333,73.35658264160156
WTI Oil,tscv_05,PatchTST,PatchTST,-,2024-04-22,83.15288000000001,74.9761734008789
WTI Oil,tscv_05,PatchTST,PatchTST,-,2024-04-29,80.14189999999999,73.605712890625
WTI Oil,tscv_05,PatchTST,PatchTST,-,2024-05-06,78.674,74.66146850585938
WTI Oil,tscv_05,PatchTST+NLinear,PatchTST,NLinear,2024-02-19,76.985,76.08721923828125
WTI Oil,tscv_05,PatchTST+NLinear,PatchTST,NLinear,2024-02-26,77.938,78.2063980102539
WTI Oil,tscv_05,PatchTST+NLinear,PatchTST,NLinear,2024-03-04,77.962,77.4216079711914
WTI Oil,tscv_05,PatchTST+NLinear,PatchTST,NLinear,2024-03-11,79.08,78.16923522949219
WTI Oil,tscv_05,PatchTST+NLinear,PatchTST,NLinear,2024-03-18,81.572,76.79557037353516
WTI Oil,tscv_05,PatchTST+NLinear,PatchTST,NLinear,2024-03-25,82.2427,78.45988464355469
WTI Oil,tscv_05,PatchTST+NLinear,PatchTST,NLinear,2024-04-01,85.558,79.27303314208984
WTI Oil,tscv_05,PatchTST+NLinear,PatchTST,NLinear,2024-04-08,85.71000000000001,81.7976303100586
WTI Oil,tscv_05,PatchTST+NLinear,PatchTST,NLinear,2024-04-15,83.74513333333333,80.41548919677734
WTI Oil,tscv_05,PatchTST+NLinear,PatchTST,NLinear,2024-04-22,83.15288000000001,81.5606918334961
WTI Oil,tscv_05,PatchTST+NLinear,PatchTST,NLinear,2024-04-29,80.14189999999999,78.21025848388672
WTI Oil,tscv_05,PatchTST+NLinear,PatchTST,NLinear,2024-05-06,78.674,77.55953216552734
WTI Oil,tscv_05,PatchTST+XGB,PatchTST,XGB,2024-02-19,76.985,78.00883483886719
WTI Oil,tscv_05,PatchTST+XGB,PatchTST,XGB,2024-02-26,77.938,77.50096893310547
WTI Oil,tscv_05,PatchTST+XGB,PatchTST,XGB,2024-03-04,77.962,76.11962127685547
WTI Oil,tscv_05,PatchTST+XGB,PatchTST,XGB,2024-03-11,79.08,77.228759765625
WTI Oil,tscv_05,PatchTST+XGB,PatchTST,XGB,2024-03-18,81.572,75.59256744384766
WTI Oil,tscv_05,PatchTST+XGB,PatchTST,XGB,2024-03-25,82.2427,76.86186981201172
WTI Oil,tscv_05,PatchTST+XGB,PatchTST,XGB,2024-04-01,85.558,75.82351684570312
WTI Oil,tscv_05,PatchTST+XGB,PatchTST,XGB,2024-04-08,85.71000000000001,78.16354370117188
WTI Oil,tscv_05,PatchTST+XGB,PatchTST,XGB,2024-04-15,83.74513333333333,77.27134704589844
WTI Oil,tscv_05,PatchTST+XGB,PatchTST,XGB,2024-04-22,83.15288000000001,80.20632934570312
WTI Oil,tscv_05,PatchTST+XGB,PatchTST,XGB,2024-04-29,80.14189999999999,77.97308349609375
WTI Oil,tscv_05,PatchTST+XGB,PatchTST,XGB,2024-05-06,78.674,78.7783432006836
WTI Oil,tscv_05,PatchTST+LGBM,PatchTST,LGBM,2024-02-19,76.985,77.59754368805393
WTI Oil,tscv_05,PatchTST+LGBM,PatchTST,LGBM,2024-02-26,77.938,76.66251212226582
WTI Oil,tscv_05,PatchTST+LGBM,PatchTST,LGBM,2024-03-04,77.962,75.32624462960693
WTI Oil,tscv_05,PatchTST+LGBM,PatchTST,LGBM,2024-03-11,79.08,76.19922797930523
WTI Oil,tscv_05,PatchTST+LGBM,PatchTST,LGBM,2024-03-18,81.572,74.95648077906243
WTI Oil,tscv_05,PatchTST+LGBM,PatchTST,LGBM,2024-03-25,82.2427,75.34245565366393
WTI Oil,tscv_05,PatchTST+LGBM,PatchTST,LGBM,2024-04-01,85.558,74.15097774696693
WTI Oil,tscv_05,PatchTST+LGBM,PatchTST,LGBM,2024-04-08,85.71000000000001,76.48304933411677
WTI Oil,tscv_05,PatchTST+LGBM,PatchTST,LGBM,2024-04-15,83.74513333333333,75.09271668406852
WTI Oil,tscv_05,PatchTST+LGBM,PatchTST,LGBM,2024-04-22,83.15288000000001,79.92674401212679
WTI Oil,tscv_05,PatchTST+LGBM,PatchTST,LGBM,2024-04-29,80.14189999999999,76.21030326056115
WTI Oil,tscv_05,PatchTST+LGBM,PatchTST,LGBM,2024-05-06,78.674,76.33686047054918
WTI Oil,tscv_06,PatchTST,PatchTST,-,2024-03-18,81.572,80.35186004638672
WTI Oil,tscv_06,PatchTST,PatchTST,-,2024-03-25,82.2427,81.88772583007812
WTI Oil,tscv_06,PatchTST,PatchTST,-,2024-04-01,85.558,81.74198913574219
WTI Oil,tscv_06,PatchTST,PatchTST,-,2024-04-08,85.71000000000001,83.09397888183594
WTI Oil,tscv_06,PatchTST,PatchTST,-,2024-04-15,83.74513333333333,83.15469360351562
WTI Oil,tscv_06,PatchTST,PatchTST,-,2024-04-22,83.15288000000001,84.78021240234375
WTI Oil,tscv_06,PatchTST,PatchTST,-,2024-04-29,80.14189999999999,84.78443145751953
WTI Oil,tscv_06,PatchTST,PatchTST,-,2024-05-06,78.674,85.71762084960938
WTI Oil,tscv_06,PatchTST,PatchTST,-,2024-05-13,78.818,85.19733428955078
WTI Oil,tscv_06,PatchTST,PatchTST,-,2024-05-20,78.024,85.84557342529297
WTI Oil,tscv_06,PatchTST,PatchTST,-,2024-05-27,78.5095,86.12767028808594
WTI Oil,tscv_06,PatchTST,PatchTST,-,2024-06-03,74.524,85.45710754394531
WTI Oil,tscv_06,PatchTST+NLinear,PatchTST,NLinear,2024-03-18,81.572,80.07908630371094
WTI Oil,tscv_06,PatchTST+NLinear,PatchTST,NLinear,2024-03-25,82.2427,82.0443344116211
WTI Oil,tscv_06,PatchTST+NLinear,PatchTST,NLinear,2024-04-01,85.558,82.35414123535156
WTI Oil,tscv_06,PatchTST+NLinear,PatchTST,NLinear,2024-04-08,85.71000000000001,83.40492248535156
WTI Oil,tscv_06,PatchTST+NLinear,PatchTST,NLinear,2024-04-15,83.74513333333333,84.00492858886719
WTI Oil,tscv_06,PatchTST+NLinear,PatchTST,NLinear,2024-04-22,83.15288000000001,85.29544830322266
WTI Oil,tscv_06,PatchTST+NLinear,PatchTST,NLinear,2024-04-29,80.14189999999999,84.71279907226562
WTI Oil,tscv_06,PatchTST+NLinear,PatchTST,NLinear,2024-05-06,78.674,84.90498352050781
WTI Oil,tscv_06,PatchTST+NLinear,PatchTST,NLinear,2024-05-13,78.818,83.339111328125
WTI Oil,tscv_06,PatchTST+NLinear,PatchTST,NLinear,2024-05-20,78.024,83.10946655273438
WTI Oil,tscv_06,PatchTST+NLinear,PatchTST,NLinear,2024-05-27,78.5095,83.80357360839844
WTI Oil,tscv_06,PatchTST+NLinear,PatchTST,NLinear,2024-06-03,74.524,83.33599853515625
WTI Oil,tscv_06,PatchTST+XGB,PatchTST,XGB,2024-03-18,81.572,78.47296142578125
WTI Oil,tscv_06,PatchTST+XGB,PatchTST,XGB,2024-03-25,82.2427,79.22389221191406
WTI Oil,tscv_06,PatchTST+XGB,PatchTST,XGB,2024-04-01,85.558,79.9373779296875
WTI Oil,tscv_06,PatchTST+XGB,PatchTST,XGB,2024-04-08,85.71000000000001,80.7861557006836
WTI Oil,tscv_06,PatchTST+XGB,PatchTST,XGB,2024-04-15,83.74513333333333,80.32991027832031
WTI Oil,tscv_06,PatchTST+XGB,PatchTST,XGB,2024-04-22,83.15288000000001,82.19296264648438
WTI Oil,tscv_06,PatchTST+XGB,PatchTST,XGB,2024-04-29,80.14189999999999,81.22555541992188
WTI Oil,tscv_06,PatchTST+XGB,PatchTST,XGB,2024-05-06,78.674,82.32029724121094
WTI Oil,tscv_06,PatchTST+XGB,PatchTST,XGB,2024-05-13,78.818,82.14061737060547
WTI Oil,tscv_06,PatchTST+XGB,PatchTST,XGB,2024-05-20,78.024,82.18673706054688
WTI Oil,tscv_06,PatchTST+XGB,PatchTST,XGB,2024-05-27,78.5095,82.2387924194336
WTI Oil,tscv_06,PatchTST+XGB,PatchTST,XGB,2024-06-03,74.524,81.94279479980469
WTI Oil,tscv_06,PatchTST+LGBM,PatchTST,LGBM,2024-03-18,81.572,78.8141726946352
WTI Oil,tscv_06,PatchTST+LGBM,PatchTST,LGBM,2024-03-25,82.2427,80.34044824114524
WTI Oil,tscv_06,PatchTST+LGBM,PatchTST,LGBM,2024-04-01,85.558,79.53575458433865
WTI Oil,tscv_06,PatchTST+LGBM,PatchTST,LGBM,2024-04-08,85.71000000000001,81.57668006570161
WTI Oil,tscv_06,PatchTST+LGBM,PatchTST,LGBM,2024-04-15,83.74513333333333,81.01536343050833
WTI Oil,tscv_06,PatchTST+LGBM,PatchTST,LGBM,2024-04-22,83.15288000000001,82.20640948382793
WTI Oil,tscv_06,PatchTST+LGBM,PatchTST,LGBM,2024-04-29,80.14189999999999,81.82101871518837
WTI Oil,tscv_06,PatchTST+LGBM,PatchTST,LGBM,2024-05-06,78.674,83.26719451053468
WTI Oil,tscv_06,PatchTST+LGBM,PatchTST,LGBM,2024-05-13,78.818,84.1049032787186
WTI Oil,tscv_06,PatchTST+LGBM,PatchTST,LGBM,2024-05-20,78.024,83.43592352250279
WTI Oil,tscv_06,PatchTST+LGBM,PatchTST,LGBM,2024-05-27,78.5095,84.51365433608424
WTI Oil,tscv_06,PatchTST+LGBM,PatchTST,LGBM,2024-06-03,74.524,82.71421611088938
WTI Oil,tscv_07,PatchTST,PatchTST,-,2024-04-15,83.74513333333333,81.08100891113281
WTI Oil,tscv_07,PatchTST,PatchTST,-,2024-04-22,83.15288000000001,81.34980773925781
WTI Oil,tscv_07,PatchTST,PatchTST,-,2024-04-29,80.14189999999999,81.5975341796875
WTI Oil,tscv_07,PatchTST,PatchTST,-,2024-05-06,78.674,81.73634338378906
WTI Oil,tscv_07,PatchTST,PatchTST,-,2024-05-13,78.818,81.41445922851562
WTI Oil,tscv_07,PatchTST,PatchTST,-,2024-05-20,78.024,81.80042266845703
WTI Oil,tscv_07,PatchTST,PatchTST,-,2024-05-27,78.5095,81.57279205322266
WTI Oil,tscv_07,PatchTST,PatchTST,-,2024-06-03,74.524,82.2783432006836
WTI Oil,tscv_07,PatchTST,PatchTST,-,2024-06-10,78.162,82.11734771728516
WTI Oil,tscv_07,PatchTST,PatchTST,-,2024-06-17,80.6125,82.4031753540039
WTI Oil,tscv_07,PatchTST,PatchTST,-,2024-06-24,81.328,82.56707000732422
WTI Oil,tscv_07,PatchTST,PatchTST,-,2024-07-01,83.31356,82.58662414550781
WTI Oil,tscv_07,PatchTST+NLinear,PatchTST,NLinear,2024-04-15,83.74513333333333,83.45372009277344
WTI Oil,tscv_07,PatchTST+NLinear,PatchTST,NLinear,2024-04-22,83.15288000000001,83.09647369384766
WTI Oil,tscv_07,PatchTST+NLinear,PatchTST,NLinear,2024-04-29,80.14189999999999,82.00857543945312
WTI Oil,tscv_07,PatchTST+NLinear,PatchTST,NLinear,2024-05-06,78.674,79.70965576171875
WTI Oil,tscv_07,PatchTST+NLinear,PatchTST,NLinear,2024-05-13,78.818,76.2032699584961
WTI Oil,tscv_07,PatchTST+NLinear,PatchTST,NLinear,2024-05-20,78.024,75.08010864257812
WTI Oil,tscv_07,PatchTST+NLinear,PatchTST,NLinear,2024-05-27,78.5095,74.58012390136719
WTI Oil,tscv_07,PatchTST+NLinear,PatchTST,NLinear,2024-06-03,74.524,73.81531524658203
WTI Oil,tscv_07,PatchTST+NLinear,PatchTST,NLinear,2024-06-10,78.162,74.46424865722656
WTI Oil,tscv_07,PatchTST+NLinear,PatchTST,NLinear,2024-06-17,80.6125,72.7964096069336
WTI Oil,tscv_07,PatchTST+NLinear,PatchTST,NLinear,2024-06-24,81.328,75.94066619873047
WTI Oil,tscv_07,PatchTST+NLinear,PatchTST,NLinear,2024-07-01,83.31356,77.5484619140625
WTI Oil,tscv_07,PatchTST+XGB,PatchTST,XGB,2024-04-15,83.74513333333333,82.99771118164062
WTI Oil,tscv_07,PatchTST+XGB,PatchTST,XGB,2024-04-22,83.15288000000001,83.40187072753906
WTI Oil,tscv_07,PatchTST+XGB,PatchTST,XGB,2024-04-29,80.14189999999999,81.59593200683594
WTI Oil,tscv_07,PatchTST+XGB,PatchTST,XGB,2024-05-06,78.674,80.84173583984375
WTI Oil,tscv_07,PatchTST+XGB,PatchTST,XGB,2024-05-13,78.818,79.56958770751953
WTI Oil,tscv_07,PatchTST+XGB,PatchTST,XGB,2024-05-20,78.024,76.40423583984375
WTI Oil,tscv_07,PatchTST+XGB,PatchTST,XGB,2024-05-27,78.5095,76.83911895751953
WTI Oil,tscv_07,PatchTST+XGB,PatchTST,XGB,2024-06-03,74.524,76.27970886230469
WTI Oil,tscv_07,PatchTST+XGB,PatchTST,XGB,2024-06-10,78.162,75.6431655883789
WTI Oil,tscv_07,PatchTST+XGB,PatchTST,XGB,2024-06-17,80.6125,75.21515655517578
WTI Oil,tscv_07,PatchTST+XGB,PatchTST,XGB,2024-06-24,81.328,75.42930603027344
WTI Oil,tscv_07,PatchTST+XGB,PatchTST,XGB,2024-07-01,83.31356,76.69335174560547
WTI Oil,tscv_07,PatchTST+LGBM,PatchTST,LGBM,2024-04-15,83.74513333333333,81.33907463946659
WTI Oil,tscv_07,PatchTST+LGBM,PatchTST,LGBM,2024-04-22,83.15288000000001,83.20518467769892
WTI Oil,tscv_07,PatchTST+LGBM,PatchTST,LGBM,2024-04-29,80.14189999999999,80.54221342660352
WTI Oil,tscv_07,PatchTST+LGBM,PatchTST,LGBM,2024-05-06,78.674,78.80383827741716
WTI Oil,tscv_07,PatchTST+LGBM,PatchTST,LGBM,2024-05-13,78.818,77.66523501125403
WTI Oil,tscv_07,PatchTST+LGBM,PatchTST,LGBM,2024-05-20,78.024,73.52430792984113
WTI Oil,tscv_07,PatchTST+LGBM,PatchTST,LGBM,2024-05-27,78.5095,74.58489914535967
WTI Oil,tscv_07,PatchTST+LGBM,PatchTST,LGBM,2024-06-03,74.524,74.29176608713756
WTI Oil,tscv_07,PatchTST+LGBM,PatchTST,LGBM,2024-06-10,78.162,74.88027620616143
WTI Oil,tscv_07,PatchTST+LGBM,PatchTST,LGBM,2024-06-17,80.6125,74.55355521245212
WTI Oil,tscv_07,PatchTST+LGBM,PatchTST,LGBM,2024-06-24,81.328,74.00987868361626
WTI Oil,tscv_07,PatchTST+LGBM,PatchTST,LGBM,2024-07-01,83.31356,76.50171169281742
WTI Oil,tscv_08,PatchTST,PatchTST,-,2024-05-13,78.818,88.66079711914062
WTI Oil,tscv_08,PatchTST,PatchTST,-,2024-05-20,78.024,89.520263671875
WTI Oil,tscv_08,PatchTST,PatchTST,-,2024-05-27,78.5095,89.06010437011719
WTI Oil,tscv_08,PatchTST,PatchTST,-,2024-06-03,74.524,88.43922424316406
WTI Oil,tscv_08,PatchTST,PatchTST,-,2024-06-10,78.162,88.47224426269531
WTI Oil,tscv_08,PatchTST,PatchTST,-,2024-06-17,80.6125,87.19535827636719
WTI Oil,tscv_08,PatchTST,PatchTST,-,2024-06-24,81.328,87.72006225585938
WTI Oil,tscv_08,PatchTST,PatchTST,-,2024-07-01,83.31356,86.60454559326172
WTI Oil,tscv_08,PatchTST,PatchTST,-,2024-07-08,82.13399999999999,85.71182250976562
WTI Oil,tscv_08,PatchTST,PatchTST,-,2024-07-15,80.81,85.27203369140625
WTI Oil,tscv_08,PatchTST,PatchTST,-,2024-07-22,77.678,84.6536636352539
WTI Oil,tscv_08,PatchTST,PatchTST,-,2024-07-29,75.65599999999999,83.7217788696289
WTI Oil,tscv_08,PatchTST+NLinear,PatchTST,NLinear,2024-05-13,78.818,86.31718444824219
WTI Oil,tscv_08,PatchTST+NLinear,PatchTST,NLinear,2024-05-20,78.024,86.6285400390625
WTI Oil,tscv_08,PatchTST+NLinear,PatchTST,NLinear,2024-05-27,78.5095,86.82910919189453
WTI Oil,tscv_08,PatchTST+NLinear,PatchTST,NLinear,2024-06-03,74.524,85.75267028808594
WTI Oil,tscv_08,PatchTST+NLinear,PatchTST,NLinear,2024-06-10,78.162,85.68862915039062
WTI Oil,tscv_08,PatchTST+NLinear,PatchTST,NLinear,2024-06-17,80.6125,84.25386047363281
WTI Oil,tscv_08,PatchTST+NLinear,PatchTST,NLinear,2024-06-24,81.328,85.185791015625
WTI Oil,tscv_08,PatchTST+NLinear,PatchTST,NLinear,2024-07-01,83.31356,85.02745056152344
WTI Oil,tscv_08,PatchTST+NLinear,PatchTST,NLinear,2024-07-08,82.13399999999999,84.11129760742188
WTI Oil,tscv_08,PatchTST+NLinear,PatchTST,NLinear,2024-07-15,80.81,83.76347351074219
WTI Oil,tscv_08,PatchTST+NLinear,PatchTST,NLinear,2024-07-22,77.678,82.66305541992188
WTI Oil,tscv_08,PatchTST+NLinear,PatchTST,NLinear,2024-07-29,75.65599999999999,81.93328857421875
WTI Oil,tscv_08,PatchTST+XGB,PatchTST,XGB,2024-05-13,78.818,84.0030746459961
WTI Oil,tscv_08,PatchTST+XGB,PatchTST,XGB,2024-05-20,78.024,83.89488983154297
WTI Oil,tscv_08,PatchTST+XGB,PatchTST,XGB,2024-05-27,78.5095,83.53456115722656
WTI Oil,tscv_08,PatchTST+XGB,PatchTST,XGB,2024-06-03,74.524,83.6212387084961
WTI Oil,tscv_08,PatchTST+XGB,PatchTST,XGB,2024-06-10,78.162,84.03781127929688
WTI Oil,tscv_08,PatchTST+XGB,PatchTST,XGB,2024-06-17,80.6125,82.79283142089844
WTI Oil,tscv_08,PatchTST+XGB,PatchTST,XGB,2024-06-24,81.328,83.07246398925781
WTI Oil,tscv_08,PatchTST+XGB,PatchTST,XGB,2024-07-01,83.31356,81.90141296386719
WTI Oil,tscv_08,PatchTST+XGB,PatchTST,XGB,2024-07-08,82.13399999999999,81.33988952636719
WTI Oil,tscv_08,PatchTST+XGB,PatchTST,XGB,2024-07-15,80.81,81.45121765136719
WTI Oil,tscv_08,PatchTST+XGB,PatchTST,XGB,2024-07-22,77.678,81.486572265625
WTI Oil,tscv_08,PatchTST+XGB,PatchTST,XGB,2024-07-29,75.65599999999999,80.35263061523438
WTI Oil,tscv_08,PatchTST+LGBM,PatchTST,LGBM,2024-05-13,78.818,84.48111472418763
WTI Oil,tscv_08,PatchTST+LGBM,PatchTST,LGBM,2024-05-20,78.024,86.24167126020052
WTI Oil,tscv_08,PatchTST+LGBM,PatchTST,LGBM,2024-05-27,78.5095,85.21055912728335
WTI Oil,tscv_08,PatchTST+LGBM,PatchTST,LGBM,2024-06-03,74.524,84.7694616179989
WTI Oil,tscv_08,PatchTST+LGBM,PatchTST,LGBM,2024-06-10,78.162,83.21375150236818
WTI Oil,tscv_08,PatchTST+LGBM,PatchTST,LGBM,2024-06-17,80.6125,81.20833423330694
WTI Oil,tscv_08,PatchTST+LGBM,PatchTST,LGBM,2024-06-24,81.328,81.28640003017946
WTI Oil,tscv_08,PatchTST+LGBM,PatchTST,LGBM,2024-07-01,83.31356,80.58134366390645
WTI Oil,tscv_08,PatchTST+LGBM,PatchTST,LGBM,2024-07-08,82.13399999999999,80.57351960708176
WTI Oil,tscv_08,PatchTST+LGBM,PatchTST,LGBM,2024-07-15,80.81,80.45656555693978
WTI Oil,tscv_08,PatchTST+LGBM,PatchTST,LGBM,2024-07-22,77.678,79.19341916870202
WTI Oil,tscv_08,PatchTST+LGBM,PatchTST,LGBM,2024-07-29,75.65599999999999,78.4137026399275
WTI Oil,tscv_09,PatchTST,PatchTST,-,2024-06-10,78.162,73.95633697509766
WTI Oil,tscv_09,PatchTST,PatchTST,-,2024-06-17,80.6125,74.1615219116211
WTI Oil,tscv_09,PatchTST,PatchTST,-,2024-06-24,81.328,73.99382019042969
WTI Oil,tscv_09,PatchTST,PatchTST,-,2024-07-01,83.31356,74.29065704345703
WTI Oil,tscv_09,PatchTST,PatchTST,-,2024-07-08,82.13399999999999,74.01013946533203
WTI Oil,tscv_09,PatchTST,PatchTST,-,2024-07-15,80.81,74.41236877441406
WTI Oil,tscv_09,PatchTST,PatchTST,-,2024-07-22,77.678,74.52474212646484
WTI Oil,tscv_09,PatchTST,PatchTST,-,2024-07-29,75.65599999999999,74.18307495117188
WTI Oil,tscv_09,PatchTST,PatchTST,-,2024-08-05,74.88,74.17093658447266
WTI Oil,tscv_09,PatchTST,PatchTST,-,2024-08-12,77.584,74.0201187133789
WTI Oil,tscv_09,PatchTST,PatchTST,-,2024-08-19,73.32000000000001,73.32653045654297
WTI Oil,tscv_09,PatchTST,PatchTST,-,2024-08-26,75.386,73.90332794189453
WTI Oil,tscv_09,PatchTST+NLinear,PatchTST,NLinear,2024-06-10,78.162,71.13782501220703
WTI Oil,tscv_09,PatchTST+NLinear,PatchTST,NLinear,2024-06-17,80.6125,68.2697982788086
WTI Oil,tscv_09,PatchTST+NLinear,PatchTST,NLinear,2024-06-24,81.328,71.22884368896484
WTI Oil,tscv_09,PatchTST+NLinear,PatchTST,NLinear,2024-07-01,83.31356,73.85338592529297
WTI Oil,tscv_09,PatchTST+NLinear,PatchTST,NLinear,2024-07-08,82.13399999999999,74.36165618896484
WTI Oil,tscv_09,PatchTST+NLinear,PatchTST,NLinear,2024-07-15,80.81,76.20748138427734
WTI Oil,tscv_09,PatchTST+NLinear,PatchTST,NLinear,2024-07-22,77.678,75.19453430175781
WTI Oil,tscv_09,PatchTST+NLinear,PatchTST,NLinear,2024-07-29,75.65599999999999,73.78359985351562
WTI Oil,tscv_09,PatchTST+NLinear,PatchTST,NLinear,2024-08-05,74.88,71.399169921875
WTI Oil,tscv_09,PatchTST+NLinear,PatchTST,NLinear,2024-08-12,77.584,68.77568054199219
WTI Oil,tscv_09,PatchTST+NLinear,PatchTST,NLinear,2024-08-19,73.32000000000001,67.57556915283203
WTI Oil,tscv_09,PatchTST+NLinear,PatchTST,NLinear,2024-08-26,75.386,70.94219970703125
WTI Oil,tscv_09,PatchTST+XGB,PatchTST,XGB,2024-06-10,78.162,74.71334838867188
WTI Oil,tscv_09,PatchTST+XGB,PatchTST,XGB,2024-06-17,80.6125,74.77269744873047
WTI Oil,tscv_09,PatchTST+XGB,PatchTST,XGB,2024-06-24,81.328,74.3331298828125
WTI Oil,tscv_09,PatchTST+XGB,PatchTST,XGB,2024-07-01,83.31356,75.7507553100586
WTI Oil,tscv_09,PatchTST+XGB,PatchTST,XGB,2024-07-08,82.13399999999999,77.719970703125
WTI Oil,tscv_09,PatchTST+XGB,PatchTST,XGB,2024-07-15,80.81,78.46784973144531
WTI Oil,tscv_09,PatchTST+XGB,PatchTST,XGB,2024-07-22,77.678,78.5871353149414
WTI Oil,tscv_09,PatchTST+XGB,PatchTST,XGB,2024-07-29,75.65599999999999,78.29429626464844
WTI Oil,tscv_09,PatchTST+XGB,PatchTST,XGB,2024-08-05,74.88,77.9031982421875
WTI Oil,tscv_09,PatchTST+XGB,PatchTST,XGB,2024-08-12,77.584,76.8191909790039
WTI Oil,tscv_09,PatchTST+XGB,PatchTST,XGB,2024-08-19,73.32000000000001,75.54348754882812
WTI Oil,tscv_09,PatchTST+XGB,PatchTST,XGB,2024-08-26,75.386,76.71470642089844
WTI Oil,tscv_09,PatchTST+LGBM,PatchTST,LGBM,2024-06-10,78.162,74.40823867622504
WTI Oil,tscv_09,PatchTST+LGBM,PatchTST,LGBM,2024-06-17,80.6125,74.58685777055067
WTI Oil,tscv_09,PatchTST+LGBM,PatchTST,LGBM,2024-06-24,81.328,73.20838093651176
WTI Oil,tscv_09,PatchTST+LGBM,PatchTST,LGBM,2024-07-01,83.31356,73.28703343337837
WTI Oil,tscv_09,PatchTST+LGBM,PatchTST,LGBM,2024-07-08,82.13399999999999,74.3247211036657
WTI Oil,tscv_09,PatchTST+LGBM,PatchTST,LGBM,2024-07-15,80.81,74.62830036980296
WTI Oil,tscv_09,PatchTST+LGBM,PatchTST,LGBM,2024-07-22,77.678,75.49406481134224
WTI Oil,tscv_09,PatchTST+LGBM,PatchTST,LGBM,2024-07-29,75.65599999999999,74.79794635149065
WTI Oil,tscv_09,PatchTST+LGBM,PatchTST,LGBM,2024-08-05,74.88,74.36557803324385
WTI Oil,tscv_09,PatchTST+LGBM,PatchTST,LGBM,2024-08-12,77.584,74.22237865001428
WTI Oil,tscv_09,PatchTST+LGBM,PatchTST,LGBM,2024-08-19,73.32000000000001,72.68055943241231
WTI Oil,tscv_09,PatchTST+LGBM,PatchTST,LGBM,2024-08-26,75.386,73.9013901107817
WTI Oil,tscv_10,PatchTST,PatchTST,-,2024-07-08,82.13399999999999,73.2385025024414
WTI Oil,tscv_10,PatchTST,PatchTST,-,2024-07-15,80.81,73.1589126586914
WTI Oil,tscv_10,PatchTST,PatchTST,-,2024-07-22,77.678,72.89623260498047
WTI Oil,tscv_10,PatchTST,PatchTST,-,2024-07-29,75.65599999999999,72.56360626220703
WTI Oil,tscv_10,PatchTST,PatchTST,-,2024-08-05,74.88,72.19366455078125
WTI Oil,tscv_10,PatchTST,PatchTST,-,2024-08-12,77.584,71.6751708984375
WTI Oil,tscv_10,PatchTST,PatchTST,-,2024-08-19,73.32000000000001,71.1747817993164
WTI Oil,tscv_10,PatchTST,PatchTST,-,2024-08-26,75.386,70.62877655029297
WTI Oil,tscv_10,PatchTST,PatchTST,-,2024-09-02,70.08424,69.87940216064453
WTI Oil,tscv_10,PatchTST,PatchTST,-,2024-09-09,67.878,69.31412506103516
WTI Oil,tscv_10,PatchTST,PatchTST,-,2024-09-16,70.41799999999999,68.13919067382812
WTI Oil,tscv_10,PatchTST,PatchTST,-,2024-09-23,69.494,67.22584533691406
WTI Oil,tscv_10,PatchTST+NLinear,PatchTST,NLinear,2024-07-08,82.13399999999999,74.59859466552734
WTI Oil,tscv_10,PatchTST+NLinear,PatchTST,NLinear,2024-07-15,80.81,75.1100082397461
WTI Oil,tscv_10,PatchTST+NLinear,PatchTST,NLinear,2024-07-22,77.678,74.18997192382812
WTI Oil,tscv_10,PatchTST+NLinear,PatchTST,NLinear,2024-07-29,75.65599999999999,73.63188171386719
WTI Oil,tscv_10,PatchTST+NLinear,PatchTST,NLinear,2024-08-05,74.88,72.3687973022461
WTI Oil,tscv_10,PatchTST+NLinear,PatchTST,NLinear,2024-08-12,77.584,71.62905883789062
WTI Oil,tscv_10,PatchTST+NLinear,PatchTST,NLinear,2024-08-19,73.32000000000001,71.1179428100586
WTI Oil,tscv_10,PatchTST+NLinear,PatchTST,NLinear,2024-08-26,75.386,70.64044952392578
WTI Oil,tscv_10,PatchTST+NLinear,PatchTST,NLinear,2024-09-02,70.08424,68.09906005859375
WTI Oil,tscv_10,PatchTST+NLinear,PatchTST,NLinear,2024-09-09,67.878,68.33234405517578
WTI Oil,tscv_10,PatchTST+NLinear,PatchTST,NLinear,2024-09-16,70.41799999999999,66.56398010253906
WTI Oil,tscv_10,PatchTST+NLinear,PatchTST,NLinear,2024-09-23,69.494,65.06828308105469
WTI Oil,tscv_10,PatchTST+XGB,PatchTST,XGB,2024-07-08,82.13399999999999,79.7020034790039
WTI Oil,tscv_10,PatchTST+XGB,PatchTST,XGB,2024-07-15,80.81,79.22394561767578
WTI Oil,tscv_10,PatchTST+XGB,PatchTST,XGB,2024-07-22,77.678,78.38961791992188
WTI Oil,tscv_10,PatchTST+XGB,PatchTST,XGB,2024-07-29,75.65599999999999,78.04740142822266
WTI Oil,tscv_10,PatchTST+XGB,PatchTST,XGB,2024-08-05,74.88,77.91163635253906
WTI Oil,tscv_10,PatchTST+XGB,PatchTST,XGB,2024-08-12,77.584,76.71343231201172
WTI Oil,tscv_10,PatchTST+XGB,PatchTST,XGB,2024-08-19,73.32000000000001,75.80171203613281
WTI Oil,tscv_10,PatchTST+XGB,PatchTST,XGB,2024-08-26,75.386,75.10888671875
WTI Oil,tscv_10,PatchTST+XGB,PatchTST,XGB,2024-09-02,70.08424,74.3133544921875
WTI Oil,tscv_10,PatchTST+XGB,PatchTST,XGB,2024-09-09,67.878,74.6541748046875
WTI Oil,tscv_10,PatchTST+XGB,PatchTST,XGB,2024-09-16,70.41799999999999,74.38856506347656
WTI Oil,tscv_10,PatchTST+XGB,PatchTST,XGB,2024-09-23,69.494,73.53732299804688
WTI Oil,tscv_10,PatchTST+LGBM,PatchTST,LGBM,2024-07-08,82.13399999999999,80.34958962208044
WTI Oil,tscv_10,PatchTST+LGBM,PatchTST,LGBM,2024-07-15,80.81,79.8020095004316
WTI Oil,tscv_10,PatchTST+LGBM,PatchTST,LGBM,2024-07-22,77.678,79.49281278010343
WTI Oil,tscv_10,PatchTST+LGBM,PatchTST,LGBM,2024-07-29,75.65599999999999,78.03753258691636
WTI Oil,tscv_10,PatchTST+LGBM,PatchTST,LGBM,2024-08-05,74.88,77.37931887896339
WTI Oil,tscv_10,PatchTST+LGBM,PatchTST,LGBM,2024-08-12,77.584,76.03059274642969
WTI Oil,tscv_10,PatchTST+LGBM,PatchTST,LGBM,2024-08-19,73.32000000000001,73.95474001760923
WTI Oil,tscv_10,PatchTST+LGBM,PatchTST,LGBM,2024-08-26,75.386,73.21804154691338
WTI Oil,tscv_10,PatchTST+LGBM,PatchTST,LGBM,2024-09-02,70.08424,73.18655112199222
WTI Oil,tscv_10,PatchTST+LGBM,PatchTST,LGBM,2024-09-09,67.878,72.45429764792186
WTI Oil,tscv_10,PatchTST+LGBM,PatchTST,LGBM,2024-09-16,70.41799999999999,71.23800165042816
WTI Oil,tscv_10,PatchTST+LGBM,PatchTST,LGBM,2024-09-23,69.494,70.64677433221505
WTI Oil,tscv_11,PatchTST,PatchTST,-,2024-08-05,74.88,67.60318756103516
WTI Oil,tscv_11,PatchTST,PatchTST,-,2024-08-12,77.584,66.59015655517578
WTI Oil,tscv_11,PatchTST,PatchTST,-,2024-08-19,73.32000000000001,66.9905776977539
WTI Oil,tscv_11,PatchTST,PatchTST,-,2024-08-26,75.386,66.33846282958984
WTI Oil,tscv_11,PatchTST,PatchTST,-,2024-09-02,70.08424,65.42231750488281
WTI Oil,tscv_11,PatchTST,PatchTST,-,2024-09-09,67.878,65.08554077148438
WTI Oil,tscv_11,PatchTST,PatchTST,-,2024-09-16,70.41799999999999,62.39860916137695
WTI Oil,tscv_11,PatchTST,PatchTST,-,2024-09-23,69.494,61.90757369995117
WTI Oil,tscv_11,PatchTST,PatchTST,-,2024-09-30,71.238,61.563541412353516
WTI Oil,tscv_11,PatchTST,PatchTST,-,2024-10-07,75.072,60.02473449707031
WTI Oil,tscv_11,PatchTST,PatchTST,-,2024-10-14,70.716,61.64255905151367
WTI Oil,tscv_11,PatchTST,PatchTST,-,2024-10-21,70.904,61.89775466918945
WTI Oil,tscv_11,PatchTST+NLinear,PatchTST,NLinear,2024-08-05,74.88,66.42362976074219
WTI Oil,tscv_11,PatchTST+NLinear,PatchTST,NLinear,2024-08-12,77.584,65.8392562866211
WTI Oil,tscv_11,PatchTST+NLinear,PatchTST,NLinear,2024-08-19,73.32000000000001,66.79855346679688
WTI Oil,tscv_11,PatchTST+NLinear,PatchTST,NLinear,2024-08-26,75.386,65.38897705078125
WTI Oil,tscv_11,PatchTST+NLinear,PatchTST,NLinear,2024-09-02,70.08424,65.14649200439453
WTI Oil,tscv_11,PatchTST+NLinear,PatchTST,NLinear,2024-09-09,67.878,64.16427612304688
WTI Oil,tscv_11,PatchTST+NLinear,PatchTST,NLinear,2024-09-16,70.41799999999999,63.02729415893555
WTI Oil,tscv_11,PatchTST+NLinear,PatchTST,NLinear,2024-09-23,69.494,63.02476501464844
WTI Oil,tscv_11,PatchTST+NLinear,PatchTST,NLinear,2024-09-30,71.238,61.80691909790039
WTI Oil,tscv_11,PatchTST+NLinear,PatchTST,NLinear,2024-10-07,75.072,61.869911193847656
WTI Oil,tscv_11,PatchTST+NLinear,PatchTST,NLinear,2024-10-14,70.716,63.11955261230469
WTI Oil,tscv_11,PatchTST+NLinear,PatchTST,NLinear,2024-10-21,70.904,63.000675201416016
WTI Oil,tscv_11,PatchTST+XGB,PatchTST,XGB,2024-08-05,74.88,76.67985534667969
WTI Oil,tscv_11,PatchTST+XGB,PatchTST,XGB,2024-08-12,77.584,76.05172729492188
WTI Oil,tscv_11,PatchTST+XGB,PatchTST,XGB,2024-08-19,73.32000000000001,71.29736328125
WTI Oil,tscv_11,PatchTST+XGB,PatchTST,XGB,2024-08-26,75.386,70.12942504882812
WTI Oil,tscv_11,PatchTST+XGB,PatchTST,XGB,2024-09-02,70.08424,68.07699584960938
WTI Oil,tscv_11,PatchTST+XGB,PatchTST,XGB,2024-09-09,67.878,66.79961395263672
WTI Oil,tscv_11,PatchTST+XGB,PatchTST,XGB,2024-09-16,70.41799999999999,64.04917907714844
WTI Oil,tscv_11,PatchTST+XGB,PatchTST,XGB,2024-09-23,69.494,64.63607025146484
WTI Oil,tscv_11,PatchTST+XGB,PatchTST,XGB,2024-09-30,71.238,64.0895004272461
WTI Oil,tscv_11,PatchTST+XGB,PatchTST,XGB,2024-10-07,75.072,63.31431198120117
WTI Oil,tscv_11,PatchTST+XGB,PatchTST,XGB,2024-10-14,70.716,64.93173217773438
WTI Oil,tscv_11,PatchTST+XGB,PatchTST,XGB,2024-10-21,70.904,65.4110107421875
WTI Oil,tscv_11,PatchTST+LGBM,PatchTST,LGBM,2024-08-05,74.88,77.18092939870627
WTI Oil,tscv_11,PatchTST+LGBM,PatchTST,LGBM,2024-08-12,77.584,75.19919524844659
WTI Oil,tscv_11,PatchTST+LGBM,PatchTST,LGBM,2024-08-19,73.32000000000001,70.3639902867851
WTI Oil,tscv_11,PatchTST+LGBM,PatchTST,LGBM,2024-08-26,75.386,68.86188810396779
WTI Oil,tscv_11,PatchTST+LGBM,PatchTST,LGBM,2024-09-02,70.08424,67.33511482403146
WTI Oil,tscv_11,PatchTST+LGBM,PatchTST,LGBM,2024-09-09,67.878,67.20995383886044
WTI Oil,tscv_11,PatchTST+LGBM,PatchTST,LGBM,2024-09-16,70.41799999999999,64.11837535140484
WTI Oil,tscv_11,PatchTST+LGBM,PatchTST,LGBM,2024-09-23,69.494,64.21382222448226
WTI Oil,tscv_11,PatchTST+LGBM,PatchTST,LGBM,2024-09-30,71.238,65.22760866258989
WTI Oil,tscv_11,PatchTST+LGBM,PatchTST,LGBM,2024-10-07,75.072,64.19198716662
WTI Oil,tscv_11,PatchTST+LGBM,PatchTST,LGBM,2024-10-14,70.716,65.8761697424078
WTI Oil,tscv_11,PatchTST+LGBM,PatchTST,LGBM,2024-10-21,70.904,65.86267238947171
WTI Oil,tscv_12,PatchTST,PatchTST,-,2024-09-02,70.08424,74.06900787353516
WTI Oil,tscv_12,PatchTST,PatchTST,-,2024-09-09,67.878,73.7254867553711
WTI Oil,tscv_12,PatchTST,PatchTST,-,2024-09-16,70.41799999999999,72.94025421142578
WTI Oil,tscv_12,PatchTST,PatchTST,-,2024-09-23,69.494,72.45646667480469
WTI Oil,tscv_12,PatchTST,PatchTST,-,2024-09-30,71.238,71.93067169189453
WTI Oil,tscv_12,PatchTST,PatchTST,-,2024-10-07,75.072,71.7154541015625
WTI Oil,tscv_12,PatchTST,PatchTST,-,2024-10-14,70.716,71.37773132324219
WTI Oil,tscv_12,PatchTST,PatchTST,-,2024-10-21,70.904,71.55256652832031
WTI Oil,tscv_12,PatchTST,PatchTST,-,2024-10-28,68.39,71.07100677490234
WTI Oil,tscv_12,PatchTST,PatchTST,-,2024-11-04,71.578,71.0300521850586
WTI Oil,tscv_12,PatchTST,PatchTST,-,2024-11-11,68.042,70.52434539794922
WTI Oil,tscv_12,PatchTST,PatchTST,-,2024-11-18,69.7,70.78763580322266
WTI Oil,tscv_12,PatchTST+NLinear,PatchTST,NLinear,2024-09-02,70.08424,72.56389617919922
WTI Oil,tscv_12,PatchTST+NLinear,PatchTST,NLinear,2024-09-09,67.878,72.53945922851562
WTI Oil,tscv_12,PatchTST+NLinear,PatchTST,NLinear,2024-09-16,70.41799999999999,69.59222412109375
WTI Oil,tscv_12,PatchTST+NLinear,PatchTST,NLinear,2024-09-23,69.494,68.50839233398438
WTI Oil,tscv_12,PatchTST+NLinear,PatchTST,NLinear,2024-09-30,71.238,68.89314270019531
WTI Oil,tscv_12,PatchTST+NLinear,PatchTST,NLinear,2024-10-07,75.072,68.59314727783203
WTI Oil,tscv_12,PatchTST+NLinear,PatchTST,NLinear,2024-10-14,70.716,68.64161682128906
WTI Oil,tscv_12,PatchTST+NLinear,PatchTST,NLinear,2024-10-21,70.904,69.86187744140625
WTI Oil,tscv_12,PatchTST+NLinear,PatchTST,NLinear,2024-10-28,68.39,67.90453338623047
WTI Oil,tscv_12,PatchTST+NLinear,PatchTST,NLinear,2024-11-04,71.578,67.70262145996094
WTI Oil,tscv_12,PatchTST+NLinear,PatchTST,NLinear,2024-11-11,68.042,66.38005828857422
WTI Oil,tscv_12,PatchTST+NLinear,PatchTST,NLinear,2024-11-18,69.7,68.07177734375
WTI Oil,tscv_12,PatchTST+XGB,PatchTST,XGB,2024-09-02,70.08424,75.5833969116211
WTI Oil,tscv_12,PatchTST+XGB,PatchTST,XGB,2024-09-09,67.878,75.9264907836914
WTI Oil,tscv_12,PatchTST+XGB,PatchTST,XGB,2024-09-16,70.41799999999999,75.9084701538086
WTI Oil,tscv_12,PatchTST+XGB,PatchTST,XGB,2024-09-23,69.494,74.68888854980469
WTI Oil,tscv_12,PatchTST+XGB,PatchTST,XGB,2024-09-30,71.238,74.32486724853516
WTI Oil,tscv_12,PatchTST+XGB,PatchTST,XGB,2024-10-07,75.072,73.81282043457031
WTI Oil,tscv_12,PatchTST+XGB,PatchTST,XGB,2024-10-14,70.716,72.41790771484375
WTI Oil,tscv_12,PatchTST+XGB,PatchTST,XGB,2024-10-21,70.904,72.97894287109375
WTI Oil,tscv_12,PatchTST+XGB,PatchTST,XGB,2024-10-28,68.39,72.29743957519531
WTI Oil,tscv_12,PatchTST+XGB,PatchTST,XGB,2024-11-04,71.578,72.81891632080078
WTI Oil,tscv_12,PatchTST+XGB,PatchTST,XGB,2024-11-11,68.042,72.046630859375
WTI Oil,tscv_12,PatchTST+XGB,PatchTST,XGB,2024-11-18,69.7,72.68877410888672
WTI Oil,tscv_12,PatchTST+LGBM,PatchTST,LGBM,2024-09-02,70.08424,76.43891564355881
WTI Oil,tscv_12,PatchTST+LGBM,PatchTST,LGBM,2024-09-09,67.878,76.40179315071569
WTI Oil,tscv_12,PatchTST+LGBM,PatchTST,LGBM,2024-09-16,70.41799999999999,76.8178314131608
WTI Oil,tscv_12,PatchTST+LGBM,PatchTST,LGBM,2024-09-23,69.494,76.3331813054157
WTI Oil,tscv_12,PatchTST+LGBM,PatchTST,LGBM,2024-09-30,71.238,76.65225267879939
WTI Oil,tscv_12,PatchTST+LGBM,PatchTST,LGBM,2024-10-07,75.072,74.40011237911332
WTI Oil,tscv_12,PatchTST+LGBM,PatchTST,LGBM,2024-10-14,70.716,74.1693708390208
WTI Oil,tscv_12,PatchTST+LGBM,PatchTST,LGBM,2024-10-21,70.904,73.59480928247456
WTI Oil,tscv_12,PatchTST+LGBM,PatchTST,LGBM,2024-10-28,68.39,72.74745078191853
WTI Oil,tscv_12,PatchTST+LGBM,PatchTST,LGBM,2024-11-04,71.578,73.38424919301167
WTI Oil,tscv_12,PatchTST+LGBM,PatchTST,LGBM,2024-11-11,68.042,72.67762305997906
WTI Oil,tscv_12,PatchTST+LGBM,PatchTST,LGBM,2024-11-18,69.7,73.13678540278505
WTI Oil,tscv_13,PatchTST,PatchTST,-,2024-09-30,71.238,73.2157211303711
WTI Oil,tscv_13,PatchTST,PatchTST,-,2024-10-07,75.072,72.91470336914062
WTI Oil,tscv_13,PatchTST,PatchTST,-,2024-10-14,70.716,72.3286361694336
WTI Oil,tscv_13,PatchTST,PatchTST,-,2024-10-21,70.904,72.56028747558594
WTI Oil,tscv_13,PatchTST,PatchTST,-,2024-10-28,68.39,72.24070739746094
WTI Oil,tscv_13,PatchTST,PatchTST,-,2024-11-04,71.578,72.49335479736328
WTI Oil,tscv_13,PatchTST,PatchTST,-,2024-11-11,68.042,72.20614624023438
WTI Oil,tscv_13,PatchTST,PatchTST,-,2024-11-18,69.7,72.66022491455078
WTI Oil,tscv_13,PatchTST,PatchTST,-,2024-11-25,68.71811666666666,72.44613647460938
WTI Oil,tscv_13,PatchTST,PatchTST,-,2024-12-02,68.11045714285714,72.73162078857422
WTI Oil,tscv_13,PatchTST,PatchTST,-,2024-12-09,70.1072,72.16400909423828
WTI Oil,tscv_13,PatchTST,PatchTST,-,2024-12-16,69.7302,72.06581115722656
WTI Oil,tscv_13,PatchTST+NLinear,PatchTST,NLinear,2024-09-30,71.238,66.95905303955078
WTI Oil,tscv_13,PatchTST+NLinear,PatchTST,NLinear,2024-10-07,75.072,66.02761840820312
WTI Oil,tscv_13,PatchTST+NLinear,PatchTST,NLinear,2024-10-14,70.716,65.7630844116211
WTI Oil,tscv_13,PatchTST+NLinear,PatchTST,NLinear,2024-10-21,70.904,68.21375274658203
WTI Oil,tscv_13,PatchTST+NLinear,PatchTST,NLinear,2024-10-28,68.39,66.44669342041016
WTI Oil,tscv_13,PatchTST+NLinear,PatchTST,NLinear,2024-11-04,71.578,66.60971069335938
WTI Oil,tscv_13,PatchTST+NLinear,PatchTST,NLinear,2024-11-11,68.042,65.28670501708984
WTI Oil,tscv_13,PatchTST+NLinear,PatchTST,NLinear,2024-11-18,69.7,66.87216186523438
WTI Oil,tscv_13,PatchTST+NLinear,PatchTST,NLinear,2024-11-25,68.71811666666666,66.26717376708984
WTI Oil,tscv_13,PatchTST+NLinear,PatchTST,NLinear,2024-12-02,68.11045714285714,66.93395233154297
WTI Oil,tscv_13,PatchTST+NLinear,PatchTST,NLinear,2024-12-09,70.1072,66.68090057373047
WTI Oil,tscv_13,PatchTST+NLinear,PatchTST,NLinear,2024-12-16,69.7302,66.479736328125
WTI Oil,tscv_13,PatchTST+XGB,PatchTST,XGB,2024-09-30,71.238,69.46270751953125
WTI Oil,tscv_13,PatchTST+XGB,PatchTST,XGB,2024-10-07,75.072,70.39570617675781
WTI Oil,tscv_13,PatchTST+XGB,PatchTST,XGB,2024-10-14,70.716,69.83638000488281
WTI Oil,tscv_13,PatchTST+XGB,PatchTST,XGB,2024-10-21,70.904,69.82138061523438
WTI Oil,tscv_13,PatchTST+XGB,PatchTST,XGB,2024-10-28,68.39,68.62374114990234
WTI Oil,tscv_13,PatchTST+XGB,PatchTST,XGB,2024-11-04,71.578,68.44091033935547
WTI Oil,tscv_13,PatchTST+XGB,PatchTST,XGB,2024-11-11,68.042,68.96627044677734
WTI Oil,tscv_13,PatchTST+XGB,PatchTST,XGB,2024-11-18,69.7,69.607666015625
WTI Oil,tscv_13,PatchTST+XGB,PatchTST,XGB,2024-11-25,68.71811666666666,69.0567855834961
WTI Oil,tscv_13,PatchTST+XGB,PatchTST,XGB,2024-12-02,68.11045714285714,70.45862579345703
WTI Oil,tscv_13,PatchTST+XGB,PatchTST,XGB,2024-12-09,70.1072,68.37708282470703
WTI Oil,tscv_13,PatchTST+XGB,PatchTST,XGB,2024-12-16,69.7302,67.95822143554688
WTI Oil,tscv_13,PatchTST+LGBM,PatchTST,LGBM,2024-09-30,71.238,68.9927867452972
WTI Oil,tscv_13,PatchTST+LGBM,PatchTST,LGBM,2024-10-07,75.072,68.57694167199779
WTI Oil,tscv_13,PatchTST+LGBM,PatchTST,LGBM,2024-10-14,70.716,67.12683450586529
WTI Oil,tscv_13,PatchTST+LGBM,PatchTST,LGBM,2024-10-21,70.904,68.5001453137722
WTI Oil,tscv_13,PatchTST+LGBM,PatchTST,LGBM,2024-10-28,68.39,66.16180372255604
WTI Oil,tscv_13,PatchTST+LGBM,PatchTST,LGBM,2024-11-04,71.578,67.35318779927259
WTI Oil,tscv_13,PatchTST+LGBM,PatchTST,LGBM,2024-11-11,68.042,66.66384026291723
WTI Oil,tscv_13,PatchTST+LGBM,PatchTST,LGBM,2024-11-18,69.7,69.0695001367753
WTI Oil,tscv_13,PatchTST+LGBM,PatchTST,LGBM,2024-11-25,68.71811666666666,67.47541782406515
WTI Oil,tscv_13,PatchTST+LGBM,PatchTST,LGBM,2024-12-02,68.11045714285714,68.11240938933713
WTI Oil,tscv_13,PatchTST+LGBM,PatchTST,LGBM,2024-12-09,70.1072,66.81547494759346
WTI Oil,tscv_13,PatchTST+LGBM,PatchTST,LGBM,2024-12-16,69.7302,66.50261547176011
WTI Oil,tscv_14,PatchTST,PatchTST,-,2024-10-28,68.39,66.70040893554688
WTI Oil,tscv_14,PatchTST,PatchTST,-,2024-11-04,71.578,66.64649963378906
WTI Oil,tscv_14,PatchTST,PatchTST,-,2024-11-11,68.042,66.23402404785156
WTI Oil,tscv_14,PatchTST,PatchTST,-,2024-11-18,69.7,66.53144073486328
WTI Oil,tscv_14,PatchTST,PatchTST,-,2024-11-25,68.71811666666666,65.98155975341797
WTI Oil,tscv_14,PatchTST,PatchTST,-,2024-12-02,68.11045714285714,66.10884857177734
WTI Oil,tscv_14,PatchTST,PatchTST,-,2024-12-09,70.1072,65.14816284179688
WTI Oil,tscv_14,PatchTST,PatchTST,-,2024-12-16,69.7302,64.97161102294922
WTI Oil,tscv_14,PatchTST,PatchTST,-,2024-12-23,70.14909999999999,63.9448127746582
WTI Oil,tscv_14,PatchTST,PatchTST,-,2024-12-30,72.57513333333333,63.98326110839844
WTI Oil,tscv_14,PatchTST,PatchTST,-,2025-01-06,74.9595,63.730018615722656
WTI Oil,tscv_14,PatchTST,PatchTST,-,2025-01-13,78.02933333333333,64.24649810791016
WTI Oil,tscv_14,PatchTST+NLinear,PatchTST,NLinear,2024-10-28,68.39,63.79181671142578
WTI Oil,tscv_14,PatchTST+NLinear,PatchTST,NLinear,2024-11-04,71.578,63.789894104003906
WTI Oil,tscv_14,PatchTST+NLinear,PatchTST,NLinear,2024-11-11,68.042,63.338111877441406
WTI Oil,tscv_14,PatchTST+NLinear,PatchTST,NLinear,2024-11-18,69.7,63.967594146728516
WTI Oil,tscv_14,PatchTST+NLinear,PatchTST,NLinear,2024-11-25,68.71811666666666,63.77127456665039
WTI Oil,tscv_14,PatchTST+NLinear,PatchTST,NLinear,2024-12-02,68.11045714285714,65.10929870605469
WTI Oil,tscv_14,PatchTST+NLinear,PatchTST,NLinear,2024-12-09,70.1072,64.05767059326172
WTI Oil,tscv_14,PatchTST+NLinear,PatchTST,NLinear,2024-12-16,69.7302,63.93038558959961
WTI Oil,tscv_14,PatchTST+NLinear,PatchTST,NLinear,2024-12-23,70.14909999999999,63.8935432434082
WTI Oil,tscv_14,PatchTST+NLinear,PatchTST,NLinear,2024-12-30,72.57513333333333,64.42037963867188
WTI Oil,tscv_14,PatchTST+NLinear,PatchTST,NLinear,2025-01-06,74.9595,63.52053451538086
WTI Oil,tscv_14,PatchTST+NLinear,PatchTST,NLinear,2025-01-13,78.02933333333333,65.46378326416016
WTI Oil,tscv_14,PatchTST+XGB,PatchTST,XGB,2024-10-28,68.39,67.12622833251953
WTI Oil,tscv_14,PatchTST+XGB,PatchTST,XGB,2024-11-04,71.578,66.56684112548828
WTI Oil,tscv_14,PatchTST+XGB,PatchTST,XGB,2024-11-11,68.042,65.76586151123047
WTI Oil,tscv_14,PatchTST+XGB,PatchTST,XGB,2024-11-18,69.7,67.50251007080078
WTI Oil,tscv_14,PatchTST+XGB,PatchTST,XGB,2024-11-25,68.71811666666666,66.6578598022461
WTI Oil,tscv_14,PatchTST+XGB,PatchTST,XGB,2024-12-02,68.11045714285714,68.2091064453125
WTI Oil,tscv_14,PatchTST+XGB,PatchTST,XGB,2024-12-09,70.1072,67.16934967041016
WTI Oil,tscv_14,PatchTST+XGB,PatchTST,XGB,2024-12-16,69.7302,65.56746673583984
WTI Oil,tscv_14,PatchTST+XGB,PatchTST,XGB,2024-12-23,70.14909999999999,67.03731536865234
WTI Oil,tscv_14,PatchTST+XGB,PatchTST,XGB,2024-12-30,72.57513333333333,65.82522583007812
WTI Oil,tscv_14,PatchTST+XGB,PatchTST,XGB,2025-01-06,74.9595,67.40879821777344
WTI Oil,tscv_14,PatchTST+XGB,PatchTST,XGB,2025-01-13,78.02933333333333,68.13282012939453
WTI Oil,tscv_14,PatchTST+LGBM,PatchTST,LGBM,2024-10-28,68.39,68.59979451168078
WTI Oil,tscv_14,PatchTST+LGBM,PatchTST,LGBM,2024-11-04,71.578,67.44180462192132
WTI Oil,tscv_14,PatchTST+LGBM,PatchTST,LGBM,2024-11-11,68.042,67.27894964103683
WTI Oil,tscv_14,PatchTST+LGBM,PatchTST,LGBM,2024-11-18,69.7,67.91308335585268
WTI Oil,tscv_14,PatchTST+LGBM,PatchTST,LGBM,2024-11-25,68.71811666666666,67.12714185641664
WTI Oil,tscv_14,PatchTST+LGBM,PatchTST,LGBM,2024-12-02,68.11045714285714,67.86907404952422
WTI Oil,tscv_14,PatchTST+LGBM,PatchTST,LGBM,2024-12-09,70.1072,67.5131668637735
WTI Oil,tscv_14,PatchTST+LGBM,PatchTST,LGBM,2024-12-16,69.7302,66.99250447319652
WTI Oil,tscv_14,PatchTST+LGBM,PatchTST,LGBM,2024-12-23,70.14909999999999,66.18004230614359
WTI Oil,tscv_14,PatchTST+LGBM,PatchTST,LGBM,2024-12-30,72.57513333333333,65.83323540556485
WTI Oil,tscv_14,PatchTST+LGBM,PatchTST,LGBM,2025-01-06,74.9595,66.24565210214607
WTI Oil,tscv_14,PatchTST+LGBM,PatchTST,LGBM,2025-01-13,78.02933333333333,67.09479203305705
WTI Oil,tscv_15,PatchTST,PatchTST,-,2024-11-25,68.71811666666666,57.19358444213867
WTI Oil,tscv_15,PatchTST,PatchTST,-,2024-12-02,68.11045714285714,54.97114944458008
WTI Oil,tscv_15,PatchTST,PatchTST,-,2024-12-09,70.1072,56.12178039550781
WTI Oil,tscv_15,PatchTST,PatchTST,-,2024-12-16,69.7302,54.371429443359375
WTI Oil,tscv_15,PatchTST,PatchTST,-,2024-12-23,70.14909999999999,55.24784851074219
WTI Oil,tscv_15,PatchTST,PatchTST,-,2024-12-30,72.57513333333333,53.564002990722656
WTI Oil,tscv_15,PatchTST,PatchTST,-,2025-01-06,74.9595,54.7739372253418
WTI Oil,tscv_15,PatchTST,PatchTST,-,2025-01-13,78.02933333333333,54.199642181396484
WTI Oil,tscv_15,PatchTST,PatchTST,-,2025-01-20,75.17753333333333,55.00010299682617
WTI Oil,tscv_15,PatchTST,PatchTST,-,2025-01-27,73.039,55.67491912841797
WTI Oil,tscv_15,PatchTST,PatchTST,-,2025-02-03,71.66098333333333,56.021671295166016
WTI Oil,tscv_15,PatchTST,PatchTST,-,2025-02-10,71.62548333333334,57.37541961669922
WTI Oil,tscv_15,PatchTST+NLinear,PatchTST,NLinear,2024-11-25,68.71811666666666,60.09434127807617
WTI Oil,tscv_15,PatchTST+NLinear,PatchTST,NLinear,2024-12-02,68.11045714285714,57.3116340637207
WTI Oil,tscv_15,PatchTST+NLinear,PatchTST,NLinear,2024-12-09,70.1072,59.43408966064453
WTI Oil,tscv_15,PatchTST+NLinear,PatchTST,NLinear,2024-12-16,69.7302,57.29198455810547
WTI Oil,tscv_15,PatchTST+NLinear,PatchTST,NLinear,2024-12-23,70.14909999999999,57.772281646728516
WTI Oil,tscv_15,PatchTST+NLinear,PatchTST,NLinear,2024-12-30,72.57513333333333,55.25027084350586
WTI Oil,tscv_15,PatchTST+NLinear,PatchTST,NLinear,2025-01-06,74.9595,59.67474365234375
WTI Oil,tscv_15,PatchTST+NLinear,PatchTST,NLinear,2025-01-13,78.02933333333333,58.13711166381836
WTI Oil,tscv_15,PatchTST+NLinear,PatchTST,NLinear,2025-01-20,75.17753333333333,60.70082092285156
WTI Oil,tscv_15,PatchTST+NLinear,PatchTST,NLinear,2025-01-27,73.039,64.34767150878906
WTI Oil,tscv_15,PatchTST+NLinear,PatchTST,NLinear,2025-02-03,71.66098333333333,64.12399291992188
WTI Oil,tscv_15,PatchTST+NLinear,PatchTST,NLinear,2025-02-10,71.62548333333334,62.112735748291016
WTI Oil,tscv_15,PatchTST+XGB,PatchTST,XGB,2024-11-25,68.71811666666666,69.02854919433594
WTI Oil,tscv_15,PatchTST+XGB,PatchTST,XGB,2024-12-02,68.11045714285714,64.46817779541016
WTI Oil,tscv_15,PatchTST+XGB,PatchTST,XGB,2024-12-09,70.1072,65.18183135986328
WTI Oil,tscv_15,PatchTST+XGB,PatchTST,XGB,2024-12-16,69.7302,64.62393188476562
WTI Oil,tscv_15,PatchTST+XGB,PatchTST,XGB,2024-12-23,70.14909999999999,65.12849426269531
WTI Oil,tscv_15,PatchTST+XGB,PatchTST,XGB,2024-12-30,72.57513333333333,63.37375259399414
WTI Oil,tscv_15,PatchTST+XGB,PatchTST,XGB,2025-01-06,74.9595,63.388572692871094
WTI Oil,tscv_15,PatchTST+XGB,PatchTST,XGB,2025-01-13,78.02933333333333,64.08565521240234
WTI Oil,tscv_15,PatchTST+XGB,PatchTST,XGB,2025-01-20,75.17753333333333,64.90686798095703
WTI Oil,tscv_15,PatchTST+XGB,PatchTST,XGB,2025-01-27,73.039,64.35784149169922
WTI Oil,tscv_15,PatchTST+XGB,PatchTST,XGB,2025-02-03,71.66098333333333,64.80923461914062
WTI Oil,tscv_15,PatchTST+XGB,PatchTST,XGB,2025-02-10,71.62548333333334,65.01165008544922
WTI Oil,tscv_15,PatchTST+LGBM,PatchTST,LGBM,2024-11-25,68.71811666666666,69.19317593935212
WTI Oil,tscv_15,PatchTST+LGBM,PatchTST,LGBM,2024-12-02,68.11045714285714,64.32060023615593
WTI Oil,tscv_15,PatchTST+LGBM,PatchTST,LGBM,2024-12-09,70.1072,65.89260590264713
WTI Oil,tscv_15,PatchTST+LGBM,PatchTST,LGBM,2024-12-16,69.7302,66.60271871169125
WTI Oil,tscv_15,PatchTST+LGBM,PatchTST,LGBM,2024-12-23,70.14909999999999,65.43164761645687
WTI Oil,tscv_15,PatchTST+LGBM,PatchTST,LGBM,2024-12-30,72.57513333333333,63.82039180805023
WTI Oil,tscv_15,PatchTST+LGBM,PatchTST,LGBM,2025-01-06,74.9595,64.8583996995212
WTI Oil,tscv_15,PatchTST+LGBM,PatchTST,LGBM,2025-01-13,78.02933333333333,62.213783040603204
WTI Oil,tscv_15,PatchTST+LGBM,PatchTST,LGBM,2025-01-20,75.17753333333333,63.46211484372659
WTI Oil,tscv_15,PatchTST+LGBM,PatchTST,LGBM,2025-01-27,73.039,64.97580762849825
WTI Oil,tscv_15,PatchTST+LGBM,PatchTST,LGBM,2025-02-03,71.66098333333333,63.094957029839605
WTI Oil,tscv_15,PatchTST+LGBM,PatchTST,LGBM,2025-02-10,71.62548333333334,64.81461262433997
WTI Oil,tscv_16,PatchTST,PatchTST,-,2024-12-23,70.14909999999999,66.64181518554688
WTI Oil,tscv_16,PatchTST,PatchTST,-,2024-12-30,72.57513333333333,66.99935150146484
WTI Oil,tscv_16,PatchTST,PatchTST,-,2025-01-06,74.9595,66.22612762451172
WTI Oil,tscv_16,PatchTST,PatchTST,-,2025-01-13,78.02933333333333,66.92139434814453
WTI Oil,tscv_16,PatchTST,PatchTST,-,2025-01-20,75.17753333333333,66.77574157714844
WTI Oil,tscv_16,PatchTST,PatchTST,-,2025-01-27,73.039,67.8359375
WTI Oil,tscv_16,PatchTST,PatchTST,-,2025-02-03,71.66098333333333,67.8015365600586
WTI Oil,tscv_16,PatchTST,PatchTST,-,2025-02-10,71.62548333333334,68.6141586303711
WTI Oil,tscv_16,PatchTST,PatchTST,-,2025-02-17,71.43208333333332,68.74739837646484
WTI Oil,tscv_16,PatchTST,PatchTST,-,2025-02-24,69.672,69.7262191772461
WTI Oil,tscv_16,PatchTST,PatchTST,-,2025-03-03,67.268,70.12547302246094
WTI Oil,tscv_16,PatchTST,PatchTST,-,2025-03-10,66.92067142857142,70.85118865966797
WTI Oil,tscv_16,PatchTST+NLinear,PatchTST,NLinear,2024-12-23,70.14909999999999,66.86331939697266
WTI Oil,tscv_16,PatchTST+NLinear,PatchTST,NLinear,2024-12-30,72.57513333333333,67.38436889648438
WTI Oil,tscv_16,PatchTST+NLinear,PatchTST,NLinear,2025-01-06,74.9595,66.69599914550781
WTI Oil,tscv_16,PatchTST+NLinear,PatchTST,NLinear,2025-01-13,78.02933333333333,68.8925552368164
WTI Oil,tscv_16,PatchTST+NLinear,PatchTST,NLinear,2025-01-20,75.17753333333333,69.7471923828125
WTI Oil,tscv_16,PatchTST+NLinear,PatchTST,NLinear,2025-01-27,73.039,71.76264953613281
WTI Oil,tscv_16,PatchTST+NLinear,PatchTST,NLinear,2025-02-03,71.66098333333333,69.6441879272461
WTI Oil,tscv_16,PatchTST+NLinear,PatchTST,NLinear,2025-02-10,71.62548333333334,68.74866485595703
WTI Oil,tscv_16,PatchTST+NLinear,PatchTST,NLinear,2025-02-17,71.43208333333332,67.82630157470703
WTI Oil,tscv_16,PatchTST+NLinear,PatchTST,NLinear,2025-02-24,69.672,68.74955749511719
WTI Oil,tscv_16,PatchTST+NLinear,PatchTST,NLinear,2025-03-03,67.268,69.32865905761719
WTI Oil,tscv_16,PatchTST+NLinear,PatchTST,NLinear,2025-03-10,66.92067142857142,68.48600006103516
WTI Oil,tscv_16,PatchTST+XGB,PatchTST,XGB,2024-12-23,70.14909999999999,68.76417541503906
WTI Oil,tscv_16,PatchTST+XGB,PatchTST,XGB,2024-12-30,72.57513333333333,68.833251953125
WTI Oil,tscv_16,PatchTST+XGB,PatchTST,XGB,2025-01-06,74.9595,68.99356079101562
WTI Oil,tscv_16,PatchTST+XGB,PatchTST,XGB,2025-01-13,78.02933333333333,69.37323760986328
WTI Oil,tscv_16,PatchTST+XGB,PatchTST,XGB,2025-01-20,75.17753333333333,68.58475494384766
WTI Oil,tscv_16,PatchTST+XGB,PatchTST,XGB,2025-01-27,73.039,69.88594818115234
WTI Oil,tscv_16,PatchTST+XGB,PatchTST,XGB,2025-02-03,71.66098333333333,69.53919219970703
WTI Oil,tscv_16,PatchTST+XGB,PatchTST,XGB,2025-02-10,71.62548333333334,69.63676452636719
WTI Oil,tscv_16,PatchTST+XGB,PatchTST,XGB,2025-02-17,71.43208333333332,69.06471252441406
WTI Oil,tscv_16,PatchTST+XGB,PatchTST,XGB,2025-02-24,69.672,70.42829132080078
WTI Oil,tscv_16,PatchTST+XGB,PatchTST,XGB,2025-03-03,67.268,70.62142944335938
WTI Oil,tscv_16,PatchTST+XGB,PatchTST,XGB,2025-03-10,66.92067142857142,71.75062561035156
WTI Oil,tscv_16,PatchTST+LGBM,PatchTST,LGBM,2024-12-23,70.14909999999999,68.687179532581
WTI Oil,tscv_16,PatchTST+LGBM,PatchTST,LGBM,2024-12-30,72.57513333333333,68.45307250506002
WTI Oil,tscv_16,PatchTST+LGBM,PatchTST,LGBM,2025-01-06,74.9595,67.87282492452836
WTI Oil,tscv_16,PatchTST+LGBM,PatchTST,LGBM,2025-01-13,78.02933333333333,68.43005858957171
WTI Oil,tscv_16,PatchTST+LGBM,PatchTST,LGBM,2025-01-20,75.17753333333333,67.62451499020129
WTI Oil,tscv_16,PatchTST+LGBM,PatchTST,LGBM,2025-01-27,73.039,69.58656340582571
WTI Oil,tscv_16,PatchTST+LGBM,PatchTST,LGBM,2025-02-03,71.66098333333333,70.26840682250847
WTI Oil,tscv_16,PatchTST+LGBM,PatchTST,LGBM,2025-02-10,71.62548333333334,70.96140318385994
WTI Oil,tscv_16,PatchTST+LGBM,PatchTST,LGBM,2025-02-17,71.43208333333332,70.92675457901642
WTI Oil,tscv_16,PatchTST+LGBM,PatchTST,LGBM,2025-02-24,69.672,71.11524492139681
WTI Oil,tscv_16,PatchTST+LGBM,PatchTST,LGBM,2025-03-03,67.268,71.29053214842877
WTI Oil,tscv_16,PatchTST+LGBM,PatchTST,LGBM,2025-03-10,66.92067142857142,71.20521120937642
WTI Oil,tscv_17,PatchTST,PatchTST,-,2025-01-20,75.17753333333333,67.85244750976562
WTI Oil,tscv_17,PatchTST,PatchTST,-,2025-01-27,73.039,69.13935852050781
WTI Oil,tscv_17,PatchTST,PatchTST,-,2025-02-03,71.66098333333333,69.30683135986328
WTI Oil,tscv_17,PatchTST,PatchTST,-,2025-02-10,71.62548333333334,70.40306091308594
WTI Oil,tscv_17,PatchTST,PatchTST,-,2025-02-17,71.43208333333332,71.75794982910156
WTI Oil,tscv_17,PatchTST,PatchTST,-,2025-02-24,69.672,73.0059585571289
WTI Oil,tscv_17,PatchTST,PatchTST,-,2025-03-03,67.268,73.93382263183594
WTI Oil,tscv_17,PatchTST,PatchTST,-,2025-03-10,66.92067142857142,76.33293151855469
WTI Oil,tscv_17,PatchTST,PatchTST,-,2025-03-17,67.67898571428572,77.17619323730469
WTI Oil,tscv_17,PatchTST,PatchTST,-,2025-03-24,69.34062857142858,78.41903686523438
WTI Oil,tscv_17,PatchTST,PatchTST,-,2025-03-31,66.51854285714286,78.61112976074219
WTI Oil,tscv_17,PatchTST,PatchTST,-,2025-04-07,60.99218571428571,79.73377990722656
WTI Oil,tscv_17,PatchTST+NLinear,PatchTST,NLinear,2025-01-20,75.17753333333333,67.88674926757812
WTI Oil,tscv_17,PatchTST+NLinear,PatchTST,NLinear,2025-01-27,73.039,69.76346588134766
WTI Oil,tscv_17,PatchTST+NLinear,PatchTST,NLinear,2025-02-03,71.66098333333333,68.61227416992188
WTI Oil,tscv_17,PatchTST+NLinear,PatchTST,NLinear,2025-02-10,71.62548333333334,68.52789306640625
WTI Oil,tscv_17,PatchTST+NLinear,PatchTST,NLinear,2025-02-17,71.43208333333332,69.27698516845703
WTI Oil,tscv_17,PatchTST+NLinear,PatchTST,NLinear,2025-02-24,69.672,70.54684448242188
WTI Oil,tscv_17,PatchTST+NLinear,PatchTST,NLinear,2025-03-03,67.268,71.67698669433594
WTI Oil,tscv_17,PatchTST+NLinear,PatchTST,NLinear,2025-03-10,66.92067142857142,73.91146850585938
WTI Oil,tscv_17,PatchTST+NLinear,PatchTST,NLinear,2025-03-17,67.67898571428572,74.46012878417969
WTI Oil,tscv_17,PatchTST+NLinear,PatchTST,NLinear,2025-03-24,69.34062857142858,75.75511169433594
WTI Oil,tscv_17,PatchTST+NLinear,PatchTST,NLinear,2025-03-31,66.51854285714286,76.1917724609375
WTI Oil,tscv_17,PatchTST+NLinear,PatchTST,NLinear,2025-04-07,60.99218571428571,77.7716064453125
WTI Oil,tscv_17,PatchTST+XGB,PatchTST,XGB,2025-01-20,75.17753333333333,73.37907409667969
WTI Oil,tscv_17,PatchTST+XGB,PatchTST,XGB,2025-01-27,73.039,75.15050506591797
WTI Oil,tscv_17,PatchTST+XGB,PatchTST,XGB,2025-02-03,71.66098333333333,72.99238586425781
WTI Oil,tscv_17,PatchTST+XGB,PatchTST,XGB,2025-02-10,71.62548333333334,72.55945587158203
WTI Oil,tscv_17,PatchTST+XGB,PatchTST,XGB,2025-02-17,71.43208333333332,73.80701446533203
WTI Oil,tscv_17,PatchTST+XGB,PatchTST,XGB,2025-02-24,69.672,74.59811401367188
WTI Oil,tscv_17,PatchTST+XGB,PatchTST,XGB,2025-03-03,67.268,75.2928237915039
WTI Oil,tscv_17,PatchTST+XGB,PatchTST,XGB,2025-03-10,66.92067142857142,77.07672119140625
WTI Oil,tscv_17,PatchTST+XGB,PatchTST,XGB,2025-03-17,67.67898571428572,77.4569091796875
WTI Oil,tscv_17,PatchTST+XGB,PatchTST,XGB,2025-03-24,69.34062857142858,78.31438446044922
WTI Oil,tscv_17,PatchTST+XGB,PatchTST,XGB,2025-03-31,66.51854285714286,79.16364288330078
WTI Oil,tscv_17,PatchTST+XGB,PatchTST,XGB,2025-04-07,60.99218571428571,80.5506591796875
WTI Oil,tscv_17,PatchTST+LGBM,PatchTST,LGBM,2025-01-20,75.17753333333333,72.26113472910109
WTI Oil,tscv_17,PatchTST+LGBM,PatchTST,LGBM,2025-01-27,73.039,73.38213167387433
WTI Oil,tscv_17,PatchTST+LGBM,PatchTST,LGBM,2025-02-03,71.66098333333333,70.99348812505414
WTI Oil,tscv_17,PatchTST+LGBM,PatchTST,LGBM,2025-02-10,71.62548333333334,69.79394763522264
WTI Oil,tscv_17,PatchTST+LGBM,PatchTST,LGBM,2025-02-17,71.43208333333332,70.66615756471894
WTI Oil,tscv_17,PatchTST+LGBM,PatchTST,LGBM,2025-02-24,69.672,68.87480334086767
WTI Oil,tscv_17,PatchTST+LGBM,PatchTST,LGBM,2025-03-03,67.268,69.89565600348705
WTI Oil,tscv_17,PatchTST+LGBM,PatchTST,LGBM,2025-03-10,66.92067142857142,71.97407302625413
WTI Oil,tscv_17,PatchTST+LGBM,PatchTST,LGBM,2025-03-17,67.67898571428572,72.95259328529866
WTI Oil,tscv_17,PatchTST+LGBM,PatchTST,LGBM,2025-03-24,69.34062857142858,74.31637790195998
WTI Oil,tscv_17,PatchTST+LGBM,PatchTST,LGBM,2025-03-31,66.51854285714286,75.44649487829349
WTI Oil,tscv_17,PatchTST+LGBM,PatchTST,LGBM,2025-04-07,60.99218571428571,75.77023152458271
WTI Oil,tscv_18,PatchTST,PatchTST,-,2025-02-17,71.43208333333332,70.88914489746094
WTI Oil,tscv_18,PatchTST,PatchTST,-,2025-02-24,69.672,71.3478012084961
WTI Oil,tscv_18,PatchTST,PatchTST,-,2025-03-03,67.268,72.16985321044922
WTI Oil,tscv_18,PatchTST,PatchTST,-,2025-03-10,66.92067142857142,72.41777038574219
WTI Oil,tscv_18,PatchTST,PatchTST,-,2025-03-17,67.67898571428572,72.9988784790039
WTI Oil,tscv_18,PatchTST,PatchTST,-,2025-03-24,69.34062857142858,72.79120635986328
WTI Oil,tscv_18,PatchTST,PatchTST,-,2025-03-31,66.51854285714286,73.54154968261719
WTI Oil,tscv_18,PatchTST,PatchTST,-,2025-04-07,60.99218571428571,73.26799774169922
WTI Oil,tscv_18,PatchTST,PatchTST,-,2025-04-14,63.110200000000006,73.75212097167969
WTI Oil,tscv_18,PatchTST,PatchTST,-,2025-04-21,62.90477142857143,72.87804412841797
WTI Oil,tscv_18,PatchTST,PatchTST,-,2025-04-28,58.91098571428571,73.1883544921875
WTI Oil,tscv_18,PatchTST,PatchTST,-,2025-05-05,59.65278571428571,72.46522521972656
WTI Oil,tscv_18,PatchTST+NLinear,PatchTST,NLinear,2025-02-17,71.43208333333332,71.75350952148438
WTI Oil,tscv_18,PatchTST+NLinear,PatchTST,NLinear,2025-02-24,69.672,72.43846893310547
WTI Oil,tscv_18,PatchTST+NLinear,PatchTST,NLinear,2025-03-03,67.268,72.96913146972656
WTI Oil,tscv_18,PatchTST+NLinear,PatchTST,NLinear,2025-03-10,66.92067142857142,70.92279052734375
WTI Oil,tscv_18,PatchTST+NLinear,PatchTST,NLinear,2025-03-17,67.67898571428572,69.39457702636719
WTI Oil,tscv_18,PatchTST+NLinear,PatchTST,NLinear,2025-03-24,69.34062857142858,69.0029525756836
WTI Oil,tscv_18,PatchTST+NLinear,PatchTST,NLinear,2025-03-31,66.51854285714286,72.28233337402344
WTI Oil,tscv_18,PatchTST+NLinear,PatchTST,NLinear,2025-04-07,60.99218571428571,73.02606964111328
WTI Oil,tscv_18,PatchTST+NLinear,PatchTST,NLinear,2025-04-14,63.110200000000006,68.52965545654297
WTI Oil,tscv_18,PatchTST+NLinear,PatchTST,NLinear,2025-04-21,62.90477142857143,64.63934326171875
WTI Oil,tscv_18,PatchTST+NLinear,PatchTST,NLinear,2025-04-28,58.91098571428571,67.47439575195312
WTI Oil,tscv_18,PatchTST+NLinear,PatchTST,NLinear,2025-05-05,59.65278571428571,67.82324981689453
WTI Oil,tscv_18,PatchTST+XGB,PatchTST,XGB,2025-02-17,71.43208333333332,73.7978515625
WTI Oil,tscv_18,PatchTST+XGB,PatchTST,XGB,2025-02-24,69.672,74.85369873046875
WTI Oil,tscv_18,PatchTST+XGB,PatchTST,XGB,2025-03-03,67.268,75.10081481933594
WTI Oil,tscv_18,PatchTST+XGB,PatchTST,XGB,2025-03-10,66.92067142857142,76.15901947021484
WTI Oil,tscv_18,PatchTST+XGB,PatchTST,XGB,2025-03-17,67.67898571428572,75.68170928955078
WTI Oil,tscv_18,PatchTST+XGB,PatchTST,XGB,2025-03-24,69.34062857142858,75.13606262207031
WTI Oil,tscv_18,PatchTST+XGB,PatchTST,XGB,2025-03-31,66.51854285714286,76.00407409667969
WTI Oil,tscv_18,PatchTST+XGB,PatchTST,XGB,2025-04-07,60.99218571428571,75.52906799316406
WTI Oil,tscv_18,PatchTST+XGB,PatchTST,XGB,2025-04-14,63.110200000000006,75.87371063232422
WTI Oil,tscv_18,PatchTST+XGB,PatchTST,XGB,2025-04-21,62.90477142857143,68.3910140991211
WTI Oil,tscv_18,PatchTST+XGB,PatchTST,XGB,2025-04-28,58.91098571428571,72.33757019042969
WTI Oil,tscv_18,PatchTST+XGB,PatchTST,XGB,2025-05-05,59.65278571428571,72.56497955322266
WTI Oil,tscv_18,PatchTST+LGBM,PatchTST,LGBM,2025-02-17,71.43208333333332,73.53127244579282
WTI Oil,tscv_18,PatchTST+LGBM,PatchTST,LGBM,2025-02-24,69.672,74.69146304407286
WTI Oil,tscv_18,PatchTST+LGBM,PatchTST,LGBM,2025-03-03,67.268,74.93531546103199
WTI Oil,tscv_18,PatchTST+LGBM,PatchTST,LGBM,2025-03-10,66.92067142857142,75.4215319528171
WTI Oil,tscv_18,PatchTST+LGBM,PatchTST,LGBM,2025-03-17,67.67898571428572,75.92021222872211
WTI Oil,tscv_18,PatchTST+LGBM,PatchTST,LGBM,2025-03-24,69.34062857142858,76.60703949529636
WTI Oil,tscv_18,PatchTST+LGBM,PatchTST,LGBM,2025-03-31,66.51854285714286,76.57250696716606
WTI Oil,tscv_18,PatchTST+LGBM,PatchTST,LGBM,2025-04-07,60.99218571428571,74.68324955946883
WTI Oil,tscv_18,PatchTST+LGBM,PatchTST,LGBM,2025-04-14,63.110200000000006,76.00645965524167
WTI Oil,tscv_18,PatchTST+LGBM,PatchTST,LGBM,2025-04-21,62.90477142857143,71.38217696859412
WTI Oil,tscv_18,PatchTST+LGBM,PatchTST,LGBM,2025-04-28,58.91098571428571,73.6481889108372
WTI Oil,tscv_18,PatchTST+LGBM,PatchTST,LGBM,2025-05-05,59.65278571428571,74.64434182267895
WTI Oil,tscv_19,PatchTST,PatchTST,-,2025-03-17,67.67898571428572,74.51123809814453
WTI Oil,tscv_19,PatchTST,PatchTST,-,2025-03-24,69.34062857142858,75.303955078125
WTI Oil,tscv_19,PatchTST,PatchTST,-,2025-03-31,66.51854285714286,74.95799255371094
WTI Oil,tscv_19,PatchTST,PatchTST,-,2025-04-07,60.99218571428571,75.85321044921875
WTI Oil,tscv_19,PatchTST,PatchTST,-,2025-04-14,63.110200000000006,75.07343292236328
WTI Oil,tscv_19,PatchTST,PatchTST,-,2025-04-21,62.90477142857143,74.8287582397461
WTI Oil,tscv_19,PatchTST,PatchTST,-,2025-04-28,58.91098571428571,71.65459442138672
WTI Oil,tscv_19,PatchTST,PatchTST,-,2025-05-05,59.65278571428571,70.15386199951172
WTI Oil,tscv_19,PatchTST,PatchTST,-,2025-05-12,62.43055714285714,69.93546295166016
WTI Oil,tscv_19,PatchTST,PatchTST,-,2025-05-19,61.70574285714286,68.61683654785156
WTI Oil,tscv_19,PatchTST,PatchTST,-,2025-05-26,61.30504285714286,70.68992614746094
WTI Oil,tscv_19,PatchTST,PatchTST,-,2025-06-02,63.695057142857145,69.38029479980469
WTI Oil,tscv_19,PatchTST+NLinear,PatchTST,NLinear,2025-03-17,67.67898571428572,73.65634155273438
WTI Oil,tscv_19,PatchTST+NLinear,PatchTST,NLinear,2025-03-24,69.34062857142858,74.45092010498047
WTI Oil,tscv_19,PatchTST+NLinear,PatchTST,NLinear,2025-03-31,66.51854285714286,73.61775970458984
WTI Oil,tscv_19,PatchTST+NLinear,PatchTST,NLinear,2025-04-07,60.99218571428571,75.11112976074219
WTI Oil,tscv_19,PatchTST+NLinear,PatchTST,NLinear,2025-04-14,63.110200000000006,74.95396423339844
WTI Oil,tscv_19,PatchTST+NLinear,PatchTST,NLinear,2025-04-21,62.90477142857143,73.71772766113281
WTI Oil,tscv_19,PatchTST+NLinear,PatchTST,NLinear,2025-04-28,58.91098571428571,69.59480285644531
WTI Oil,tscv_19,PatchTST+NLinear,PatchTST,NLinear,2025-05-05,59.65278571428571,67.66365051269531
WTI Oil,tscv_19,PatchTST+NLinear,PatchTST,NLinear,2025-05-12,62.43055714285714,67.7056884765625
WTI Oil,tscv_19,PatchTST+NLinear,PatchTST,NLinear,2025-05-19,61.70574285714286,66.4393310546875
WTI Oil,tscv_19,PatchTST+NLinear,PatchTST,NLinear,2025-05-26,61.30504285714286,68.90046691894531
WTI Oil,tscv_19,PatchTST+NLinear,PatchTST,NLinear,2025-06-02,63.695057142857145,67.685546875
WTI Oil,tscv_19,PatchTST+XGB,PatchTST,XGB,2025-03-17,67.67898571428572,70.53734588623047
WTI Oil,tscv_19,PatchTST+XGB,PatchTST,XGB,2025-03-24,69.34062857142858,70.5749740600586
WTI Oil,tscv_19,PatchTST+XGB,PatchTST,XGB,2025-03-31,66.51854285714286,70.99626922607422
WTI Oil,tscv_19,PatchTST+XGB,PatchTST,XGB,2025-04-07,60.99218571428571,71.64747619628906
WTI Oil,tscv_19,PatchTST+XGB,PatchTST,XGB,2025-04-14,63.110200000000006,72.31609344482422
WTI Oil,tscv_19,PatchTST+XGB,PatchTST,XGB,2025-04-21,62.90477142857143,72.67569732666016
WTI Oil,tscv_19,PatchTST+XGB,PatchTST,XGB,2025-04-28,58.91098571428571,69.5328598022461
WTI Oil,tscv_19,PatchTST+XGB,PatchTST,XGB,2025-05-05,59.65278571428571,67.86238861083984
WTI Oil,tscv_19,PatchTST+XGB,PatchTST,XGB,2025-05-12,62.43055714285714,67.79913330078125
WTI Oil,tscv_19,PatchTST+XGB,PatchTST,XGB,2025-05-19,61.70574285714286,65.69792175292969
WTI Oil,tscv_19,PatchTST+XGB,PatchTST,XGB,2025-05-26,61.30504285714286,67.44202423095703
WTI Oil,tscv_19,PatchTST+XGB,PatchTST,XGB,2025-06-02,63.695057142857145,66.09514617919922
WTI Oil,tscv_19,PatchTST+LGBM,PatchTST,LGBM,2025-03-17,67.67898571428572,69.67260926295766
WTI Oil,tscv_19,PatchTST+LGBM,PatchTST,LGBM,2025-03-24,69.34062857142858,70.93297663197706
WTI Oil,tscv_19,PatchTST+LGBM,PatchTST,LGBM,2025-03-31,66.51854285714286,71.0674403555798
WTI Oil,tscv_19,PatchTST+LGBM,PatchTST,LGBM,2025-04-07,60.99218571428571,72.21287606052071
WTI Oil,tscv_19,PatchTST+LGBM,PatchTST,LGBM,2025-04-14,63.110200000000006,72.61730625653131
WTI Oil,tscv_19,PatchTST+LGBM,PatchTST,LGBM,2025-04-21,62.90477142857143,72.929045179524
WTI Oil,tscv_19,PatchTST+LGBM,PatchTST,LGBM,2025-04-28,58.91098571428571,69.59856574995075
WTI Oil,tscv_19,PatchTST+LGBM,PatchTST,LGBM,2025-05-05,59.65278571428571,67.87519153102326
WTI Oil,tscv_19,PatchTST+LGBM,PatchTST,LGBM,2025-05-12,62.43055714285714,68.99886321840349
WTI Oil,tscv_19,PatchTST+LGBM,PatchTST,LGBM,2025-05-19,61.70574285714286,66.60574384723176
WTI Oil,tscv_19,PatchTST+LGBM,PatchTST,LGBM,2025-05-26,61.30504285714286,68.35334095416795
WTI Oil,tscv_19,PatchTST+LGBM,PatchTST,LGBM,2025-06-02,63.695057142857145,66.9820313948625
WTI Oil,tscv_20,PatchTST,PatchTST,-,2025-04-14,63.110200000000006,73.11385345458984
WTI Oil,tscv_20,PatchTST,PatchTST,-,2025-04-21,62.90477142857143,72.54505920410156
WTI Oil,tscv_20,PatchTST,PatchTST,-,2025-04-28,58.91098571428571,71.4735107421875
WTI Oil,tscv_20,PatchTST,PatchTST,-,2025-05-05,59.65278571428571,70.80194091796875
WTI Oil,tscv_20,PatchTST,PatchTST,-,2025-05-12,62.43055714285714,69.74758911132812
WTI Oil,tscv_20,PatchTST,PatchTST,-,2025-05-19,61.70574285714286,69.70240783691406
WTI Oil,tscv_20,PatchTST,PatchTST,-,2025-05-26,61.30504285714286,68.60548400878906
WTI Oil,tscv_20,PatchTST,PatchTST,-,2025-06-02,63.695057142857145,68.64331817626953
WTI Oil,tscv_20,PatchTST,PatchTST,-,2025-06-09,69.44467142857143,66.76139831542969
WTI Oil,tscv_20,PatchTST,PatchTST,-,2025-06-16,73.40957142857143,66.14979553222656
WTI Oil,tscv_20,PatchTST,PatchTST,-,2025-06-23,65.62223333333334,64.91494750976562
WTI Oil,tscv_20,PatchTST,PatchTST,-,2025-06-30,66.21095000000001,65.00475311279297
WTI Oil,tscv_20,PatchTST+NLinear,PatchTST,NLinear,2025-04-14,63.110200000000006,70.57928466796875
WTI Oil,tscv_20,PatchTST+NLinear,PatchTST,NLinear,2025-04-21,62.90477142857143,67.80235290527344
WTI Oil,tscv_20,PatchTST+NLinear,PatchTST,NLinear,2025-04-28,58.91098571428571,68.55604553222656
WTI Oil,tscv_20,PatchTST+NLinear,PatchTST,NLinear,2025-05-05,59.65278571428571,68.0914077758789
WTI Oil,tscv_20,PatchTST+NLinear,PatchTST,NLinear,2025-05-12,62.43055714285714,65.48796081542969
WTI Oil,tscv_20,PatchTST+NLinear,PatchTST,NLinear,2025-05-19,61.70574285714286,66.10111999511719
WTI Oil,tscv_20,PatchTST+NLinear,PatchTST,NLinear,2025-05-26,61.30504285714286,66.83052062988281
WTI Oil,tscv_20,PatchTST+NLinear,PatchTST,NLinear,2025-06-02,63.695057142857145,67.17178344726562
WTI Oil,tscv_20,PatchTST+NLinear,PatchTST,NLinear,2025-06-09,69.44467142857143,65.78739166259766
WTI Oil,tscv_20,PatchTST+NLinear,PatchTST,NLinear,2025-06-16,73.40957142857143,66.80786895751953
WTI Oil,tscv_20,PatchTST+NLinear,PatchTST,NLinear,2025-06-23,65.62223333333334,68.12498474121094
WTI Oil,tscv_20,PatchTST+NLinear,PatchTST,NLinear,2025-06-30,66.21095000000001,69.45259857177734
WTI Oil,tscv_20,PatchTST+XGB,PatchTST,XGB,2025-04-14,63.110200000000006,70.56968688964844
WTI Oil,tscv_20,PatchTST+XGB,PatchTST,XGB,2025-04-21,62.90477142857143,70.76448822021484
WTI Oil,tscv_20,PatchTST+XGB,PatchTST,XGB,2025-04-28,58.91098571428571,71.99322509765625
WTI Oil,tscv_20,PatchTST+XGB,PatchTST,XGB,2025-05-05,59.65278571428571,71.18755340576172
WTI Oil,tscv_20,PatchTST+XGB,PatchTST,XGB,2025-05-12,62.43055714285714,70.73430633544922
WTI Oil,tscv_20,PatchTST+XGB,PatchTST,XGB,2025-05-19,61.70574285714286,69.89515686035156
WTI Oil,tscv_20,PatchTST+XGB,PatchTST,XGB,2025-05-26,61.30504285714286,68.78661346435547
WTI Oil,tscv_20,PatchTST+XGB,PatchTST,XGB,2025-06-02,63.695057142857145,68.97041320800781
WTI Oil,tscv_20,PatchTST+XGB,PatchTST,XGB,2025-06-09,69.44467142857143,67.104248046875
WTI Oil,tscv_20,PatchTST+XGB,PatchTST,XGB,2025-06-16,73.40957142857143,65.9050064086914
WTI Oil,tscv_20,PatchTST+XGB,PatchTST,XGB,2025-06-23,65.62223333333334,64.7122573852539
WTI Oil,tscv_20,PatchTST+XGB,PatchTST,XGB,2025-06-30,66.21095000000001,65.48164367675781
WTI Oil,tscv_20,PatchTST+LGBM,PatchTST,LGBM,2025-04-14,63.110200000000006,71.74893953351275
WTI Oil,tscv_20,PatchTST+LGBM,PatchTST,LGBM,2025-04-21,62.90477142857143,73.33349607138695
WTI Oil,tscv_20,PatchTST+LGBM,PatchTST,LGBM,2025-04-28,58.91098571428571,73.23388854634524
WTI Oil,tscv_20,PatchTST+LGBM,PatchTST,LGBM,2025-05-05,59.65278571428571,72.33262915790462
WTI Oil,tscv_20,PatchTST+LGBM,PatchTST,LGBM,2025-05-12,62.43055714285714,71.23920236215879
WTI Oil,tscv_20,PatchTST+LGBM,PatchTST,LGBM,2025-05-19,61.70574285714286,71.00262298742503
WTI Oil,tscv_20,PatchTST+LGBM,PatchTST,LGBM,2025-05-26,61.30504285714286,69.25799791657279
WTI Oil,tscv_20,PatchTST+LGBM,PatchTST,LGBM,2025-06-02,63.695057142857145,68.6436022946369
WTI Oil,tscv_20,PatchTST+LGBM,PatchTST,LGBM,2025-06-09,69.44467142857143,67.45292975630129
WTI Oil,tscv_20,PatchTST+LGBM,PatchTST,LGBM,2025-06-16,73.40957142857143,66.81419861429882
WTI Oil,tscv_20,PatchTST+LGBM,PatchTST,LGBM,2025-06-23,65.62223333333334,65.43391974408397
WTI Oil,tscv_20,PatchTST+LGBM,PatchTST,LGBM,2025-06-30,66.21095000000001,65.86579098926308
WTI Oil,tscv_21,PatchTST,PatchTST,-,2025-05-12,62.43055714285714,55.23350143432617
WTI Oil,tscv_21,PatchTST,PatchTST,-,2025-05-19,61.70574285714286,55.156158447265625
WTI Oil,tscv_21,PatchTST,PatchTST,-,2025-05-26,61.30504285714286,54.42802810668945
WTI Oil,tscv_21,PatchTST,PatchTST,-,2025-06-02,63.695057142857145,54.77748107910156
WTI Oil,tscv_21,PatchTST,PatchTST,-,2025-06-09,69.44467142857143,53.52745819091797
WTI Oil,tscv_21,PatchTST,PatchTST,-,2025-06-16,73.40957142857143,53.96028137207031
WTI Oil,tscv_21,PatchTST,PatchTST,-,2025-06-23,65.62223333333334,53.487525939941406
WTI Oil,tscv_21,PatchTST,PatchTST,-,2025-06-30,66.21095000000001,54.46555709838867
WTI Oil,tscv_21,PatchTST,PatchTST,-,2025-07-07,68.04521666666666,54.00324249267578
WTI Oil,tscv_21,PatchTST,PatchTST,-,2025-07-14,66.42243333333333,54.8914909362793
WTI Oil,tscv_21,PatchTST,PatchTST,-,2025-07-21,65.51323333333333,54.74934005737305
WTI Oil,tscv_21,PatchTST,PatchTST,-,2025-07-28,68.28096666666666,55.558467864990234
WTI Oil,tscv_21,PatchTST+NLinear,PatchTST,NLinear,2025-05-12,62.43055714285714,52.87274169921875
WTI Oil,tscv_21,PatchTST+NLinear,PatchTST,NLinear,2025-05-19,61.70574285714286,53.18424606323242
WTI Oil,tscv_21,PatchTST+NLinear,PatchTST,NLinear,2025-05-26,61.30504285714286,54.35578155517578
WTI Oil,tscv_21,PatchTST+NLinear,PatchTST,NLinear,2025-06-02,63.695057142857145,54.09986114501953
WTI Oil,tscv_21,PatchTST+NLinear,PatchTST,NLinear,2025-06-09,69.44467142857143,53.32145690917969
WTI Oil,tscv_21,PatchTST+NLinear,PatchTST,NLinear,2025-06-16,73.40957142857143,54.24869155883789
WTI Oil,tscv_21,PatchTST+NLinear,PatchTST,NLinear,2025-06-23,65.62223333333334,54.453250885009766
WTI Oil,tscv_21,PatchTST+NLinear,PatchTST,NLinear,2025-06-30,66.21095000000001,56.01090621948242
WTI Oil,tscv_21,PatchTST+NLinear,PatchTST,NLinear,2025-07-07,68.04521666666666,54.62364196777344
WTI Oil,tscv_21,PatchTST+NLinear,PatchTST,NLinear,2025-07-14,66.42243333333333,55.39921188354492
WTI Oil,tscv_21,PatchTST+NLinear,PatchTST,NLinear,2025-07-21,65.51323333333333,55.357608795166016
WTI Oil,tscv_21,PatchTST+NLinear,PatchTST,NLinear,2025-07-28,68.28096666666666,56.10303497314453
WTI Oil,tscv_21,PatchTST+XGB,PatchTST,XGB,2025-05-12,62.43055714285714,56.48713302612305
WTI Oil,tscv_21,PatchTST+XGB,PatchTST,XGB,2025-05-19,61.70574285714286,56.06346130371094
WTI Oil,tscv_21,PatchTST+XGB,PatchTST,XGB,2025-05-26,61.30504285714286,54.997467041015625
WTI Oil,tscv_21,PatchTST+XGB,PatchTST,XGB,2025-06-02,63.695057142857145,55.65093231201172
WTI Oil,tscv_21,PatchTST+XGB,PatchTST,XGB,2025-06-09,69.44467142857143,53.88127899169922
WTI Oil,tscv_21,PatchTST+XGB,PatchTST,XGB,2025-06-16,73.40957142857143,54.89158630371094
WTI Oil,tscv_21,PatchTST+XGB,PatchTST,XGB,2025-06-23,65.62223333333334,54.05747985839844
WTI Oil,tscv_21,PatchTST+XGB,PatchTST,XGB,2025-06-30,66.21095000000001,55.80350112915039
WTI Oil,tscv_21,PatchTST+XGB,PatchTST,XGB,2025-07-07,68.04521666666666,54.81918716430664
WTI Oil,tscv_21,PatchTST+XGB,PatchTST,XGB,2025-07-14,66.42243333333333,55.91233444213867
WTI Oil,tscv_21,PatchTST+XGB,PatchTST,XGB,2025-07-21,65.51323333333333,56.017242431640625
WTI Oil,tscv_21,PatchTST+XGB,PatchTST,XGB,2025-07-28,68.28096666666666,56.7431640625
WTI Oil,tscv_21,PatchTST+LGBM,PatchTST,LGBM,2025-05-12,62.43055714285714,56.08920636433881
WTI Oil,tscv_21,PatchTST+LGBM,PatchTST,LGBM,2025-05-19,61.70574285714286,55.19274215785342
WTI Oil,tscv_21,PatchTST+LGBM,PatchTST,LGBM,2025-05-26,61.30504285714286,54.3137508839397
WTI Oil,tscv_21,PatchTST+LGBM,PatchTST,LGBM,2025-06-02,63.695057142857145,54.77010021043059
WTI Oil,tscv_21,PatchTST+LGBM,PatchTST,LGBM,2025-06-09,69.44467142857143,52.71977145879225
WTI Oil,tscv_21,PatchTST+LGBM,PatchTST,LGBM,2025-06-16,73.40957142857143,53.69858659980406
WTI Oil,tscv_21,PatchTST+LGBM,PatchTST,LGBM,2025-06-23,65.62223333333334,53.75385450180073
WTI Oil,tscv_21,PatchTST+LGBM,PatchTST,LGBM,2025-06-30,66.21095000000001,54.79708040482254
WTI Oil,tscv_21,PatchTST+LGBM,PatchTST,LGBM,2025-07-07,68.04521666666666,54.24312035930238
WTI Oil,tscv_21,PatchTST+LGBM,PatchTST,LGBM,2025-07-14,66.42243333333333,55.572967193190586
WTI Oil,tscv_21,PatchTST+LGBM,PatchTST,LGBM,2025-07-21,65.51323333333333,55.23753127828837
WTI Oil,tscv_21,PatchTST+LGBM,PatchTST,LGBM,2025-07-28,68.28096666666666,55.85003444354262
WTI Oil,tscv_22,PatchTST,PatchTST,-,2025-06-09,69.44467142857143,61.84770584106445
WTI Oil,tscv_22,PatchTST,PatchTST,-,2025-06-16,73.40957142857143,62.00700378417969
WTI Oil,tscv_22,PatchTST,PatchTST,-,2025-06-23,65.62223333333334,61.47379684448242
WTI Oil,tscv_22,PatchTST,PatchTST,-,2025-06-30,66.21095000000001,61.736812591552734
WTI Oil,tscv_22,PatchTST,PatchTST,-,2025-07-07,68.04521666666666,61.32781219482422
WTI Oil,tscv_22,PatchTST,PatchTST,-,2025-07-14,66.42243333333333,61.5695686340332
WTI Oil,tscv_22,PatchTST,PatchTST,-,2025-07-21,65.51323333333333,61.14898681640625
WTI Oil,tscv_22,PatchTST,PatchTST,-,2025-07-28,68.28096666666666,61.45777893066406
WTI Oil,tscv_22,PatchTST,PatchTST,-,2025-08-04,64.51431666666666,61.06336212158203
WTI Oil,tscv_22,PatchTST,PatchTST,-,2025-08-11,63.105133333333335,61.213050842285156
WTI Oil,tscv_22,PatchTST,PatchTST,-,2025-08-18,63.0272,60.80705642700195
WTI Oil,tscv_22,PatchTST,PatchTST,-,2025-08-25,64.09881666666666,60.847923278808594
WTI Oil,tscv_22,PatchTST+NLinear,PatchTST,NLinear,2025-06-09,69.44467142857143,59.5199089050293
WTI Oil,tscv_22,PatchTST+NLinear,PatchTST,NLinear,2025-06-16,73.40957142857143,61.74290466308594
WTI Oil,tscv_22,PatchTST+NLinear,PatchTST,NLinear,2025-06-23,65.62223333333334,64.90719604492188
WTI Oil,tscv_22,PatchTST+NLinear,PatchTST,NLinear,2025-06-30,66.21095000000001,67.61811828613281
WTI Oil,tscv_22,PatchTST+NLinear,PatchTST,NLinear,2025-07-07,68.04521666666666,61.28589630126953
WTI Oil,tscv_22,PatchTST+NLinear,PatchTST,NLinear,2025-07-14,66.42243333333333,61.294334411621094
WTI Oil,tscv_22,PatchTST+NLinear,PatchTST,NLinear,2025-07-21,65.51323333333333,62.71208572387695
WTI Oil,tscv_22,PatchTST+NLinear,PatchTST,NLinear,2025-07-28,68.28096666666666,62.5974235534668
WTI Oil,tscv_22,PatchTST+NLinear,PatchTST,NLinear,2025-08-04,64.51431666666666,60.432987213134766
WTI Oil,tscv_22,PatchTST+NLinear,PatchTST,NLinear,2025-08-11,63.105133333333335,62.64706802368164
WTI Oil,tscv_22,PatchTST+NLinear,PatchTST,NLinear,2025-08-18,63.0272,58.962318420410156
WTI Oil,tscv_22,PatchTST+NLinear,PatchTST,NLinear,2025-08-25,64.09881666666666,58.18410873413086
WTI Oil,tscv_22,PatchTST+XGB,PatchTST,XGB,2025-06-09,69.44467142857143,60.77157211303711
WTI Oil,tscv_22,PatchTST+XGB,PatchTST,XGB,2025-06-16,73.40957142857143,60.71031188964844
WTI Oil,tscv_22,PatchTST+XGB,PatchTST,XGB,2025-06-23,65.62223333333334,60.451778411865234
WTI Oil,tscv_22,PatchTST+XGB,PatchTST,XGB,2025-06-30,66.21095000000001,60.622440338134766
WTI Oil,tscv_22,PatchTST+XGB,PatchTST,XGB,2025-07-07,68.04521666666666,59.63466262817383
WTI Oil,tscv_22,PatchTST+XGB,PatchTST,XGB,2025-07-14,66.42243333333333,60.18381118774414
WTI Oil,tscv_22,PatchTST+XGB,PatchTST,XGB,2025-07-21,65.51323333333333,60.74557876586914
WTI Oil,tscv_22,PatchTST+XGB,PatchTST,XGB,2025-07-28,68.28096666666666,60.74285125732422
WTI Oil,tscv_22,PatchTST+XGB,PatchTST,XGB,2025-08-04,64.51431666666666,60.800926208496094
WTI Oil,tscv_22,PatchTST+XGB,PatchTST,XGB,2025-08-11,63.105133333333335,60.73918914794922
WTI Oil,tscv_22,PatchTST+XGB,PatchTST,XGB,2025-08-18,63.0272,60.52373504638672
WTI Oil,tscv_22,PatchTST+XGB,PatchTST,XGB,2025-08-25,64.09881666666666,61.74689865112305
WTI Oil,tscv_22,PatchTST+LGBM,PatchTST,LGBM,2025-06-09,69.44467142857143,60.310762870346785
WTI Oil,tscv_22,PatchTST+LGBM,PatchTST,LGBM,2025-06-16,73.40957142857143,59.846423530268524
WTI Oil,tscv_22,PatchTST+LGBM,PatchTST,LGBM,2025-06-23,65.62223333333334,59.384000722406306
WTI Oil,tscv_22,PatchTST+LGBM,PatchTST,LGBM,2025-06-30,66.21095000000001,60.186423830947554
WTI Oil,tscv_22,PatchTST+LGBM,PatchTST,LGBM,2025-07-07,68.04521666666666,60.23542834908821
WTI Oil,tscv_22,PatchTST+LGBM,PatchTST,LGBM,2025-07-14,66.42243333333333,60.20610528331731
WTI Oil,tscv_22,PatchTST+LGBM,PatchTST,LGBM,2025-07-21,65.51323333333333,62.18973457332515
WTI Oil,tscv_22,PatchTST+LGBM,PatchTST,LGBM,2025-07-28,68.28096666666666,63.019052609587
WTI Oil,tscv_22,PatchTST+LGBM,PatchTST,LGBM,2025-08-04,64.51431666666666,61.71526465439478
WTI Oil,tscv_22,PatchTST+LGBM,PatchTST,LGBM,2025-08-11,63.105133333333335,61.82745713079328
WTI Oil,tscv_22,PatchTST+LGBM,PatchTST,LGBM,2025-08-18,63.0272,62.29848681181194
WTI Oil,tscv_22,PatchTST+LGBM,PatchTST,LGBM,2025-08-25,64.09881666666666,62.94928433471977
WTI Oil,tscv_23,PatchTST,PatchTST,-,2025-07-07,68.04521666666666,57.976314544677734
WTI Oil,tscv_23,PatchTST,PatchTST,-,2025-07-14,66.42243333333333,57.28330993652344
WTI Oil,tscv_23,PatchTST,PatchTST,-,2025-07-21,65.51323333333333,56.917049407958984
WTI Oil,tscv_23,PatchTST,PatchTST,-,2025-07-28,68.28096666666666,56.348487854003906
WTI Oil,tscv_23,PatchTST,PatchTST,-,2025-08-04,64.51431666666666,55.91802215576172
WTI Oil,tscv_23,PatchTST,PatchTST,-,2025-08-11,63.105133333333335,55.0429801940918
WTI Oil,tscv_23,PatchTST,PatchTST,-,2025-08-18,63.0272,55.116493225097656
WTI Oil,tscv_23,PatchTST,PatchTST,-,2025-08-25,64.09881666666666,54.4820556640625
WTI Oil,tscv_23,PatchTST,PatchTST,-,2025-09-01,63.69885,55.2542610168457
WTI Oil,tscv_23,PatchTST,PatchTST,-,2025-09-08,62.788466666666665,53.937469482421875
WTI Oil,tscv_23,PatchTST,PatchTST,-,2025-09-15,63.33338333333333,55.82239532470703
WTI Oil,tscv_23,PatchTST,PatchTST,-,2025-09-22,64.44023333333332,56.792259216308594
WTI Oil,tscv_23,PatchTST+NLinear,PatchTST,NLinear,2025-07-07,68.04521666666666,57.690731048583984
WTI Oil,tscv_23,PatchTST+NLinear,PatchTST,NLinear,2025-07-14,66.42243333333333,57.322410583496094
WTI Oil,tscv_23,PatchTST+NLinear,PatchTST,NLinear,2025-07-21,65.51323333333333,57.69552230834961
WTI Oil,tscv_23,PatchTST+NLinear,PatchTST,NLinear,2025-07-28,68.28096666666666,56.76728057861328
WTI Oil,tscv_23,PatchTST+NLinear,PatchTST,NLinear,2025-08-04,64.51431666666666,55.6010627746582
WTI Oil,tscv_23,PatchTST+NLinear,PatchTST,NLinear,2025-08-11,63.105133333333335,55.91739273071289
WTI Oil,tscv_23,PatchTST+NLinear,PatchTST,NLinear,2025-08-18,63.0272,55.04127883911133
WTI Oil,tscv_23,PatchTST+NLinear,PatchTST,NLinear,2025-08-25,64.09881666666666,54.50401306152344
WTI Oil,tscv_23,PatchTST+NLinear,PatchTST,NLinear,2025-09-01,63.69885,55.32044219970703
WTI Oil,tscv_23,PatchTST+NLinear,PatchTST,NLinear,2025-09-08,62.788466666666665,54.405426025390625
WTI Oil,tscv_23,PatchTST+NLinear,PatchTST,NLinear,2025-09-15,63.33338333333333,56.548606872558594
WTI Oil,tscv_23,PatchTST+NLinear,PatchTST,NLinear,2025-09-22,64.44023333333332,57.49272155761719
WTI Oil,tscv_23,PatchTST+XGB,PatchTST,XGB,2025-07-07,68.04521666666666,62.22514343261719
WTI Oil,tscv_23,PatchTST+XGB,PatchTST,XGB,2025-07-14,66.42243333333333,59.768890380859375
WTI Oil,tscv_23,PatchTST+XGB,PatchTST,XGB,2025-07-21,65.51323333333333,59.527923583984375
WTI Oil,tscv_23,PatchTST+XGB,PatchTST,XGB,2025-07-28,68.28096666666666,59.768890380859375
WTI Oil,tscv_23,PatchTST+XGB,PatchTST,XGB,2025-08-04,64.51431666666666,59.4655876159668
WTI Oil,tscv_23,PatchTST+XGB,PatchTST,XGB,2025-08-11,63.105133333333335,57.397705078125
WTI Oil,tscv_23,PatchTST+XGB,PatchTST,XGB,2025-08-18,63.0272,57.75337219238281
WTI Oil,tscv_23,PatchTST+XGB,PatchTST,XGB,2025-08-25,64.09881666666666,58.998538970947266
WTI Oil,tscv_23,PatchTST+XGB,PatchTST,XGB,2025-09-01,63.69885,59.13602066040039
WTI Oil,tscv_23,PatchTST+XGB,PatchTST,XGB,2025-09-08,62.788466666666665,57.63420867919922
WTI Oil,tscv_23,PatchTST+XGB,PatchTST,XGB,2025-09-15,63.33338333333333,59.210533142089844
WTI Oil,tscv_23,PatchTST+XGB,PatchTST,XGB,2025-09-22,64.44023333333332,60.04630661010742
WTI Oil,tscv_23,PatchTST+LGBM,PatchTST,LGBM,2025-07-07,68.04521666666666,59.165718877130004
WTI Oil,tscv_23,PatchTST+LGBM,PatchTST,LGBM,2025-07-14,66.42243333333333,58.01995839288195
WTI Oil,tscv_23,PatchTST+LGBM,PatchTST,LGBM,2025-07-21,65.51323333333333,57.26303574277357
WTI Oil,tscv_23,PatchTST+LGBM,PatchTST,LGBM,2025-07-28,68.28096666666666,56.086433758890315
WTI Oil,tscv_23,PatchTST+LGBM,PatchTST,LGBM,2025-08-04,64.51431666666666,56.37716512284892
WTI Oil,tscv_23,PatchTST+LGBM,PatchTST,LGBM,2025-08-11,63.105133333333335,56.1907950266411
WTI Oil,tscv_23,PatchTST+LGBM,PatchTST,LGBM,2025-08-18,63.0272,57.08544917603557
WTI Oil,tscv_23,PatchTST+LGBM,PatchTST,LGBM,2025-08-25,64.09881666666666,57.63945855819792
WTI Oil,tscv_23,PatchTST+LGBM,PatchTST,LGBM,2025-09-01,63.69885,57.51939190851026
WTI Oil,tscv_23,PatchTST+LGBM,PatchTST,LGBM,2025-09-08,62.788466666666665,56.1523388142469
WTI Oil,tscv_23,PatchTST+LGBM,PatchTST,LGBM,2025-09-15,63.33338333333333,57.88013892285012
WTI Oil,tscv_23,PatchTST+LGBM,PatchTST,LGBM,2025-09-22,64.44023333333332,58.74209451521989
WTI Oil,tscv_24,PatchTST,PatchTST,-,2025-08-04,64.51431666666666,63.0185661315918
WTI Oil,tscv_24,PatchTST,PatchTST,-,2025-08-11,63.105133333333335,63.86327362060547
WTI Oil,tscv_24,PatchTST,PatchTST,-,2025-08-18,63.0272,61.94047927856445
WTI Oil,tscv_24,PatchTST,PatchTST,-,2025-08-25,64.09881666666666,62.8566780090332
WTI Oil,tscv_24,PatchTST,PatchTST,-,2025-09-01,63.69885,60.920108795166016
WTI Oil,tscv_24,PatchTST,PatchTST,-,2025-09-08,62.788466666666665,60.9874267578125
WTI Oil,tscv_24,PatchTST,PatchTST,-,2025-09-15,63.33338333333333,59.958797454833984
WTI Oil,tscv_24,PatchTST,PatchTST,-,2025-09-22,64.44023333333332,61.48329162597656
WTI Oil,tscv_24,PatchTST,PatchTST,-,2025-09-29,61.66062857142857,59.91639709472656
WTI Oil,tscv_24,PatchTST,PatchTST,-,2025-10-06,60.71498571428571,61.31132507324219
WTI Oil,tscv_24,PatchTST,PatchTST,-,2025-10-13,57.92998571428571,59.84621810913086
WTI Oil,tscv_24,PatchTST,PatchTST,-,2025-10-20,59.868585714285715,61.0318603515625
WTI Oil,tscv_24,PatchTST+NLinear,PatchTST,NLinear,2025-08-04,64.51431666666666,62.6651496887207
WTI Oil,tscv_24,PatchTST+NLinear,PatchTST,NLinear,2025-08-11,63.105133333333335,64.31358337402344
WTI Oil,tscv_24,PatchTST+NLinear,PatchTST,NLinear,2025-08-18,63.0272,61.914794921875
WTI Oil,tscv_24,PatchTST+NLinear,PatchTST,NLinear,2025-08-25,64.09881666666666,62.38405990600586
WTI Oil,tscv_24,PatchTST+NLinear,PatchTST,NLinear,2025-09-01,63.69885,60.68657302856445
WTI Oil,tscv_24,PatchTST+NLinear,PatchTST,NLinear,2025-09-08,62.788466666666665,61.44670486450195
WTI Oil,tscv_24,PatchTST+NLinear,PatchTST,NLinear,2025-09-15,63.33338333333333,59.86211395263672
WTI Oil,tscv_24,PatchTST+NLinear,PatchTST,NLinear,2025-09-22,64.44023333333332,61.75853729248047
WTI Oil,tscv_24,PatchTST+NLinear,PatchTST,NLinear,2025-09-29,61.66062857142857,60.92178726196289
WTI Oil,tscv_24,PatchTST+NLinear,PatchTST,NLinear,2025-10-06,60.71498571428571,62.54570007324219
WTI Oil,tscv_24,PatchTST+NLinear,PatchTST,NLinear,2025-10-13,57.92998571428571,60.10797882080078
WTI Oil,tscv_24,PatchTST+NLinear,PatchTST,NLinear,2025-10-20,59.868585714285715,60.526798248291016
WTI Oil,tscv_24,PatchTST+XGB,PatchTST,XGB,2025-08-04,64.51431666666666,63.83244323730469
WTI Oil,tscv_24,PatchTST+XGB,PatchTST,XGB,2025-08-11,63.105133333333335,64.2923812866211
WTI Oil,tscv_24,PatchTST+XGB,PatchTST,XGB,2025-08-18,63.0272,62.157901763916016
WTI Oil,tscv_24,PatchTST+XGB,PatchTST,XGB,2025-08-25,64.09881666666666,61.38349533081055
WTI Oil,tscv_24,PatchTST+XGB,PatchTST,XGB,2025-09-01,63.69885,58.899505615234375
WTI Oil,tscv_24,PatchTST+XGB,PatchTST,XGB,2025-09-08,62.788466666666665,58.36707305908203
WTI Oil,tscv_24,PatchTST+XGB,PatchTST,XGB,2025-09-15,63.33338333333333,58.31267166137695
WTI Oil,tscv_24,PatchTST+XGB,PatchTST,XGB,2025-09-22,64.44023333333332,59.461612701416016
WTI Oil,tscv_24,PatchTST+XGB,PatchTST,XGB,2025-09-29,61.66062857142857,57.741573333740234
WTI Oil,tscv_24,PatchTST+XGB,PatchTST,XGB,2025-10-06,60.71498571428571,60.83019256591797
WTI Oil,tscv_24,PatchTST+XGB,PatchTST,XGB,2025-10-13,57.92998571428571,60.339759826660156
WTI Oil,tscv_24,PatchTST+XGB,PatchTST,XGB,2025-10-20,59.868585714285715,60.767425537109375
WTI Oil,tscv_24,PatchTST+LGBM,PatchTST,LGBM,2025-08-04,64.51431666666666,65.82063567245727
WTI Oil,tscv_24,PatchTST+LGBM,PatchTST,LGBM,2025-08-11,63.105133333333335,65.40052879644638
WTI Oil,tscv_24,PatchTST+LGBM,PatchTST,LGBM,2025-08-18,63.0272,63.736545138239734
WTI Oil,tscv_24,PatchTST+LGBM,PatchTST,LGBM,2025-08-25,64.09881666666666,61.24248247939491
WTI Oil,tscv_24,PatchTST+LGBM,PatchTST,LGBM,2025-09-01,63.69885,58.007038324726864
WTI Oil,tscv_24,PatchTST+LGBM,PatchTST,LGBM,2025-09-08,62.788466666666665,58.191422427016384
WTI Oil,tscv_24,PatchTST+LGBM,PatchTST,LGBM,2025-09-15,63.33338333333333,57.856605386832584
WTI Oil,tscv_24,PatchTST+LGBM,PatchTST,LGBM,2025-09-22,64.44023333333332,58.984010501677645
WTI Oil,tscv_24,PatchTST+LGBM,PatchTST,LGBM,2025-09-29,61.66062857142857,57.44931098963832
WTI Oil,tscv_24,PatchTST+LGBM,PatchTST,LGBM,2025-10-06,60.71498571428571,60.97211244641701
WTI Oil,tscv_24,PatchTST+LGBM,PatchTST,LGBM,2025-10-13,57.92998571428571,60.4273492383597
WTI Oil,tscv_24,PatchTST+LGBM,PatchTST,LGBM,2025-10-20,59.868585714285715,59.495427472139085
WTI Oil,holdout,PatchTST,PatchTST,-,2025-10-27,60.778571428571425,62.51426696777344
WTI Oil,holdout,PatchTST,PatchTST,-,2025-11-03,60.055071428571424,63.267791748046875
WTI Oil,holdout,PatchTST,PatchTST,-,2025-11-10,59.70945714285715,62.9842414855957
WTI Oil,holdout,PatchTST,PatchTST,-,2025-11-17,58.9935,63.483421325683594
WTI Oil,holdout,PatchTST,PatchTST,-,2025-11-24,58.810028571428575,62.11191177368164
WTI Oil,holdout,PatchTST,PatchTST,-,2025-12-01,59.567257142857144,61.5074577331543
WTI Oil,holdout,PatchTST,PatchTST,-,2025-12-08,57.97571428571428,60.71257019042969
WTI Oil,holdout,PatchTST,PatchTST,-,2025-12-15,56.28154285714286,60.83049011230469
WTI Oil,holdout,PatchTST,PatchTST,-,2025-12-22,57.70862857142857,60.139060974121094
WTI Oil,holdout,PatchTST,PatchTST,-,2025-12-29,57.53675714285714,59.652099609375
WTI Oil,holdout,PatchTST,PatchTST,-,2026-01-05,58.08931428571429,59.30265426635742
WTI Oil,holdout,PatchTST,PatchTST,-,2026-01-12,59.76057142857143,59.566680908203125
WTI Oil,holdout,PatchTST+NLinear,PatchTST,NLinear,2025-10-27,60.778571428571425,61.37735366821289
WTI Oil,holdout,PatchTST+NLinear,PatchTST,NLinear,2025-11-03,60.055071428571424,62.97146224975586
WTI Oil,holdout,PatchTST+NLinear,PatchTST,NLinear,2025-11-10,59.70945714285715,63.03195571899414
WTI Oil,holdout,PatchTST+NLinear,PatchTST,NLinear,2025-11-17,58.9935,63.310516357421875
WTI Oil,holdout,PatchTST+NLinear,PatchTST,NLinear,2025-11-24,58.810028571428575,62.11327362060547
WTI Oil,holdout,PatchTST+NLinear,PatchTST,NLinear,2025-12-01,59.567257142857144,61.6877326965332
WTI Oil,holdout,PatchTST+NLinear,PatchTST,NLinear,2025-12-08,57.97571428571428,60.56104278564453
WTI Oil,holdout,PatchTST+NLinear,PatchTST,NLinear,2025-12-15,56.28154285714286,60.73202896118164
WTI Oil,holdout,PatchTST+NLinear,PatchTST,NLinear,2025-12-22,57.70862857142857,59.96156692504883
WTI Oil,holdout,PatchTST+NLinear,PatchTST,NLinear,2025-12-29,57.53675714285714,59.1234016418457
WTI Oil,holdout,PatchTST+NLinear,PatchTST,NLinear,2026-01-05,58.08931428571429,58.976863861083984
WTI Oil,holdout,PatchTST+NLinear,PatchTST,NLinear,2026-01-12,59.76057142857143,59.596649169921875
WTI Oil,holdout,PatchTST+XGB,PatchTST,XGB,2025-10-27,60.778571428571425,60.94583511352539
WTI Oil,holdout,PatchTST+XGB,PatchTST,XGB,2025-11-03,60.055071428571424,60.925506591796875
WTI Oil,holdout,PatchTST+XGB,PatchTST,XGB,2025-11-10,59.70945714285715,60.616905212402344
WTI Oil,holdout,PatchTST+XGB,PatchTST,XGB,2025-11-17,58.9935,62.165103912353516
WTI Oil,holdout,PatchTST+XGB,PatchTST,XGB,2025-11-24,58.810028571428575,61.86049270629883
WTI Oil,holdout,PatchTST+XGB,PatchTST,XGB,2025-12-01,59.567257142857144,60.39502716064453
WTI Oil,holdout,PatchTST+XGB,PatchTST,XGB,2025-12-08,57.97571428571428,58.93415069580078
WTI Oil,holdout,PatchTST+XGB,PatchTST,XGB,2025-12-15,56.28154285714286,59.22804641723633
WTI Oil,holdout,PatchTST+XGB,PatchTST,XGB,2025-12-22,57.70862857142857,59.01931381225586
WTI Oil,holdout,PatchTST+XGB,PatchTST,XGB,2025-12-29,57.53675714285714,58.800926208496094
WTI Oil,holdout,PatchTST+XGB,PatchTST,XGB,2026-01-05,58.08931428571429,58.02969741821289
WTI Oil,holdout,PatchTST+XGB,PatchTST,XGB,2026-01-12,59.76057142857143,58.25326919555664
WTI Oil,holdout,PatchTST+LGBM,PatchTST,LGBM,2025-10-27,60.778571428571425,61.589068181961984
WTI Oil,holdout,PatchTST+LGBM,PatchTST,LGBM,2025-11-03,60.055071428571424,61.88967273125279
WTI Oil,holdout,PatchTST+LGBM,PatchTST,LGBM,2025-11-10,59.70945714285715,62.86650628784387
WTI Oil,holdout,PatchTST+LGBM,PatchTST,LGBM,2025-11-17,58.9935,63.344855046437615
WTI Oil,holdout,PatchTST+LGBM,PatchTST,LGBM,2025-11-24,58.810028571428575,62.42285383305472
WTI Oil,holdout,PatchTST+LGBM,PatchTST,LGBM,2025-12-01,59.567257142857144,60.50372277408589
WTI Oil,holdout,PatchTST+LGBM,PatchTST,LGBM,2025-12-08,57.97571428571428,58.96972008097049
WTI Oil,holdout,PatchTST+LGBM,PatchTST,LGBM,2025-12-15,56.28154285714286,58.81927885506121
WTI Oil,holdout,PatchTST+LGBM,PatchTST,LGBM,2025-12-22,57.70862857142857,58.03032288218867
WTI Oil,holdout,PatchTST+LGBM,PatchTST,LGBM,2025-12-29,57.53675714285714,58.74614628338066
WTI Oil,holdout,PatchTST+LGBM,PatchTST,LGBM,2026-01-05,58.08931428571429,57.09491150233459
WTI Oil,holdout,PatchTST+LGBM,PatchTST,LGBM,2026-01-12,59.76057142857143,57.54391216347515
Brent Oil,tscv_01,PatchTST,PatchTST,-,2023-10-30,84.954,71.33079528808594
Brent Oil,tscv_01,PatchTST,PatchTST,-,2023-11-06,81.296,70.68353271484375
Brent Oil,tscv_01,PatchTST,PatchTST,-,2023-11-13,80.66,71.10091400146484
Brent Oil,tscv_01,PatchTST,PatchTST,-,2023-11-20,81.518,70.60604858398438
Brent Oil,tscv_01,PatchTST,PatchTST,-,2023-11-27,80.578,71.14600372314453
Brent Oil,tscv_01,PatchTST,PatchTST,-,2023-12-04,75.986,71.0982894897461
Brent Oil,tscv_01,PatchTST,PatchTST,-,2023-12-11,75.578,71.6058120727539
Brent Oil,tscv_01,PatchTST,PatchTST,-,2023-12-18,79.02000000000001,71.20222473144531
Brent Oil,tscv_01,PatchTST,PatchTST,-,2023-12-25,78.64500000000001,71.08831024169922
Brent Oil,tscv_01,PatchTST,PatchTST,-,2024-01-01,77.6225,70.87193298339844
Brent Oil,tscv_01,PatchTST,PatchTST,-,2024-01-08,77.242,70.84500885009766
Brent Oil,tscv_01,PatchTST,PatchTST,-,2024-01-15,78.242,70.39131164550781
Brent Oil,tscv_01,PatchTST+NLinear,PatchTST,NLinear,2023-10-30,84.954,73.14118957519531
Brent Oil,tscv_01,PatchTST+NLinear,PatchTST,NLinear,2023-11-06,81.296,71.23114013671875
Brent Oil,tscv_01,PatchTST+NLinear,PatchTST,NLinear,2023-11-13,80.66,70.17233276367188
Brent Oil,tscv_01,PatchTST+NLinear,PatchTST,NLinear,2023-11-20,81.518,66.3608169555664
Brent Oil,tscv_01,PatchTST+NLinear,PatchTST,NLinear,2023-11-27,80.578,66.89795684814453
Brent Oil,tscv_01,PatchTST+NLinear,PatchTST,NLinear,2023-12-04,75.986,66.93604278564453
Brent Oil,tscv_01,PatchTST+NLinear,PatchTST,NLinear,2023-12-11,75.578,67.06156158447266
Brent Oil,tscv_01,PatchTST+NLinear,PatchTST,NLinear,2023-12-18,79.02000000000001,63.31621551513672
Brent Oil,tscv_01,PatchTST+NLinear,PatchTST,NLinear,2023-12-25,78.64500000000001,63.919097900390625
Brent Oil,tscv_01,PatchTST+NLinear,PatchTST,NLinear,2024-01-01,77.6225,66.82942962646484
Brent Oil,tscv_01,PatchTST+NLinear,PatchTST,NLinear,2024-01-08,77.242,66.55036163330078
Brent Oil,tscv_01,PatchTST+NLinear,PatchTST,NLinear,2024-01-15,78.242,65.32489776611328
Brent Oil,tscv_01,PatchTST+XGB,PatchTST,XGB,2023-10-30,84.954,83.97999572753906
Brent Oil,tscv_01,PatchTST+XGB,PatchTST,XGB,2023-11-06,81.296,79.86235809326172
Brent Oil,tscv_01,PatchTST+XGB,PatchTST,XGB,2023-11-13,80.66,78.63447570800781
Brent Oil,tscv_01,PatchTST+XGB,PatchTST,XGB,2023-11-20,81.518,74.98306274414062
Brent Oil,tscv_01,PatchTST+XGB,PatchTST,XGB,2023-11-27,80.578,74.09693145751953
Brent Oil,tscv_01,PatchTST+XGB,PatchTST,XGB,2023-12-04,75.986,74.33966827392578
Brent Oil,tscv_01,PatchTST+XGB,PatchTST,XGB,2023-12-11,75.578,72.60411834716797
Brent Oil,tscv_01,PatchTST+XGB,PatchTST,XGB,2023-12-18,79.02000000000001,70.89330291748047
Brent Oil,tscv_01,PatchTST+XGB,PatchTST,XGB,2023-12-25,78.64500000000001,70.32343292236328
Brent Oil,tscv_01,PatchTST+XGB,PatchTST,XGB,2024-01-01,77.6225,72.71065521240234
Brent Oil,tscv_01,PatchTST+XGB,PatchTST,XGB,2024-01-08,77.242,69.0062484741211
Brent Oil,tscv_01,PatchTST+XGB,PatchTST,XGB,2024-01-15,78.242,67.57621765136719
Brent Oil,tscv_01,PatchTST+LGBM,PatchTST,LGBM,2023-10-30,84.954,80.82482044434319
Brent Oil,tscv_01,PatchTST+LGBM,PatchTST,LGBM,2023-11-06,81.296,75.7588656451774
Brent Oil,tscv_01,PatchTST+LGBM,PatchTST,LGBM,2023-11-13,80.66,73.35775891878978
Brent Oil,tscv_01,PatchTST+LGBM,PatchTST,LGBM,2023-11-20,81.518,71.8650719658287
Brent Oil,tscv_01,PatchTST+LGBM,PatchTST,LGBM,2023-11-27,80.578,69.88842393975182
Brent Oil,tscv_01,PatchTST+LGBM,PatchTST,LGBM,2023-12-04,75.986,69.50155117758086
Brent Oil,tscv_01,PatchTST+LGBM,PatchTST,LGBM,2023-12-11,75.578,67.98643956849584
Brent Oil,tscv_01,PatchTST+LGBM,PatchTST,LGBM,2023-12-18,79.02000000000001,68.56246059473969
Brent Oil,tscv_01,PatchTST+LGBM,PatchTST,LGBM,2023-12-25,78.64500000000001,70.58533542564399
Brent Oil,tscv_01,PatchTST+LGBM,PatchTST,LGBM,2024-01-01,77.6225,74.46909037206602
Brent Oil,tscv_01,PatchTST+LGBM,PatchTST,LGBM,2024-01-08,77.242,67.013226099032
Brent Oil,tscv_01,PatchTST+LGBM,PatchTST,LGBM,2024-01-15,78.242,66.60768378609926
Brent Oil,tscv_02,PatchTST,PatchTST,-,2023-11-27,80.578,86.2981185913086
Brent Oil,tscv_02,PatchTST,PatchTST,-,2023-12-04,75.986,85.42415618896484
Brent Oil,tscv_02,PatchTST,PatchTST,-,2023-12-11,75.578,87.13319396972656
Brent Oil,tscv_02,PatchTST,PatchTST,-,2023-12-18,79.02000000000001,85.34815979003906
Brent Oil,tscv_02,PatchTST,PatchTST,-,2023-12-25,78.64500000000001,85.35001373291016
Brent Oil,tscv_02,PatchTST,PatchTST,-,2024-01-01,77.6225,83.61531066894531
Brent Oil,tscv_02,PatchTST,PatchTST,-,2024-01-08,77.242,82.84983825683594
Brent Oil,tscv_02,PatchTST,PatchTST,-,2024-01-15,78.242,81.1904296875
Brent Oil,tscv_02,PatchTST,PatchTST,-,2024-01-22,80.34,80.03902435302734
Brent Oil,tscv_02,PatchTST,PatchTST,-,2024-01-29,79.866,79.1750717163086
Brent Oil,tscv_02,PatchTST,PatchTST,-,2024-02-05,79.51599999999999,80.4623794555664
Brent Oil,tscv_02,PatchTST,PatchTST,-,2024-02-12,81.648,80.44757080078125
Brent Oil,tscv_02,PatchTST+NLinear,PatchTST,NLinear,2023-11-27,80.578,85.58686828613281
Brent Oil,tscv_02,PatchTST+NLinear,PatchTST,NLinear,2023-12-04,75.986,85.74567413330078
Brent Oil,tscv_02,PatchTST+NLinear,PatchTST,NLinear,2023-12-11,75.578,87.22539520263672
Brent Oil,tscv_02,PatchTST+NLinear,PatchTST,NLinear,2023-12-18,79.02000000000001,83.57796478271484
Brent Oil,tscv_02,PatchTST+NLinear,PatchTST,NLinear,2023-12-25,78.64500000000001,84.11969757080078
Brent Oil,tscv_02,PatchTST+NLinear,PatchTST,NLinear,2024-01-01,77.6225,84.63207244873047
Brent Oil,tscv_02,PatchTST+NLinear,PatchTST,NLinear,2024-01-08,77.242,83.86018371582031
Brent Oil,tscv_02,PatchTST+NLinear,PatchTST,NLinear,2024-01-15,78.242,82.025390625
Brent Oil,tscv_02,PatchTST+NLinear,PatchTST,NLinear,2024-01-22,80.34,81.39553833007812
Brent Oil,tscv_02,PatchTST+NLinear,PatchTST,NLinear,2024-01-29,79.866,80.92316436767578
Brent Oil,tscv_02,PatchTST+NLinear,PatchTST,NLinear,2024-02-05,79.51599999999999,82.94788360595703
Brent Oil,tscv_02,PatchTST+NLinear,PatchTST,NLinear,2024-02-12,81.648,82.76189422607422
Brent Oil,tscv_02,PatchTST+XGB,PatchTST,XGB,2023-11-27,80.578,82.95343780517578
Brent Oil,tscv_02,PatchTST+XGB,PatchTST,XGB,2023-12-04,75.986,82.29022216796875
Brent Oil,tscv_02,PatchTST+XGB,PatchTST,XGB,2023-12-11,75.578,84.48019409179688
Brent Oil,tscv_02,PatchTST+XGB,PatchTST,XGB,2023-12-18,79.02000000000001,81.82476043701172
Brent Oil,tscv_02,PatchTST+XGB,PatchTST,XGB,2023-12-25,78.64500000000001,81.29520416259766
Brent Oil,tscv_02,PatchTST+XGB,PatchTST,XGB,2024-01-01,77.6225,84.56517028808594
Brent Oil,tscv_02,PatchTST+XGB,PatchTST,XGB,2024-01-08,77.242,83.92761993408203
Brent Oil,tscv_02,PatchTST+XGB,PatchTST,XGB,2024-01-15,78.242,81.92279815673828
Brent Oil,tscv_02,PatchTST+XGB,PatchTST,XGB,2024-01-22,80.34,77.24360656738281
Brent Oil,tscv_02,PatchTST+XGB,PatchTST,XGB,2024-01-29,79.866,80.22968292236328
Brent Oil,tscv_02,PatchTST+XGB,PatchTST,XGB,2024-02-05,79.51599999999999,81.31361389160156
Brent Oil,tscv_02,PatchTST+XGB,PatchTST,XGB,2024-02-12,81.648,81.43978881835938
Brent Oil,tscv_02,PatchTST+LGBM,PatchTST,LGBM,2023-11-27,80.578,82.33670064226331
Brent Oil,tscv_02,PatchTST+LGBM,PatchTST,LGBM,2023-12-04,75.986,82.7704185863366
Brent Oil,tscv_02,PatchTST+LGBM,PatchTST,LGBM,2023-12-11,75.578,85.07860237416794
Brent Oil,tscv_02,PatchTST+LGBM,PatchTST,LGBM,2023-12-18,79.02000000000001,81.17663251875021
Brent Oil,tscv_02,PatchTST+LGBM,PatchTST,LGBM,2023-12-25,78.64500000000001,78.07127035727474
Brent Oil,tscv_02,PatchTST+LGBM,PatchTST,LGBM,2024-01-01,77.6225,83.4322773451555
Brent Oil,tscv_02,PatchTST+LGBM,PatchTST,LGBM,2024-01-08,77.242,83.73082934442637
Brent Oil,tscv_02,PatchTST+LGBM,PatchTST,LGBM,2024-01-15,78.242,80.08740600867503
Brent Oil,tscv_02,PatchTST+LGBM,PatchTST,LGBM,2024-01-22,80.34,80.84710191104976
Brent Oil,tscv_02,PatchTST+LGBM,PatchTST,LGBM,2024-01-29,79.866,78.96987985179686
Brent Oil,tscv_02,PatchTST+LGBM,PatchTST,LGBM,2024-02-05,79.51599999999999,81.13525012269481
Brent Oil,tscv_02,PatchTST+LGBM,PatchTST,LGBM,2024-02-12,81.648,80.12690457308703
Brent Oil,tscv_03,PatchTST,PatchTST,-,2023-12-25,78.64500000000001,73.01406860351562
Brent Oil,tscv_03,PatchTST,PatchTST,-,2024-01-01,77.6225,72.22772979736328
Brent Oil,tscv_03,PatchTST,PatchTST,-,2024-01-08,77.242,71.07836151123047
Brent Oil,tscv_03,PatchTST,PatchTST,-,2024-01-15,78.242,70.2293472290039
Brent Oil,tscv_03,PatchTST,PatchTST,-,2024-01-22,80.34,69.2624740600586
Brent Oil,tscv_03,PatchTST,PatchTST,-,2024-01-29,79.866,69.2643051147461
Brent Oil,tscv_03,PatchTST,PatchTST,-,2024-02-05,79.51599999999999,69.77627563476562
Brent Oil,tscv_03,PatchTST,PatchTST,-,2024-02-12,81.648,69.47053527832031
Brent Oil,tscv_03,PatchTST,PatchTST,-,2024-02-19,81.322,70.14730072021484
Brent Oil,tscv_03,PatchTST,PatchTST,-,2024-02-26,81.692,70.1866683959961
Brent Oil,tscv_03,PatchTST,PatchTST,-,2024-03-04,81.876,70.79643249511719
Brent Oil,tscv_03,PatchTST,PatchTST,-,2024-03-11,83.22200000000001,71.59268188476562
Brent Oil,tscv_03,PatchTST+NLinear,PatchTST,NLinear,2023-12-25,78.64500000000001,70.62940216064453
Brent Oil,tscv_03,PatchTST+NLinear,PatchTST,NLinear,2024-01-01,77.6225,71.017578125
Brent Oil,tscv_03,PatchTST+NLinear,PatchTST,NLinear,2024-01-08,77.242,69.63811492919922
Brent Oil,tscv_03,PatchTST+NLinear,PatchTST,NLinear,2024-01-15,78.242,68.09008026123047
Brent Oil,tscv_03,PatchTST+NLinear,PatchTST,NLinear,2024-01-22,80.34,68.91960144042969
Brent Oil,tscv_03,PatchTST+NLinear,PatchTST,NLinear,2024-01-29,79.866,69.5076904296875
Brent Oil,tscv_03,PatchTST+NLinear,PatchTST,NLinear,2024-02-05,79.51599999999999,71.40641021728516
Brent Oil,tscv_03,PatchTST+NLinear,PatchTST,NLinear,2024-02-12,81.648,70.28423309326172
Brent Oil,tscv_03,PatchTST+NLinear,PatchTST,NLinear,2024-02-19,81.322,71.65569305419922
Brent Oil,tscv_03,PatchTST+NLinear,PatchTST,NLinear,2024-02-26,81.692,72.31073760986328
Brent Oil,tscv_03,PatchTST+NLinear,PatchTST,NLinear,2024-03-04,81.876,72.67291259765625
Brent Oil,tscv_03,PatchTST+NLinear,PatchTST,NLinear,2024-03-11,83.22200000000001,73.40379333496094
Brent Oil,tscv_03,PatchTST+XGB,PatchTST,XGB,2023-12-25,78.64500000000001,74.98898315429688
Brent Oil,tscv_03,PatchTST+XGB,PatchTST,XGB,2024-01-01,77.6225,74.68315887451172
Brent Oil,tscv_03,PatchTST+XGB,PatchTST,XGB,2024-01-08,77.242,74.22173309326172
Brent Oil,tscv_03,PatchTST+XGB,PatchTST,XGB,2024-01-15,78.242,72.54985046386719
Brent Oil,tscv_03,PatchTST+XGB,PatchTST,XGB,2024-01-22,80.34,71.16034698486328
Brent Oil,tscv_03,PatchTST+XGB,PatchTST,XGB,2024-01-29,79.866,72.4450454711914
Brent Oil,tscv_03,PatchTST+XGB,PatchTST,XGB,2024-02-05,79.51599999999999,75.17967987060547
Brent Oil,tscv_03,PatchTST+XGB,PatchTST,XGB,2024-02-12,81.648,74.63681030273438
Brent Oil,tscv_03,PatchTST+XGB,PatchTST,XGB,2024-02-19,81.322,75.42288970947266
Brent Oil,tscv_03,PatchTST+XGB,PatchTST,XGB,2024-02-26,81.692,75.498046875
Brent Oil,tscv_03,PatchTST+XGB,PatchTST,XGB,2024-03-04,81.876,73.95935821533203
Brent Oil,tscv_03,PatchTST+XGB,PatchTST,XGB,2024-03-11,83.22200000000001,75.32273864746094
Brent Oil,tscv_03,PatchTST+LGBM,PatchTST,LGBM,2023-12-25,78.64500000000001,77.21412879373698
Brent Oil,tscv_03,PatchTST+LGBM,PatchTST,LGBM,2024-01-01,77.6225,74.33729548097999
Brent Oil,tscv_03,PatchTST+LGBM,PatchTST,LGBM,2024-01-08,77.242,72.20989070382618
Brent Oil,tscv_03,PatchTST+LGBM,PatchTST,LGBM,2024-01-15,78.242,71.76223860708552
Brent Oil,tscv_03,PatchTST+LGBM,PatchTST,LGBM,2024-01-22,80.34,72.36228886253224
Brent Oil,tscv_03,PatchTST+LGBM,PatchTST,LGBM,2024-01-29,79.866,73.44955095989525
Brent Oil,tscv_03,PatchTST+LGBM,PatchTST,LGBM,2024-02-05,79.51599999999999,76.83087749996494
Brent Oil,tscv_03,PatchTST+LGBM,PatchTST,LGBM,2024-02-12,81.648,74.54246063434901
Brent Oil,tscv_03,PatchTST+LGBM,PatchTST,LGBM,2024-02-19,81.322,76.68357402374426
Brent Oil,tscv_03,PatchTST+LGBM,PatchTST,LGBM,2024-02-26,81.692,78.3915758931535
Brent Oil,tscv_03,PatchTST+LGBM,PatchTST,LGBM,2024-03-04,81.876,77.62828244128407
Brent Oil,tscv_03,PatchTST+LGBM,PatchTST,LGBM,2024-03-11,83.22200000000001,77.4576741601931
Brent Oil,tscv_04,PatchTST,PatchTST,-,2024-01-22,80.34,66.15279388427734
Brent Oil,tscv_04,PatchTST,PatchTST,-,2024-01-29,79.866,66.09759521484375
Brent Oil,tscv_04,PatchTST,PatchTST,-,2024-02-05,79.51599999999999,66.04097747802734
Brent Oil,tscv_04,PatchTST,PatchTST,-,2024-02-12,81.648,65.68531799316406
Brent Oil,tscv_04,PatchTST,PatchTST,-,2024-02-19,81.322,65.60523223876953
Brent Oil,tscv_04,PatchTST,PatchTST,-,2024-02-26,81.692,65.09368133544922
Brent Oil,tscv_04,PatchTST,PatchTST,-,2024-03-04,81.876,65.09384155273438
Brent Oil,tscv_04,PatchTST,PatchTST,-,2024-03-11,83.22200000000001,64.6806640625
Brent Oil,tscv_04,PatchTST,PatchTST,-,2024-03-18,85.652,64.79280853271484
Brent Oil,tscv_04,PatchTST,PatchTST,-,2024-03-25,86.21838,64.13365936279297
Brent Oil,tscv_04,PatchTST,PatchTST,-,2024-04-01,89.502,64.59194946289062
Brent Oil,tscv_04,PatchTST,PatchTST,-,2024-04-08,90.17333333333332,64.10356140136719
Brent Oil,tscv_04,PatchTST+NLinear,PatchTST,NLinear,2024-01-22,80.34,66.96754455566406
Brent Oil,tscv_04,PatchTST+NLinear,PatchTST,NLinear,2024-01-29,79.866,68.93716430664062
Brent Oil,tscv_04,PatchTST+NLinear,PatchTST,NLinear,2024-02-05,79.51599999999999,71.43098449707031
Brent Oil,tscv_04,PatchTST+NLinear,PatchTST,NLinear,2024-02-12,81.648,71.6694107055664
Brent Oil,tscv_04,PatchTST+NLinear,PatchTST,NLinear,2024-02-19,81.322,71.58534240722656
Brent Oil,tscv_04,PatchTST+NLinear,PatchTST,NLinear,2024-02-26,81.692,71.82905578613281
Brent Oil,tscv_04,PatchTST+NLinear,PatchTST,NLinear,2024-03-04,81.876,71.29541778564453
Brent Oil,tscv_04,PatchTST+NLinear,PatchTST,NLinear,2024-03-11,83.22200000000001,71.52249145507812
Brent Oil,tscv_04,PatchTST+NLinear,PatchTST,NLinear,2024-03-18,85.652,71.04350280761719
Brent Oil,tscv_04,PatchTST+NLinear,PatchTST,NLinear,2024-03-25,86.21838,70.77409362792969
Brent Oil,tscv_04,PatchTST+NLinear,PatchTST,NLinear,2024-04-01,89.502,72.43773651123047
Brent Oil,tscv_04,PatchTST+NLinear,PatchTST,NLinear,2024-04-08,90.17333333333332,72.19664001464844
Brent Oil,tscv_04,PatchTST+XGB,PatchTST,XGB,2024-01-22,80.34,73.6391830444336
Brent Oil,tscv_04,PatchTST+XGB,PatchTST,XGB,2024-01-29,79.866,71.5942153930664
Brent Oil,tscv_04,PatchTST+XGB,PatchTST,XGB,2024-02-05,79.51599999999999,72.11387634277344
Brent Oil,tscv_04,PatchTST+XGB,PatchTST,XGB,2024-02-12,81.648,71.86571502685547
Brent Oil,tscv_04,PatchTST+XGB,PatchTST,XGB,2024-02-19,81.322,70.81065368652344
Brent Oil,tscv_04,PatchTST+XGB,PatchTST,XGB,2024-02-26,81.692,69.98558807373047
Brent Oil,tscv_04,PatchTST+XGB,PatchTST,XGB,2024-03-04,81.876,69.18868255615234
Brent Oil,tscv_04,PatchTST+XGB,PatchTST,XGB,2024-03-11,83.22200000000001,69.27256774902344
Brent Oil,tscv_04,PatchTST+XGB,PatchTST,XGB,2024-03-18,85.652,69.43280792236328
Brent Oil,tscv_04,PatchTST+XGB,PatchTST,XGB,2024-03-25,86.21838,69.1307601928711
Brent Oil,tscv_04,PatchTST+XGB,PatchTST,XGB,2024-04-01,89.502,70.30928039550781
Brent Oil,tscv_04,PatchTST+XGB,PatchTST,XGB,2024-04-08,90.17333333333332,70.38957977294922
Brent Oil,tscv_04,PatchTST+LGBM,PatchTST,LGBM,2024-01-22,80.34,67.598368384948
Brent Oil,tscv_04,PatchTST+LGBM,PatchTST,LGBM,2024-01-29,79.866,72.22219843333293
Brent Oil,tscv_04,PatchTST+LGBM,PatchTST,LGBM,2024-02-05,79.51599999999999,74.01113405673141
Brent Oil,tscv_04,PatchTST+LGBM,PatchTST,LGBM,2024-02-12,81.648,73.4153112324353
Brent Oil,tscv_04,PatchTST+LGBM,PatchTST,LGBM,2024-02-19,81.322,72.22815129428335
Brent Oil,tscv_04,PatchTST+LGBM,PatchTST,LGBM,2024-02-26,81.692,72.01230276457277
Brent Oil,tscv_04,PatchTST+LGBM,PatchTST,LGBM,2024-03-04,81.876,72.95761664792701
Brent Oil,tscv_04,PatchTST+LGBM,PatchTST,LGBM,2024-03-11,83.22200000000001,73.06766967338264
Brent Oil,tscv_04,PatchTST+LGBM,PatchTST,LGBM,2024-03-18,85.652,73.34009538448707
Brent Oil,tscv_04,PatchTST+LGBM,PatchTST,LGBM,2024-03-25,86.21838,72.0245758867074
Brent Oil,tscv_04,PatchTST+LGBM,PatchTST,LGBM,2024-04-01,89.502,74.2815500176555
Brent Oil,tscv_04,PatchTST+LGBM,PatchTST,LGBM,2024-04-08,90.17333333333332,74.59686200743938
Brent Oil,tscv_05,PatchTST,PatchTST,-,2024-02-19,81.322,64.0216064453125
Brent Oil,tscv_05,PatchTST,PatchTST,-,2024-02-26,81.692,63.103736877441406
Brent Oil,tscv_05,PatchTST,PatchTST,-,2024-03-04,81.876,63.18532943725586
Brent Oil,tscv_05,PatchTST,PatchTST,-,2024-03-11,83.22200000000001,63.033504486083984
Brent Oil,tscv_05,PatchTST,PatchTST,-,2024-03-18,85.652,63.61854553222656
Brent Oil,tscv_05,PatchTST,PatchTST,-,2024-03-25,86.21838,63.05168533325195
Brent Oil,tscv_05,PatchTST,PatchTST,-,2024-04-01,89.502,63.492061614990234
Brent Oil,tscv_05,PatchTST,PatchTST,-,2024-04-08,90.17333333333332,63.066734313964844
Brent Oil,tscv_05,PatchTST,PatchTST,-,2024-04-15,88.12903333333334,63.16413497924805
Brent Oil,tscv_05,PatchTST,PatchTST,-,2024-04-22,87.9063,62.27849578857422
Brent Oil,tscv_05,PatchTST,PatchTST,-,2024-04-29,84.72,61.99531555175781
Brent Oil,tscv_05,PatchTST,PatchTST,-,2024-05-06,83.348,61.55841827392578
Brent Oil,tscv_05,PatchTST+NLinear,PatchTST,NLinear,2024-02-19,81.322,65.93531799316406
Brent Oil,tscv_05,PatchTST+NLinear,PatchTST,NLinear,2024-02-26,81.692,65.01683044433594
Brent Oil,tscv_05,PatchTST+NLinear,PatchTST,NLinear,2024-03-04,81.876,63.9951286315918
Brent Oil,tscv_05,PatchTST+NLinear,PatchTST,NLinear,2024-03-11,83.22200000000001,64.92399597167969
Brent Oil,tscv_05,PatchTST+NLinear,PatchTST,NLinear,2024-03-18,85.652,65.3820571899414
Brent Oil,tscv_05,PatchTST+NLinear,PatchTST,NLinear,2024-03-25,86.21838,65.20338439941406
Brent Oil,tscv_05,PatchTST+NLinear,PatchTST,NLinear,2024-04-01,89.502,66.16957092285156
Brent Oil,tscv_05,PatchTST+NLinear,PatchTST,NLinear,2024-04-08,90.17333333333332,65.21664428710938
Brent Oil,tscv_05,PatchTST+NLinear,PatchTST,NLinear,2024-04-15,88.12903333333334,65.99253845214844
Brent Oil,tscv_05,PatchTST+NLinear,PatchTST,NLinear,2024-04-22,87.9063,65.4835205078125
Brent Oil,tscv_05,PatchTST+NLinear,PatchTST,NLinear,2024-04-29,84.72,63.16897201538086
Brent Oil,tscv_05,PatchTST+NLinear,PatchTST,NLinear,2024-05-06,83.348,64.02407836914062
Brent Oil,tscv_05,PatchTST+XGB,PatchTST,XGB,2024-02-19,81.322,80.86421966552734
Brent Oil,tscv_05,PatchTST+XGB,PatchTST,XGB,2024-02-26,81.692,77.20826721191406
Brent Oil,tscv_05,PatchTST+XGB,PatchTST,XGB,2024-03-04,81.876,76.13880157470703
Brent Oil,tscv_05,PatchTST+XGB,PatchTST,XGB,2024-03-11,83.22200000000001,76.55021667480469
Brent Oil,tscv_05,PatchTST+XGB,PatchTST,XGB,2024-03-18,85.652,75.9486083984375
Brent Oil,tscv_05,PatchTST+XGB,PatchTST,XGB,2024-03-25,86.21838,76.47888946533203
Brent Oil,tscv_05,PatchTST+XGB,PatchTST,XGB,2024-04-01,89.502,77.27096557617188
Brent Oil,tscv_05,PatchTST+XGB,PatchTST,XGB,2024-04-08,90.17333333333332,77.2900390625
Brent Oil,tscv_05,PatchTST+XGB,PatchTST,XGB,2024-04-15,88.12903333333334,75.82231140136719
Brent Oil,tscv_05,PatchTST+XGB,PatchTST,XGB,2024-04-22,87.9063,77.49810791015625
Brent Oil,tscv_05,PatchTST+XGB,PatchTST,XGB,2024-04-29,84.72,76.79945373535156
Brent Oil,tscv_05,PatchTST+XGB,PatchTST,XGB,2024-05-06,83.348,76.05826568603516
Brent Oil,tscv_05,PatchTST+LGBM,PatchTST,LGBM,2024-02-19,81.322,77.74706717679275
Brent Oil,tscv_05,PatchTST+LGBM,PatchTST,LGBM,2024-02-26,81.692,77.31772737112418
Brent Oil,tscv_05,PatchTST+LGBM,PatchTST,LGBM,2024-03-04,81.876,76.9373402369094
Brent Oil,tscv_05,PatchTST+LGBM,PatchTST,LGBM,2024-03-11,83.22200000000001,76.69663279966868
Brent Oil,tscv_05,PatchTST+LGBM,PatchTST,LGBM,2024-03-18,85.652,77.56315816633058
Brent Oil,tscv_05,PatchTST+LGBM,PatchTST,LGBM,2024-03-25,86.21838,76.5016720178496
Brent Oil,tscv_05,PatchTST+LGBM,PatchTST,LGBM,2024-04-01,89.502,77.48087752021935
Brent Oil,tscv_05,PatchTST+LGBM,PatchTST,LGBM,2024-04-08,90.17333333333332,78.2290058032511
Brent Oil,tscv_05,PatchTST+LGBM,PatchTST,LGBM,2024-04-15,88.12903333333334,77.59184660988784
Brent Oil,tscv_05,PatchTST+LGBM,PatchTST,LGBM,2024-04-22,87.9063,75.94577194183383
Brent Oil,tscv_05,PatchTST+LGBM,PatchTST,LGBM,2024-04-29,84.72,76.86604898731574
Brent Oil,tscv_05,PatchTST+LGBM,PatchTST,LGBM,2024-05-06,83.348,76.00241710995986
Brent Oil,tscv_06,PatchTST,PatchTST,-,2024-03-18,85.652,84.52444458007812
Brent Oil,tscv_06,PatchTST,PatchTST,-,2024-03-25,86.21838,85.9912109375
Brent Oil,tscv_06,PatchTST,PatchTST,-,2024-04-01,89.502,86.35655975341797
Brent Oil,tscv_06,PatchTST,PatchTST,-,2024-04-08,90.17333333333332,86.72193908691406
Brent Oil,tscv_06,PatchTST,PatchTST,-,2024-04-15,88.12903333333334,88.07717895507812
Brent Oil,tscv_06,PatchTST,PatchTST,-,2024-04-22,87.9063,89.83631896972656
Brent Oil,tscv_06,PatchTST,PatchTST,-,2024-04-29,84.72,91.59295654296875
Brent Oil,tscv_06,PatchTST,PatchTST,-,2024-05-06,83.348,92.07647705078125
Brent Oil,tscv_06,PatchTST,PatchTST,-,2024-05-13,83.148,92.09920501708984
Brent Oil,tscv_06,PatchTST,PatchTST,-,2024-05-20,82.394,91.76673126220703
Brent Oil,tscv_06,PatchTST,PatchTST,-,2024-05-27,82.64234,91.85081481933594
Brent Oil,tscv_06,PatchTST,PatchTST,-,2024-06-03,78.756,91.58516693115234
Brent Oil,tscv_06,PatchTST+NLinear,PatchTST,NLinear,2024-03-18,85.652,85.32020568847656
Brent Oil,tscv_06,PatchTST+NLinear,PatchTST,NLinear,2024-03-25,86.21838,86.65837860107422
Brent Oil,tscv_06,PatchTST+NLinear,PatchTST,NLinear,2024-04-01,89.502,86.92875671386719
Brent Oil,tscv_06,PatchTST+NLinear,PatchTST,NLinear,2024-04-08,90.17333333333332,86.99532318115234
Brent Oil,tscv_06,PatchTST+NLinear,PatchTST,NLinear,2024-04-15,88.12903333333334,88.83622741699219
Brent Oil,tscv_06,PatchTST+NLinear,PatchTST,NLinear,2024-04-22,87.9063,90.71769714355469
Brent Oil,tscv_06,PatchTST+NLinear,PatchTST,NLinear,2024-04-29,84.72,92.52194213867188
Brent Oil,tscv_06,PatchTST+NLinear,PatchTST,NLinear,2024-05-06,83.348,92.25861358642578
Brent Oil,tscv_06,PatchTST+NLinear,PatchTST,NLinear,2024-05-13,83.148,91.47587585449219
Brent Oil,tscv_06,PatchTST+NLinear,PatchTST,NLinear,2024-05-20,82.394,90.2523193359375
Brent Oil,tscv_06,PatchTST+NLinear,PatchTST,NLinear,2024-05-27,82.64234,89.9783935546875
Brent Oil,tscv_06,PatchTST+NLinear,PatchTST,NLinear,2024-06-03,78.756,89.48602294921875
Brent Oil,tscv_06,PatchTST+XGB,PatchTST,XGB,2024-03-18,85.652,83.63755798339844
Brent Oil,tscv_06,PatchTST+XGB,PatchTST,XGB,2024-03-25,86.21838,84.695556640625
Brent Oil,tscv_06,PatchTST+XGB,PatchTST,XGB,2024-04-01,89.502,85.3680648803711
Brent Oil,tscv_06,PatchTST+XGB,PatchTST,XGB,2024-04-08,90.17333333333332,85.43766021728516
Brent Oil,tscv_06,PatchTST+XGB,PatchTST,XGB,2024-04-15,88.12903333333334,87.36457824707031
Brent Oil,tscv_06,PatchTST+XGB,PatchTST,XGB,2024-04-22,87.9063,89.53108215332031
Brent Oil,tscv_06,PatchTST+XGB,PatchTST,XGB,2024-04-29,84.72,91.69119262695312
Brent Oil,tscv_06,PatchTST+XGB,PatchTST,XGB,2024-05-06,83.348,92.31327056884766
Brent Oil,tscv_06,PatchTST+XGB,PatchTST,XGB,2024-05-13,83.148,91.83355712890625
Brent Oil,tscv_06,PatchTST+XGB,PatchTST,XGB,2024-05-20,82.394,92.15269470214844
Brent Oil,tscv_06,PatchTST+XGB,PatchTST,XGB,2024-05-27,82.64234,91.34478759765625
Brent Oil,tscv_06,PatchTST+XGB,PatchTST,XGB,2024-06-03,78.756,91.76654815673828
Brent Oil,tscv_06,PatchTST+LGBM,PatchTST,LGBM,2024-03-18,85.652,84.69688263538082
Brent Oil,tscv_06,PatchTST+LGBM,PatchTST,LGBM,2024-03-25,86.21838,86.10840919458751
Brent Oil,tscv_06,PatchTST+LGBM,PatchTST,LGBM,2024-04-01,89.502,88.02206723748257
Brent Oil,tscv_06,PatchTST+LGBM,PatchTST,LGBM,2024-04-08,90.17333333333332,88.66552430912034
Brent Oil,tscv_06,PatchTST+LGBM,PatchTST,LGBM,2024-04-15,88.12903333333334,89.71539210520923
Brent Oil,tscv_06,PatchTST+LGBM,PatchTST,LGBM,2024-04-22,87.9063,91.56203962836489
Brent Oil,tscv_06,PatchTST+LGBM,PatchTST,LGBM,2024-04-29,84.72,93.19678640525429
Brent Oil,tscv_06,PatchTST+LGBM,PatchTST,LGBM,2024-05-06,83.348,93.96378058187085
Brent Oil,tscv_06,PatchTST+LGBM,PatchTST,LGBM,2024-05-13,83.148,94.18618404857168
Brent Oil,tscv_06,PatchTST+LGBM,PatchTST,LGBM,2024-05-20,82.394,94.18881330726641
Brent Oil,tscv_06,PatchTST+LGBM,PatchTST,LGBM,2024-05-27,82.64234,93.56975842176627
Brent Oil,tscv_06,PatchTST+LGBM,PatchTST,LGBM,2024-06-03,78.756,93.53307397012574
Brent Oil,tscv_07,PatchTST,PatchTST,-,2024-04-15,88.12903333333334,75.39692687988281
Brent Oil,tscv_07,PatchTST,PatchTST,-,2024-04-22,87.9063,76.2064437866211
Brent Oil,tscv_07,PatchTST,PatchTST,-,2024-04-29,84.72,75.15225219726562
Brent Oil,tscv_07,PatchTST,PatchTST,-,2024-05-06,83.348,75.87303161621094
Brent Oil,tscv_07,PatchTST,PatchTST,-,2024-05-13,83.148,74.73822021484375
Brent Oil,tscv_07,PatchTST,PatchTST,-,2024-05-20,82.394,75.24811553955078
Brent Oil,tscv_07,PatchTST,PatchTST,-,2024-05-27,82.64234,74.2144775390625
Brent Oil,tscv_07,PatchTST,PatchTST,-,2024-06-03,78.756,74.75202178955078
Brent Oil,tscv_07,PatchTST,PatchTST,-,2024-06-10,82.304,74.17232513427734
Brent Oil,tscv_07,PatchTST,PatchTST,-,2024-06-17,85.1325,74.59204864501953
Brent Oil,tscv_07,PatchTST,PatchTST,-,2024-06-24,84.992,73.92520904541016
Brent Oil,tscv_07,PatchTST,PatchTST,-,2024-07-01,86.68726,73.93885803222656
Brent Oil,tscv_07,PatchTST+NLinear,PatchTST,NLinear,2024-04-15,88.12903333333334,81.44921112060547
Brent Oil,tscv_07,PatchTST+NLinear,PatchTST,NLinear,2024-04-22,87.9063,81.40043640136719
Brent Oil,tscv_07,PatchTST+NLinear,PatchTST,NLinear,2024-04-29,84.72,79.46694946289062
Brent Oil,tscv_07,PatchTST+NLinear,PatchTST,NLinear,2024-05-06,83.348,79.66606903076172
Brent Oil,tscv_07,PatchTST+NLinear,PatchTST,NLinear,2024-05-13,83.148,75.73432922363281
Brent Oil,tscv_07,PatchTST+NLinear,PatchTST,NLinear,2024-05-20,82.394,75.72225952148438
Brent Oil,tscv_07,PatchTST+NLinear,PatchTST,NLinear,2024-05-27,82.64234,73.19283294677734
Brent Oil,tscv_07,PatchTST+NLinear,PatchTST,NLinear,2024-06-03,78.756,72.4814453125
Brent Oil,tscv_07,PatchTST+NLinear,PatchTST,NLinear,2024-06-10,82.304,72.11064910888672
Brent Oil,tscv_07,PatchTST+NLinear,PatchTST,NLinear,2024-06-17,85.1325,71.62632751464844
Brent Oil,tscv_07,PatchTST+NLinear,PatchTST,NLinear,2024-06-24,84.992,73.09420013427734
Brent Oil,tscv_07,PatchTST+NLinear,PatchTST,NLinear,2024-07-01,86.68726,75.15243530273438
Brent Oil,tscv_07,PatchTST+XGB,PatchTST,XGB,2024-04-15,88.12903333333334,86.21351623535156
Brent Oil,tscv_07,PatchTST+XGB,PatchTST,XGB,2024-04-22,87.9063,86.25926208496094
Brent Oil,tscv_07,PatchTST+XGB,PatchTST,XGB,2024-04-29,84.72,83.45545196533203
Brent Oil,tscv_07,PatchTST+XGB,PatchTST,XGB,2024-05-06,83.348,82.66703033447266
Brent Oil,tscv_07,PatchTST+XGB,PatchTST,XGB,2024-05-13,83.148,76.33106994628906
Brent Oil,tscv_07,PatchTST+XGB,PatchTST,XGB,2024-05-20,82.394,75.7386474609375
Brent Oil,tscv_07,PatchTST+XGB,PatchTST,XGB,2024-05-27,82.64234,72.8333969116211
Brent Oil,tscv_07,PatchTST+XGB,PatchTST,XGB,2024-06-03,78.756,73.46795654296875
Brent Oil,tscv_07,PatchTST+XGB,PatchTST,XGB,2024-06-10,82.304,73.57502746582031
Brent Oil,tscv_07,PatchTST+XGB,PatchTST,XGB,2024-06-17,85.1325,74.2327651977539
Brent Oil,tscv_07,PatchTST+XGB,PatchTST,XGB,2024-06-24,84.992,73.38375091552734
Brent Oil,tscv_07,PatchTST+XGB,PatchTST,XGB,2024-07-01,86.68726,73.50092315673828
Brent Oil,tscv_07,PatchTST+LGBM,PatchTST,LGBM,2024-04-15,88.12903333333334,82.05803423015988
Brent Oil,tscv_07,PatchTST+LGBM,PatchTST,LGBM,2024-04-22,87.9063,85.4622318653922
Brent Oil,tscv_07,PatchTST+LGBM,PatchTST,LGBM,2024-04-29,84.72,82.94084375660762
Brent Oil,tscv_07,PatchTST+LGBM,PatchTST,LGBM,2024-05-06,83.348,82.05106153189773
Brent Oil,tscv_07,PatchTST+LGBM,PatchTST,LGBM,2024-05-13,83.148,76.59814444236869
Brent Oil,tscv_07,PatchTST+LGBM,PatchTST,LGBM,2024-05-20,82.394,75.29911110038366
Brent Oil,tscv_07,PatchTST+LGBM,PatchTST,LGBM,2024-05-27,82.64234,73.50239669846015
Brent Oil,tscv_07,PatchTST+LGBM,PatchTST,LGBM,2024-06-03,78.756,72.42217878664974
Brent Oil,tscv_07,PatchTST+LGBM,PatchTST,LGBM,2024-06-10,82.304,73.07306120949926
Brent Oil,tscv_07,PatchTST+LGBM,PatchTST,LGBM,2024-06-17,85.1325,73.64568650743783
Brent Oil,tscv_07,PatchTST+LGBM,PatchTST,LGBM,2024-06-24,84.992,72.91152833546616
Brent Oil,tscv_07,PatchTST+LGBM,PatchTST,LGBM,2024-07-01,86.68726,74.25597887857587
Brent Oil,tscv_08,PatchTST,PatchTST,-,2024-05-13,83.148,91.71306610107422
Brent Oil,tscv_08,PatchTST,PatchTST,-,2024-05-20,82.394,92.55641174316406
Brent Oil,tscv_08,PatchTST,PatchTST,-,2024-05-27,82.64234,92.81354522705078
Brent Oil,tscv_08,PatchTST,PatchTST,-,2024-06-03,78.756,93.11015319824219
Brent Oil,tscv_08,PatchTST,PatchTST,-,2024-06-10,82.304,93.16094970703125
Brent Oil,tscv_08,PatchTST,PatchTST,-,2024-06-17,85.1325,92.92786407470703
Brent Oil,tscv_08,PatchTST,PatchTST,-,2024-06-24,84.992,92.9166259765625
Brent Oil,tscv_08,PatchTST,PatchTST,-,2024-07-01,86.68726,92.59933471679688
Brent Oil,tscv_08,PatchTST,PatchTST,-,2024-07-08,85.184,92.15362548828125
Brent Oil,tscv_08,PatchTST,PatchTST,-,2024-07-15,84.28,92.13430786132812
Brent Oil,tscv_08,PatchTST,PatchTST,-,2024-07-22,81.724,91.47250366210938
Brent Oil,tscv_08,PatchTST,PatchTST,-,2024-07-29,78.41432857142857,91.40966796875
Brent Oil,tscv_08,PatchTST+NLinear,PatchTST,NLinear,2024-05-13,83.148,90.11553955078125
Brent Oil,tscv_08,PatchTST+NLinear,PatchTST,NLinear,2024-05-20,82.394,91.33890533447266
Brent Oil,tscv_08,PatchTST+NLinear,PatchTST,NLinear,2024-05-27,82.64234,91.65445709228516
Brent Oil,tscv_08,PatchTST+NLinear,PatchTST,NLinear,2024-06-03,78.756,91.50106811523438
Brent Oil,tscv_08,PatchTST+NLinear,PatchTST,NLinear,2024-06-10,82.304,90.84803771972656
Brent Oil,tscv_08,PatchTST+NLinear,PatchTST,NLinear,2024-06-17,85.1325,89.94534301757812
Brent Oil,tscv_08,PatchTST+NLinear,PatchTST,NLinear,2024-06-24,84.992,90.35135650634766
Brent Oil,tscv_08,PatchTST+NLinear,PatchTST,NLinear,2024-07-01,86.68726,90.53285217285156
Brent Oil,tscv_08,PatchTST+NLinear,PatchTST,NLinear,2024-07-08,85.184,90.25733184814453
Brent Oil,tscv_08,PatchTST+NLinear,PatchTST,NLinear,2024-07-15,84.28,91.12860107421875
Brent Oil,tscv_08,PatchTST+NLinear,PatchTST,NLinear,2024-07-22,81.724,89.72587585449219
Brent Oil,tscv_08,PatchTST+NLinear,PatchTST,NLinear,2024-07-29,78.41432857142857,88.8931884765625
Brent Oil,tscv_08,PatchTST+XGB,PatchTST,XGB,2024-05-13,83.148,87.7529296875
Brent Oil,tscv_08,PatchTST+XGB,PatchTST,XGB,2024-05-20,82.394,86.79702758789062
Brent Oil,tscv_08,PatchTST+XGB,PatchTST,XGB,2024-05-27,82.64234,86.75701904296875
Brent Oil,tscv_08,PatchTST+XGB,PatchTST,XGB,2024-06-03,78.756,86.62188720703125
Brent Oil,tscv_08,PatchTST+XGB,PatchTST,XGB,2024-06-10,82.304,85.80553436279297
Brent Oil,tscv_08,PatchTST+XGB,PatchTST,XGB,2024-06-17,85.1325,85.41023254394531
Brent Oil,tscv_08,PatchTST+XGB,PatchTST,XGB,2024-06-24,84.992,84.31211853027344
Brent Oil,tscv_08,PatchTST+XGB,PatchTST,XGB,2024-07-01,86.68726,85.35831451416016
Brent Oil,tscv_08,PatchTST+XGB,PatchTST,XGB,2024-07-08,85.184,85.08112335205078
Brent Oil,tscv_08,PatchTST+XGB,PatchTST,XGB,2024-07-15,84.28,87.00409698486328
Brent Oil,tscv_08,PatchTST+XGB,PatchTST,XGB,2024-07-22,81.724,85.6789779663086
Brent Oil,tscv_08,PatchTST+XGB,PatchTST,XGB,2024-07-29,78.41432857142857,85.26253509521484
Brent Oil,tscv_08,PatchTST+LGBM,PatchTST,LGBM,2024-05-13,83.148,89.34593538451459
Brent Oil,tscv_08,PatchTST+LGBM,PatchTST,LGBM,2024-05-20,82.394,86.59160181163196
Brent Oil,tscv_08,PatchTST+LGBM,PatchTST,LGBM,2024-05-27,82.64234,85.38026185177048
Brent Oil,tscv_08,PatchTST+LGBM,PatchTST,LGBM,2024-06-03,78.756,84.62295853628322
Brent Oil,tscv_08,PatchTST+LGBM,PatchTST,LGBM,2024-06-10,82.304,84.64047913147175
Brent Oil,tscv_08,PatchTST+LGBM,PatchTST,LGBM,2024-06-17,85.1325,84.98924546047388
Brent Oil,tscv_08,PatchTST+LGBM,PatchTST,LGBM,2024-06-24,84.992,85.48488788473865
Brent Oil,tscv_08,PatchTST+LGBM,PatchTST,LGBM,2024-07-01,86.68726,85.22311395914979
Brent Oil,tscv_08,PatchTST+LGBM,PatchTST,LGBM,2024-07-08,85.184,84.73738497923965
Brent Oil,tscv_08,PatchTST+LGBM,PatchTST,LGBM,2024-07-15,84.28,87.15897060891582
Brent Oil,tscv_08,PatchTST+LGBM,PatchTST,LGBM,2024-07-22,81.724,84.84457871491209
Brent Oil,tscv_08,PatchTST+LGBM,PatchTST,LGBM,2024-07-29,78.41432857142857,84.61533951694457
Brent Oil,tscv_09,PatchTST,PatchTST,-,2024-06-10,82.304,83.16374206542969
Brent Oil,tscv_09,PatchTST,PatchTST,-,2024-06-17,85.1325,83.15402221679688
Brent Oil,tscv_09,PatchTST,PatchTST,-,2024-06-24,84.992,83.12358856201172
Brent Oil,tscv_09,PatchTST,PatchTST,-,2024-07-01,86.68726,82.98687744140625
Brent Oil,tscv_09,PatchTST,PatchTST,-,2024-07-08,85.184,82.85701751708984
Brent Oil,tscv_09,PatchTST,PatchTST,-,2024-07-15,84.28,82.70699310302734
Brent Oil,tscv_09,PatchTST,PatchTST,-,2024-07-22,81.724,82.60346984863281
Brent Oil,tscv_09,PatchTST,PatchTST,-,2024-07-29,78.41432857142857,82.36772918701172
Brent Oil,tscv_09,PatchTST,PatchTST,-,2024-08-05,78.48297142857143,82.40463256835938
Brent Oil,tscv_09,PatchTST,PatchTST,-,2024-08-12,80.38911428571429,82.11026763916016
Brent Oil,tscv_09,PatchTST,PatchTST,-,2024-08-19,77.96462857142856,82.35348510742188
Brent Oil,tscv_09,PatchTST,PatchTST,-,2024-08-26,78.09672857142857,81.62208557128906
Brent Oil,tscv_09,PatchTST+NLinear,PatchTST,NLinear,2024-06-10,82.304,78.25752258300781
Brent Oil,tscv_09,PatchTST+NLinear,PatchTST,NLinear,2024-06-17,85.1325,77.52327728271484
Brent Oil,tscv_09,PatchTST+NLinear,PatchTST,NLinear,2024-06-24,84.992,78.76536560058594
Brent Oil,tscv_09,PatchTST+NLinear,PatchTST,NLinear,2024-07-01,86.68726,79.67056274414062
Brent Oil,tscv_09,PatchTST+NLinear,PatchTST,NLinear,2024-07-08,85.184,79.34271240234375
Brent Oil,tscv_09,PatchTST+NLinear,PatchTST,NLinear,2024-07-15,84.28,79.86244201660156
Brent Oil,tscv_09,PatchTST+NLinear,PatchTST,NLinear,2024-07-22,81.724,79.30509948730469
Brent Oil,tscv_09,PatchTST+NLinear,PatchTST,NLinear,2024-07-29,78.41432857142857,78.55923461914062
Brent Oil,tscv_09,PatchTST+NLinear,PatchTST,NLinear,2024-08-05,78.48297142857143,77.97805786132812
Brent Oil,tscv_09,PatchTST+NLinear,PatchTST,NLinear,2024-08-12,80.38911428571429,77.1536636352539
Brent Oil,tscv_09,PatchTST+NLinear,PatchTST,NLinear,2024-08-19,77.96462857142856,78.50040435791016
Brent Oil,tscv_09,PatchTST+NLinear,PatchTST,NLinear,2024-08-26,78.09672857142857,79.72867584228516
Brent Oil,tscv_09,PatchTST+XGB,PatchTST,XGB,2024-06-10,82.304,82.53746032714844
Brent Oil,tscv_09,PatchTST+XGB,PatchTST,XGB,2024-06-17,85.1325,81.49967956542969
Brent Oil,tscv_09,PatchTST+XGB,PatchTST,XGB,2024-06-24,84.992,80.92003631591797
Brent Oil,tscv_09,PatchTST+XGB,PatchTST,XGB,2024-07-01,86.68726,81.03931427001953
Brent Oil,tscv_09,PatchTST+XGB,PatchTST,XGB,2024-07-08,85.184,81.20521545410156
Brent Oil,tscv_09,PatchTST+XGB,PatchTST,XGB,2024-07-15,84.28,82.33346557617188
Brent Oil,tscv_09,PatchTST+XGB,PatchTST,XGB,2024-07-22,81.724,81.55911254882812
Brent Oil,tscv_09,PatchTST+XGB,PatchTST,XGB,2024-07-29,78.41432857142857,81.47907257080078
Brent Oil,tscv_09,PatchTST+XGB,PatchTST,XGB,2024-08-05,78.48297142857143,81.90933227539062
Brent Oil,tscv_09,PatchTST+XGB,PatchTST,XGB,2024-08-12,80.38911428571429,81.56168365478516
Brent Oil,tscv_09,PatchTST+XGB,PatchTST,XGB,2024-08-19,77.96462857142856,82.37897491455078
Brent Oil,tscv_09,PatchTST+XGB,PatchTST,XGB,2024-08-26,78.09672857142857,82.16678619384766
Brent Oil,tscv_09,PatchTST+LGBM,PatchTST,LGBM,2024-06-10,82.304,85.72463427284647
Brent Oil,tscv_09,PatchTST+LGBM,PatchTST,LGBM,2024-06-17,85.1325,85.22333486914776
Brent Oil,tscv_09,PatchTST+LGBM,PatchTST,LGBM,2024-06-24,84.992,82.50217173566908
Brent Oil,tscv_09,PatchTST+LGBM,PatchTST,LGBM,2024-07-01,86.68726,82.90334324992887
Brent Oil,tscv_09,PatchTST+LGBM,PatchTST,LGBM,2024-07-08,85.184,85.30081573691686
Brent Oil,tscv_09,PatchTST+LGBM,PatchTST,LGBM,2024-07-15,84.28,85.12394540051746
Brent Oil,tscv_09,PatchTST+LGBM,PatchTST,LGBM,2024-07-22,81.724,85.39651394416003
Brent Oil,tscv_09,PatchTST+LGBM,PatchTST,LGBM,2024-07-29,78.41432857142857,85.49291887064473
Brent Oil,tscv_09,PatchTST+LGBM,PatchTST,LGBM,2024-08-05,78.48297142857143,85.72890083568133
Brent Oil,tscv_09,PatchTST+LGBM,PatchTST,LGBM,2024-08-12,80.38911428571429,84.73121231395585
Brent Oil,tscv_09,PatchTST+LGBM,PatchTST,LGBM,2024-08-19,77.96462857142856,85.54451674692227
Brent Oil,tscv_09,PatchTST+LGBM,PatchTST,LGBM,2024-08-26,78.09672857142857,84.82337333384712
Brent Oil,tscv_10,PatchTST,PatchTST,-,2024-07-08,85.184,84.76030731201172
Brent Oil,tscv_10,PatchTST,PatchTST,-,2024-07-15,84.28,84.25505828857422
Brent Oil,tscv_10,PatchTST,PatchTST,-,2024-07-22,81.724,84.88790130615234
Brent Oil,tscv_10,PatchTST,PatchTST,-,2024-07-29,78.41432857142857,83.65116119384766
Brent Oil,tscv_10,PatchTST,PatchTST,-,2024-08-05,78.48297142857143,84.35004425048828
Brent Oil,tscv_10,PatchTST,PatchTST,-,2024-08-12,80.38911428571429,82.94697570800781
Brent Oil,tscv_10,PatchTST,PatchTST,-,2024-08-19,77.96462857142856,83.41854095458984
Brent Oil,tscv_10,PatchTST,PatchTST,-,2024-08-26,78.09672857142857,81.76805114746094
Brent Oil,tscv_10,PatchTST,PatchTST,-,2024-09-02,72.91812857142857,82.63298797607422
Brent Oil,tscv_10,PatchTST,PatchTST,-,2024-09-09,71.21612857142857,80.07510375976562
Brent Oil,tscv_10,PatchTST,PatchTST,-,2024-09-16,74.13544285714285,80.65825653076172
Brent Oil,tscv_10,PatchTST,PatchTST,-,2024-09-23,72.62645714285715,77.80844116210938
Brent Oil,tscv_10,PatchTST+NLinear,PatchTST,NLinear,2024-07-08,85.184,84.92245483398438
Brent Oil,tscv_10,PatchTST+NLinear,PatchTST,NLinear,2024-07-15,84.28,86.15717315673828
Brent Oil,tscv_10,PatchTST+NLinear,PatchTST,NLinear,2024-07-22,81.724,85.99024200439453
Brent Oil,tscv_10,PatchTST+NLinear,PatchTST,NLinear,2024-07-29,78.41432857142857,83.3201675415039
Brent Oil,tscv_10,PatchTST+NLinear,PatchTST,NLinear,2024-08-05,78.48297142857143,81.01882934570312
Brent Oil,tscv_10,PatchTST+NLinear,PatchTST,NLinear,2024-08-12,80.38911428571429,78.32746124267578
Brent Oil,tscv_10,PatchTST+NLinear,PatchTST,NLinear,2024-08-19,77.96462857142856,77.32479858398438
Brent Oil,tscv_10,PatchTST+NLinear,PatchTST,NLinear,2024-08-26,78.09672857142857,81.60284423828125
Brent Oil,tscv_10,PatchTST+NLinear,PatchTST,NLinear,2024-09-02,72.91812857142857,81.04686737060547
Brent Oil,tscv_10,PatchTST+NLinear,PatchTST,NLinear,2024-09-09,71.21612857142857,78.51826477050781
Brent Oil,tscv_10,PatchTST+NLinear,PatchTST,NLinear,2024-09-16,74.13544285714285,73.78233337402344
Brent Oil,tscv_10,PatchTST+NLinear,PatchTST,NLinear,2024-09-23,72.62645714285715,72.16488647460938
Brent Oil,tscv_10,PatchTST+XGB,PatchTST,XGB,2024-07-08,85.184,85.93309783935547
Brent Oil,tscv_10,PatchTST+XGB,PatchTST,XGB,2024-07-15,84.28,87.6280517578125
Brent Oil,tscv_10,PatchTST+XGB,PatchTST,XGB,2024-07-22,81.724,87.70408630371094
Brent Oil,tscv_10,PatchTST+XGB,PatchTST,XGB,2024-07-29,78.41432857142857,84.44113159179688
Brent Oil,tscv_10,PatchTST+XGB,PatchTST,XGB,2024-08-05,78.48297142857143,84.06300354003906
Brent Oil,tscv_10,PatchTST+XGB,PatchTST,XGB,2024-08-12,80.38911428571429,81.35504150390625
Brent Oil,tscv_10,PatchTST+XGB,PatchTST,XGB,2024-08-19,77.96462857142856,82.49195861816406
Brent Oil,tscv_10,PatchTST+XGB,PatchTST,XGB,2024-08-26,78.09672857142857,80.11653900146484
Brent Oil,tscv_10,PatchTST+XGB,PatchTST,XGB,2024-09-02,72.91812857142857,82.33846282958984
Brent Oil,tscv_10,PatchTST+XGB,PatchTST,XGB,2024-09-09,71.21612857142857,79.762451171875
Brent Oil,tscv_10,PatchTST+XGB,PatchTST,XGB,2024-09-16,74.13544285714285,75.07024383544922
Brent Oil,tscv_10,PatchTST+XGB,PatchTST,XGB,2024-09-23,72.62645714285715,72.0436782836914
Brent Oil,tscv_10,PatchTST+LGBM,PatchTST,LGBM,2024-07-08,85.184,86.5765167769784
Brent Oil,tscv_10,PatchTST+LGBM,PatchTST,LGBM,2024-07-15,84.28,87.6448608188524
Brent Oil,tscv_10,PatchTST+LGBM,PatchTST,LGBM,2024-07-22,81.724,87.56281008503052
Brent Oil,tscv_10,PatchTST+LGBM,PatchTST,LGBM,2024-07-29,78.41432857142857,83.87277135480852
Brent Oil,tscv_10,PatchTST+LGBM,PatchTST,LGBM,2024-08-05,78.48297142857143,83.12862302711899
Brent Oil,tscv_10,PatchTST+LGBM,PatchTST,LGBM,2024-08-12,80.38911428571429,81.47563462644456
Brent Oil,tscv_10,PatchTST+LGBM,PatchTST,LGBM,2024-08-19,77.96462857142856,80.50211918004786
Brent Oil,tscv_10,PatchTST+LGBM,PatchTST,LGBM,2024-08-26,78.09672857142857,79.5380940993079
Brent Oil,tscv_10,PatchTST+LGBM,PatchTST,LGBM,2024-09-02,72.91812857142857,79.43830132896085
Brent Oil,tscv_10,PatchTST+LGBM,PatchTST,LGBM,2024-09-09,71.21612857142857,77.95215300833584
Brent Oil,tscv_10,PatchTST+LGBM,PatchTST,LGBM,2024-09-16,74.13544285714285,76.3257572273842
Brent Oil,tscv_10,PatchTST+LGBM,PatchTST,LGBM,2024-09-23,72.62645714285715,74.35328136604157
Brent Oil,tscv_11,PatchTST,PatchTST,-,2024-08-05,78.48297142857143,82.50502014160156
Brent Oil,tscv_11,PatchTST,PatchTST,-,2024-08-12,80.38911428571429,82.05259704589844
Brent Oil,tscv_11,PatchTST,PatchTST,-,2024-08-19,77.96462857142856,80.87039184570312
Brent Oil,tscv_11,PatchTST,PatchTST,-,2024-08-26,78.09672857142857,80.26586151123047
Brent Oil,tscv_11,PatchTST,PatchTST,-,2024-09-02,72.91812857142857,78.50678253173828
Brent Oil,tscv_11,PatchTST,PatchTST,-,2024-09-09,71.21612857142857,77.41555786132812
Brent Oil,tscv_11,PatchTST,PatchTST,-,2024-09-16,74.13544285714285,74.89664459228516
Brent Oil,tscv_11,PatchTST,PatchTST,-,2024-09-23,72.62645714285715,73.4436264038086
Brent Oil,tscv_11,PatchTST,PatchTST,-,2024-09-30,75.79288571428572,70.49758911132812
Brent Oil,tscv_11,PatchTST,PatchTST,-,2024-10-07,78.61448571428572,68.78874206542969
Brent Oil,tscv_11,PatchTST,PatchTST,-,2024-10-14,74.26461428571429,66.95159149169922
Brent Oil,tscv_11,PatchTST,PatchTST,-,2024-10-21,74.9179,66.03421020507812
Brent Oil,tscv_11,PatchTST+NLinear,PatchTST,NLinear,2024-08-05,78.48297142857143,79.54536437988281
Brent Oil,tscv_11,PatchTST+NLinear,PatchTST,NLinear,2024-08-12,80.38911428571429,76.45496368408203
Brent Oil,tscv_11,PatchTST+NLinear,PatchTST,NLinear,2024-08-19,77.96462857142856,76.0336685180664
Brent Oil,tscv_11,PatchTST+NLinear,PatchTST,NLinear,2024-08-26,78.09672857142857,77.95677185058594
Brent Oil,tscv_11,PatchTST+NLinear,PatchTST,NLinear,2024-09-02,72.91812857142857,74.34507751464844
Brent Oil,tscv_11,PatchTST+NLinear,PatchTST,NLinear,2024-09-09,71.21612857142857,74.85530853271484
Brent Oil,tscv_11,PatchTST+NLinear,PatchTST,NLinear,2024-09-16,74.13544285714285,67.95533752441406
Brent Oil,tscv_11,PatchTST+NLinear,PatchTST,NLinear,2024-09-23,72.62645714285715,66.0338134765625
Brent Oil,tscv_11,PatchTST+NLinear,PatchTST,NLinear,2024-09-30,75.79288571428572,66.68482971191406
Brent Oil,tscv_11,PatchTST+NLinear,PatchTST,NLinear,2024-10-07,78.61448571428572,63.887176513671875
Brent Oil,tscv_11,PatchTST+NLinear,PatchTST,NLinear,2024-10-14,74.26461428571429,65.58403778076172
Brent Oil,tscv_11,PatchTST+NLinear,PatchTST,NLinear,2024-10-21,74.9179,66.99765014648438
Brent Oil,tscv_11,PatchTST+XGB,PatchTST,XGB,2024-08-05,78.48297142857143,79.93534851074219
Brent Oil,tscv_11,PatchTST+XGB,PatchTST,XGB,2024-08-12,80.38911428571429,78.62419891357422
Brent Oil,tscv_11,PatchTST+XGB,PatchTST,XGB,2024-08-19,77.96462857142856,78.55679321289062
Brent Oil,tscv_11,PatchTST+XGB,PatchTST,XGB,2024-08-26,78.09672857142857,77.4341812133789
Brent Oil,tscv_11,PatchTST+XGB,PatchTST,XGB,2024-09-02,72.91812857142857,75.7198257446289
Brent Oil,tscv_11,PatchTST+XGB,PatchTST,XGB,2024-09-09,71.21612857142857,74.35702514648438
Brent Oil,tscv_11,PatchTST+XGB,PatchTST,XGB,2024-09-16,74.13544285714285,70.52729797363281
Brent Oil,tscv_11,PatchTST+XGB,PatchTST,XGB,2024-09-23,72.62645714285715,68.9564437866211
Brent Oil,tscv_11,PatchTST+XGB,PatchTST,XGB,2024-09-30,75.79288571428572,67.8442153930664
Brent Oil,tscv_11,PatchTST+XGB,PatchTST,XGB,2024-10-07,78.61448571428572,65.79419708251953
Brent Oil,tscv_11,PatchTST+XGB,PatchTST,XGB,2024-10-14,74.26461428571429,63.590850830078125
Brent Oil,tscv_11,PatchTST+XGB,PatchTST,XGB,2024-10-21,74.9179,66.24494171142578
Brent Oil,tscv_11,PatchTST+LGBM,PatchTST,LGBM,2024-08-05,78.48297142857143,79.05943395919788
Brent Oil,tscv_11,PatchTST+LGBM,PatchTST,LGBM,2024-08-12,80.38911428571429,77.45569200842912
Brent Oil,tscv_11,PatchTST+LGBM,PatchTST,LGBM,2024-08-19,77.96462857142856,77.02209741181541
Brent Oil,tscv_11,PatchTST+LGBM,PatchTST,LGBM,2024-08-26,78.09672857142857,77.09315335227548
Brent Oil,tscv_11,PatchTST+LGBM,PatchTST,LGBM,2024-09-02,72.91812857142857,74.63804387550364
Brent Oil,tscv_11,PatchTST+LGBM,PatchTST,LGBM,2024-09-09,71.21612857142857,73.55004480797875
Brent Oil,tscv_11,PatchTST+LGBM,PatchTST,LGBM,2024-09-16,74.13544285714285,69.83812662186406
Brent Oil,tscv_11,PatchTST+LGBM,PatchTST,LGBM,2024-09-23,72.62645714285715,68.33696536489956
Brent Oil,tscv_11,PatchTST+LGBM,PatchTST,LGBM,2024-09-30,75.79288571428572,67.57374100969867
Brent Oil,tscv_11,PatchTST+LGBM,PatchTST,LGBM,2024-10-07,78.61448571428572,65.88207478850137
Brent Oil,tscv_11,PatchTST+LGBM,PatchTST,LGBM,2024-10-14,74.26461428571429,63.06865301365492
Brent Oil,tscv_11,PatchTST+LGBM,PatchTST,LGBM,2024-10-21,74.9179,64.52895046769697
Brent Oil,tscv_12,PatchTST,PatchTST,-,2024-09-02,72.91812857142857,74.46248626708984
Brent Oil,tscv_12,PatchTST,PatchTST,-,2024-09-09,71.21612857142857,72.64816284179688
Brent Oil,tscv_12,PatchTST,PatchTST,-,2024-09-16,74.13544285714285,70.14765167236328
Brent Oil,tscv_12,PatchTST,PatchTST,-,2024-09-23,72.62645714285715,68.47238159179688
Brent Oil,tscv_12,PatchTST,PatchTST,-,2024-09-30,75.79288571428572,66.6452407836914
Brent Oil,tscv_12,PatchTST,PatchTST,-,2024-10-07,78.61448571428572,65.71269989013672
Brent Oil,tscv_12,PatchTST,PatchTST,-,2024-10-14,74.26461428571429,64.50967407226562
Brent Oil,tscv_12,PatchTST,PatchTST,-,2024-10-21,74.9179,64.38712310791016
Brent Oil,tscv_12,PatchTST,PatchTST,-,2024-10-28,72.14999999999999,63.968143463134766
Brent Oil,tscv_12,PatchTST,PatchTST,-,2024-11-04,74.63354285714286,64.36988067626953
Brent Oil,tscv_12,PatchTST,PatchTST,-,2024-11-11,71.7145,63.866188049316406
Brent Oil,tscv_12,PatchTST,PatchTST,-,2024-11-18,73.94105,64.49038696289062
Brent Oil,tscv_12,PatchTST+NLinear,PatchTST,NLinear,2024-09-02,72.91812857142857,72.00054931640625
Brent Oil,tscv_12,PatchTST+NLinear,PatchTST,NLinear,2024-09-09,71.21612857142857,70.96749114990234
Brent Oil,tscv_12,PatchTST+NLinear,PatchTST,NLinear,2024-09-16,74.13544285714285,65.6607666015625
Brent Oil,tscv_12,PatchTST+NLinear,PatchTST,NLinear,2024-09-23,72.62645714285715,64.93765258789062
Brent Oil,tscv_12,PatchTST+NLinear,PatchTST,NLinear,2024-09-30,75.79288571428572,64.54341125488281
Brent Oil,tscv_12,PatchTST+NLinear,PatchTST,NLinear,2024-10-07,78.61448571428572,62.78369140625
Brent Oil,tscv_12,PatchTST+NLinear,PatchTST,NLinear,2024-10-14,74.26461428571429,62.880332946777344
Brent Oil,tscv_12,PatchTST+NLinear,PatchTST,NLinear,2024-10-21,74.9179,63.43248748779297
Brent Oil,tscv_12,PatchTST+NLinear,PatchTST,NLinear,2024-10-28,72.14999999999999,62.62269973754883
Brent Oil,tscv_12,PatchTST+NLinear,PatchTST,NLinear,2024-11-04,74.63354285714286,62.990089416503906
Brent Oil,tscv_12,PatchTST+NLinear,PatchTST,NLinear,2024-11-11,71.7145,61.20851135253906
Brent Oil,tscv_12,PatchTST+NLinear,PatchTST,NLinear,2024-11-18,73.94105,62.53131103515625
Brent Oil,tscv_12,PatchTST+XGB,PatchTST,XGB,2024-09-02,72.91812857142857,74.87852478027344
Brent Oil,tscv_12,PatchTST+XGB,PatchTST,XGB,2024-09-09,71.21612857142857,73.63306427001953
Brent Oil,tscv_12,PatchTST+XGB,PatchTST,XGB,2024-09-16,74.13544285714285,66.39110565185547
Brent Oil,tscv_12,PatchTST+XGB,PatchTST,XGB,2024-09-23,72.62645714285715,64.6669921875
Brent Oil,tscv_12,PatchTST+XGB,PatchTST,XGB,2024-09-30,75.79288571428572,67.54535675048828
Brent Oil,tscv_12,PatchTST+XGB,PatchTST,XGB,2024-10-07,78.61448571428572,66.68255615234375
Brent Oil,tscv_12,PatchTST+XGB,PatchTST,XGB,2024-10-14,74.26461428571429,64.35296630859375
Brent Oil,tscv_12,PatchTST+XGB,PatchTST,XGB,2024-10-21,74.9179,67.0290298461914
Brent Oil,tscv_12,PatchTST+XGB,PatchTST,XGB,2024-10-28,72.14999999999999,62.7826042175293
Brent Oil,tscv_12,PatchTST+XGB,PatchTST,XGB,2024-11-04,74.63354285714286,65.7616195678711
Brent Oil,tscv_12,PatchTST+XGB,PatchTST,XGB,2024-11-11,71.7145,62.336517333984375
Brent Oil,tscv_12,PatchTST+XGB,PatchTST,XGB,2024-11-18,73.94105,66.2911605834961
Brent Oil,tscv_12,PatchTST+LGBM,PatchTST,LGBM,2024-09-02,72.91812857142857,76.17393536271844
Brent Oil,tscv_12,PatchTST+LGBM,PatchTST,LGBM,2024-09-09,71.21612857142857,73.85739727880674
Brent Oil,tscv_12,PatchTST+LGBM,PatchTST,LGBM,2024-09-16,74.13544285714285,67.5943894037318
Brent Oil,tscv_12,PatchTST+LGBM,PatchTST,LGBM,2024-09-23,72.62645714285715,65.04032285552566
Brent Oil,tscv_12,PatchTST+LGBM,PatchTST,LGBM,2024-09-30,75.79288571428572,68.3615425395207
Brent Oil,tscv_12,PatchTST+LGBM,PatchTST,LGBM,2024-10-07,78.61448571428572,67.98960210104767
Brent Oil,tscv_12,PatchTST+LGBM,PatchTST,LGBM,2024-10-14,74.26461428571429,64.96816354041621
Brent Oil,tscv_12,PatchTST+LGBM,PatchTST,LGBM,2024-10-21,74.9179,67.32338703989875
Brent Oil,tscv_12,PatchTST+LGBM,PatchTST,LGBM,2024-10-28,72.14999999999999,63.604516839455044
Brent Oil,tscv_12,PatchTST+LGBM,PatchTST,LGBM,2024-11-04,74.63354285714286,67.1924933997042
Brent Oil,tscv_12,PatchTST+LGBM,PatchTST,LGBM,2024-11-11,71.7145,62.06505997627356
Brent Oil,tscv_12,PatchTST+LGBM,PatchTST,LGBM,2024-11-18,73.94105,66.90622776100687
Brent Oil,tscv_13,PatchTST,PatchTST,-,2024-09-30,75.79288571428572,81.66352081298828
Brent Oil,tscv_13,PatchTST,PatchTST,-,2024-10-07,78.61448571428572,81.58856964111328
Brent Oil,tscv_13,PatchTST,PatchTST,-,2024-10-14,74.26461428571429,81.71488952636719
Brent Oil,tscv_13,PatchTST,PatchTST,-,2024-10-21,74.9179,81.740478515625
Brent Oil,tscv_13,PatchTST,PatchTST,-,2024-10-28,72.14999999999999,81.83097076416016
Brent Oil,tscv_13,PatchTST,PatchTST,-,2024-11-04,74.63354285714286,81.89936828613281
Brent Oil,tscv_13,PatchTST,PatchTST,-,2024-11-11,71.7145,82.03811645507812
Brent Oil,tscv_13,PatchTST,PatchTST,-,2024-11-18,73.94105,82.3877944946289
Brent Oil,tscv_13,PatchTST,PatchTST,-,2024-11-25,72.44594285714285,82.49066925048828
Brent Oil,tscv_13,PatchTST,PatchTST,-,2024-12-02,71.92588571428571,82.65122985839844
Brent Oil,tscv_13,PatchTST,PatchTST,-,2024-12-09,73.48958571428571,82.65987396240234
Brent Oil,tscv_13,PatchTST,PatchTST,-,2024-12-16,73.21955714285714,82.86167907714844
Brent Oil,tscv_13,PatchTST+NLinear,PatchTST,NLinear,2024-09-30,75.79288571428572,79.88951110839844
Brent Oil,tscv_13,PatchTST+NLinear,PatchTST,NLinear,2024-10-07,78.61448571428572,79.65800476074219
Brent Oil,tscv_13,PatchTST+NLinear,PatchTST,NLinear,2024-10-14,74.26461428571429,80.7513198852539
Brent Oil,tscv_13,PatchTST+NLinear,PatchTST,NLinear,2024-10-21,74.9179,80.30863952636719
Brent Oil,tscv_13,PatchTST+NLinear,PatchTST,NLinear,2024-10-28,72.14999999999999,79.26912689208984
Brent Oil,tscv_13,PatchTST+NLinear,PatchTST,NLinear,2024-11-04,74.63354285714286,80.8675765991211
Brent Oil,tscv_13,PatchTST+NLinear,PatchTST,NLinear,2024-11-11,71.7145,80.75386810302734
Brent Oil,tscv_13,PatchTST+NLinear,PatchTST,NLinear,2024-11-18,73.94105,79.3413314819336
Brent Oil,tscv_13,PatchTST+NLinear,PatchTST,NLinear,2024-11-25,72.44594285714285,78.43573760986328
Brent Oil,tscv_13,PatchTST+NLinear,PatchTST,NLinear,2024-12-02,71.92588571428571,80.01399230957031
Brent Oil,tscv_13,PatchTST+NLinear,PatchTST,NLinear,2024-12-09,73.48958571428571,78.67060852050781
Brent Oil,tscv_13,PatchTST+NLinear,PatchTST,NLinear,2024-12-16,73.21955714285714,78.74577331542969
Brent Oil,tscv_13,PatchTST+XGB,PatchTST,XGB,2024-09-30,75.79288571428572,76.58129119873047
Brent Oil,tscv_13,PatchTST+XGB,PatchTST,XGB,2024-10-07,78.61448571428572,75.50643920898438
Brent Oil,tscv_13,PatchTST+XGB,PatchTST,XGB,2024-10-14,74.26461428571429,77.10175323486328
Brent Oil,tscv_13,PatchTST+XGB,PatchTST,XGB,2024-10-21,74.9179,79.58686065673828
Brent Oil,tscv_13,PatchTST+XGB,PatchTST,XGB,2024-10-28,72.14999999999999,77.6617431640625
Brent Oil,tscv_13,PatchTST+XGB,PatchTST,XGB,2024-11-04,74.63354285714286,77.56067657470703
Brent Oil,tscv_13,PatchTST+XGB,PatchTST,XGB,2024-11-11,71.7145,78.76341247558594
Brent Oil,tscv_13,PatchTST+XGB,PatchTST,XGB,2024-11-18,73.94105,80.35403442382812
Brent Oil,tscv_13,PatchTST+XGB,PatchTST,XGB,2024-11-25,72.44594285714285,82.01734161376953
Brent Oil,tscv_13,PatchTST+XGB,PatchTST,XGB,2024-12-02,71.92588571428571,84.0888671875
Brent Oil,tscv_13,PatchTST+XGB,PatchTST,XGB,2024-12-09,73.48958571428571,83.05274200439453
Brent Oil,tscv_13,PatchTST+XGB,PatchTST,XGB,2024-12-16,73.21955714285714,83.96927642822266
Brent Oil,tscv_13,PatchTST+LGBM,PatchTST,LGBM,2024-09-30,75.79288571428572,76.34986368422386
Brent Oil,tscv_13,PatchTST+LGBM,PatchTST,LGBM,2024-10-07,78.61448571428572,75.81272388439746
Brent Oil,tscv_13,PatchTST+LGBM,PatchTST,LGBM,2024-10-14,74.26461428571429,79.1089732959838
Brent Oil,tscv_13,PatchTST+LGBM,PatchTST,LGBM,2024-10-21,74.9179,80.12841148674784
Brent Oil,tscv_13,PatchTST+LGBM,PatchTST,LGBM,2024-10-28,72.14999999999999,79.28624339072232
Brent Oil,tscv_13,PatchTST+LGBM,PatchTST,LGBM,2024-11-04,74.63354285714286,78.25337995358662
Brent Oil,tscv_13,PatchTST+LGBM,PatchTST,LGBM,2024-11-11,71.7145,79.39279052143625
Brent Oil,tscv_13,PatchTST+LGBM,PatchTST,LGBM,2024-11-18,73.94105,81.09249688349057
Brent Oil,tscv_13,PatchTST+LGBM,PatchTST,LGBM,2024-11-25,72.44594285714285,82.89113406073716
Brent Oil,tscv_13,PatchTST+LGBM,PatchTST,LGBM,2024-12-02,71.92588571428571,83.98691247910449
Brent Oil,tscv_13,PatchTST+LGBM,PatchTST,LGBM,2024-12-09,73.48958571428571,84.57991101548559
Brent Oil,tscv_13,PatchTST+LGBM,PatchTST,LGBM,2024-12-16,73.21955714285714,84.8112222677742
Brent Oil,tscv_14,PatchTST,PatchTST,-,2024-10-28,72.14999999999999,73.37784576416016
Brent Oil,tscv_14,PatchTST,PatchTST,-,2024-11-04,74.63354285714286,73.83521270751953
Brent Oil,tscv_14,PatchTST,PatchTST,-,2024-11-11,71.7145,73.181884765625
Brent Oil,tscv_14,PatchTST,PatchTST,-,2024-11-18,73.94105,74.04047393798828
Brent Oil,tscv_14,PatchTST,PatchTST,-,2024-11-25,72.44594285714285,73.2018051147461
Brent Oil,tscv_14,PatchTST,PatchTST,-,2024-12-02,71.92588571428571,74.07293701171875
Brent Oil,tscv_14,PatchTST,PatchTST,-,2024-12-09,73.48958571428571,73.0680160522461
Brent Oil,tscv_14,PatchTST,PatchTST,-,2024-12-16,73.21955714285714,73.47045135498047
Brent Oil,tscv_14,PatchTST,PatchTST,-,2024-12-23,73.4456857142857,72.40886688232422
Brent Oil,tscv_14,PatchTST,PatchTST,-,2024-12-30,75.35178333333333,72.72383880615234
Brent Oil,tscv_14,PatchTST,PatchTST,-,2025-01-06,77.89148333333334,71.82442474365234
Brent Oil,tscv_14,PatchTST,PatchTST,-,2025-01-13,80.95013333333334,72.3447036743164
Brent Oil,tscv_14,PatchTST+NLinear,PatchTST,NLinear,2024-10-28,72.14999999999999,69.47250366210938
Brent Oil,tscv_14,PatchTST+NLinear,PatchTST,NLinear,2024-11-04,74.63354285714286,69.85420989990234
Brent Oil,tscv_14,PatchTST+NLinear,PatchTST,NLinear,2024-11-11,71.7145,67.84004211425781
Brent Oil,tscv_14,PatchTST+NLinear,PatchTST,NLinear,2024-11-18,73.94105,69.39966583251953
Brent Oil,tscv_14,PatchTST+NLinear,PatchTST,NLinear,2024-11-25,72.44594285714285,68.01364135742188
Brent Oil,tscv_14,PatchTST+NLinear,PatchTST,NLinear,2024-12-02,71.92588571428571,69.56297302246094
Brent Oil,tscv_14,PatchTST+NLinear,PatchTST,NLinear,2024-12-09,73.48958571428571,69.26760864257812
Brent Oil,tscv_14,PatchTST+NLinear,PatchTST,NLinear,2024-12-16,73.21955714285714,69.3858642578125
Brent Oil,tscv_14,PatchTST+NLinear,PatchTST,NLinear,2024-12-23,73.4456857142857,69.1227798461914
Brent Oil,tscv_14,PatchTST+NLinear,PatchTST,NLinear,2024-12-30,75.35178333333333,69.23929595947266
Brent Oil,tscv_14,PatchTST+NLinear,PatchTST,NLinear,2025-01-06,77.89148333333334,68.53154754638672
Brent Oil,tscv_14,PatchTST+NLinear,PatchTST,NLinear,2025-01-13,80.95013333333334,68.93920135498047
Brent Oil,tscv_14,PatchTST+XGB,PatchTST,XGB,2024-10-28,72.14999999999999,72.56913757324219
Brent Oil,tscv_14,PatchTST+XGB,PatchTST,XGB,2024-11-04,74.63354285714286,73.962158203125
Brent Oil,tscv_14,PatchTST+XGB,PatchTST,XGB,2024-11-11,71.7145,72.27373504638672
Brent Oil,tscv_14,PatchTST+XGB,PatchTST,XGB,2024-11-18,73.94105,76.09326171875
Brent Oil,tscv_14,PatchTST+XGB,PatchTST,XGB,2024-11-25,72.44594285714285,75.69988250732422
Brent Oil,tscv_14,PatchTST+XGB,PatchTST,XGB,2024-12-02,71.92588571428571,77.70067596435547
Brent Oil,tscv_14,PatchTST+XGB,PatchTST,XGB,2024-12-09,73.48958571428571,75.1466064453125
Brent Oil,tscv_14,PatchTST+XGB,PatchTST,XGB,2024-12-16,73.21955714285714,73.52672576904297
Brent Oil,tscv_14,PatchTST+XGB,PatchTST,XGB,2024-12-23,73.4456857142857,75.01785278320312
Brent Oil,tscv_14,PatchTST+XGB,PatchTST,XGB,2024-12-30,75.35178333333333,75.56156158447266
Brent Oil,tscv_14,PatchTST+XGB,PatchTST,XGB,2025-01-06,77.89148333333334,74.39152526855469
Brent Oil,tscv_14,PatchTST+XGB,PatchTST,XGB,2025-01-13,80.95013333333334,74.06489562988281
Brent Oil,tscv_14,PatchTST+LGBM,PatchTST,LGBM,2024-10-28,72.14999999999999,73.6206835671329
Brent Oil,tscv_14,PatchTST+LGBM,PatchTST,LGBM,2024-11-04,74.63354285714286,73.09458237762983
Brent Oil,tscv_14,PatchTST+LGBM,PatchTST,LGBM,2024-11-11,71.7145,71.06964762255484
Brent Oil,tscv_14,PatchTST+LGBM,PatchTST,LGBM,2024-11-18,73.94105,74.82439171794378
Brent Oil,tscv_14,PatchTST+LGBM,PatchTST,LGBM,2024-11-25,72.44594285714285,74.64741256111816
Brent Oil,tscv_14,PatchTST+LGBM,PatchTST,LGBM,2024-12-02,71.92588571428571,75.06588236443288
Brent Oil,tscv_14,PatchTST+LGBM,PatchTST,LGBM,2024-12-09,73.48958571428571,74.40352241600668
Brent Oil,tscv_14,PatchTST+LGBM,PatchTST,LGBM,2024-12-16,73.21955714285714,72.00103793846924
Brent Oil,tscv_14,PatchTST+LGBM,PatchTST,LGBM,2024-12-23,73.4456857142857,71.95798626790588
Brent Oil,tscv_14,PatchTST+LGBM,PatchTST,LGBM,2024-12-30,75.35178333333333,73.68133129236037
Brent Oil,tscv_14,PatchTST+LGBM,PatchTST,LGBM,2025-01-06,77.89148333333334,72.80575464890607
Brent Oil,tscv_14,PatchTST+LGBM,PatchTST,LGBM,2025-01-13,80.95013333333334,72.547317558533
Brent Oil,tscv_15,PatchTST,PatchTST,-,2024-11-25,72.44594285714285,70.02245330810547
Brent Oil,tscv_15,PatchTST,PatchTST,-,2024-12-02,71.92588571428571,69.8853759765625
Brent Oil,tscv_15,PatchTST,PatchTST,-,2024-12-09,73.48958571428571,69.08136749267578
Brent Oil,tscv_15,PatchTST,PatchTST,-,2024-12-16,73.21955714285714,68.67552947998047
Brent Oil,tscv_15,PatchTST,PatchTST,-,2024-12-23,73.4456857142857,67.57064819335938
Brent Oil,tscv_15,PatchTST,PatchTST,-,2024-12-30,75.35178333333333,67.30742645263672
Brent Oil,tscv_15,PatchTST,PatchTST,-,2025-01-06,77.89148333333334,66.29520416259766
Brent Oil,tscv_15,PatchTST,PatchTST,-,2025-01-13,80.95013333333334,66.40248107910156
Brent Oil,tscv_15,PatchTST,PatchTST,-,2025-01-20,78.79235,65.71135711669922
Brent Oil,tscv_15,PatchTST,PatchTST,-,2025-01-27,76.10587142857142,66.32186126708984
Brent Oil,tscv_15,PatchTST,PatchTST,-,2025-02-03,75.14843333333333,65.49322509765625
Brent Oil,tscv_15,PatchTST,PatchTST,-,2025-02-10,75.43816666666667,66.30426788330078
Brent Oil,tscv_15,PatchTST+NLinear,PatchTST,NLinear,2024-11-25,72.44594285714285,68.20230102539062
Brent Oil,tscv_15,PatchTST+NLinear,PatchTST,NLinear,2024-12-02,71.92588571428571,69.913330078125
Brent Oil,tscv_15,PatchTST+NLinear,PatchTST,NLinear,2024-12-09,73.48958571428571,68.87975311279297
Brent Oil,tscv_15,PatchTST+NLinear,PatchTST,NLinear,2024-12-16,73.21955714285714,68.53670501708984
Brent Oil,tscv_15,PatchTST+NLinear,PatchTST,NLinear,2024-12-23,73.4456857142857,67.63114166259766
Brent Oil,tscv_15,PatchTST+NLinear,PatchTST,NLinear,2024-12-30,75.35178333333333,66.97245788574219
Brent Oil,tscv_15,PatchTST+NLinear,PatchTST,NLinear,2025-01-06,77.89148333333334,65.47785949707031
Brent Oil,tscv_15,PatchTST+NLinear,PatchTST,NLinear,2025-01-13,80.95013333333334,66.3801498413086
Brent Oil,tscv_15,PatchTST+NLinear,PatchTST,NLinear,2025-01-20,78.79235,66.89292907714844
Brent Oil,tscv_15,PatchTST+NLinear,PatchTST,NLinear,2025-01-27,76.10587142857142,69.26911926269531
Brent Oil,tscv_15,PatchTST+NLinear,PatchTST,NLinear,2025-02-03,75.14843333333333,66.93904113769531
Brent Oil,tscv_15,PatchTST+NLinear,PatchTST,NLinear,2025-02-10,75.43816666666667,65.0077133178711
Brent Oil,tscv_15,PatchTST+XGB,PatchTST,XGB,2024-11-25,72.44594285714285,72.23439025878906
Brent Oil,tscv_15,PatchTST+XGB,PatchTST,XGB,2024-12-02,71.92588571428571,74.26499938964844
Brent Oil,tscv_15,PatchTST+XGB,PatchTST,XGB,2024-12-09,73.48958571428571,70.72125244140625
Brent Oil,tscv_15,PatchTST+XGB,PatchTST,XGB,2024-12-16,73.21955714285714,68.1220932006836
Brent Oil,tscv_15,PatchTST+XGB,PatchTST,XGB,2024-12-23,73.4456857142857,69.8210220336914
Brent Oil,tscv_15,PatchTST+XGB,PatchTST,XGB,2024-12-30,75.35178333333333,69.98857116699219
Brent Oil,tscv_15,PatchTST+XGB,PatchTST,XGB,2025-01-06,77.89148333333334,69.3125
Brent Oil,tscv_15,PatchTST+XGB,PatchTST,XGB,2025-01-13,80.95013333333334,71.55939483642578
Brent Oil,tscv_15,PatchTST+XGB,PatchTST,XGB,2025-01-20,78.79235,71.43216705322266
Brent Oil,tscv_15,PatchTST+XGB,PatchTST,XGB,2025-01-27,76.10587142857142,71.17976379394531
Brent Oil,tscv_15,PatchTST+XGB,PatchTST,XGB,2025-02-03,75.14843333333333,70.39549255371094
Brent Oil,tscv_15,PatchTST+XGB,PatchTST,XGB,2025-02-10,75.43816666666667,71.12841033935547
Brent Oil,tscv_15,PatchTST+LGBM,PatchTST,LGBM,2024-11-25,72.44594285714285,72.51044052191135
Brent Oil,tscv_15,PatchTST+LGBM,PatchTST,LGBM,2024-12-02,71.92588571428571,72.03637264545667
Brent Oil,tscv_15,PatchTST+LGBM,PatchTST,LGBM,2024-12-09,73.48958571428571,71.0487826928161
Brent Oil,tscv_15,PatchTST+LGBM,PatchTST,LGBM,2024-12-16,73.21955714285714,68.77084742467343
Brent Oil,tscv_15,PatchTST+LGBM,PatchTST,LGBM,2024-12-23,73.4456857142857,69.82385080039586
Brent Oil,tscv_15,PatchTST+LGBM,PatchTST,LGBM,2024-12-30,75.35178333333333,69.8758144778005
Brent Oil,tscv_15,PatchTST+LGBM,PatchTST,LGBM,2025-01-06,77.89148333333334,69.06486295791134
Brent Oil,tscv_15,PatchTST+LGBM,PatchTST,LGBM,2025-01-13,80.95013333333334,70.79429700949504
Brent Oil,tscv_15,PatchTST+LGBM,PatchTST,LGBM,2025-01-20,78.79235,71.78198107466518
Brent Oil,tscv_15,PatchTST+LGBM,PatchTST,LGBM,2025-01-27,76.10587142857142,73.08960724867944
Brent Oil,tscv_15,PatchTST+LGBM,PatchTST,LGBM,2025-02-03,75.14843333333333,71.23979491710593
Brent Oil,tscv_15,PatchTST+LGBM,PatchTST,LGBM,2025-02-10,75.43816666666667,72.1905300846964
Brent Oil,tscv_16,PatchTST,PatchTST,-,2024-12-23,73.4456857142857,66.85453033447266
Brent Oil,tscv_16,PatchTST,PatchTST,-,2024-12-30,75.35178333333333,66.48568725585938
Brent Oil,tscv_16,PatchTST,PatchTST,-,2025-01-06,77.89148333333334,65.93013763427734
Brent Oil,tscv_16,PatchTST,PatchTST,-,2025-01-13,80.95013333333334,66.32542419433594
Brent Oil,tscv_16,PatchTST,PatchTST,-,2025-01-20,78.79235,66.13243865966797
Brent Oil,tscv_16,PatchTST,PatchTST,-,2025-01-27,76.10587142857142,66.99575805664062
Brent Oil,tscv_16,PatchTST,PatchTST,-,2025-02-03,75.14843333333333,66.65293884277344
Brent Oil,tscv_16,PatchTST,PatchTST,-,2025-02-10,75.43816666666667,67.93688201904297
Brent Oil,tscv_16,PatchTST,PatchTST,-,2025-02-17,75.40466666666667,68.00961303710938
Brent Oil,tscv_16,PatchTST,PatchTST,-,2025-02-24,73.146,69.8753662109375
Brent Oil,tscv_16,PatchTST,PatchTST,-,2025-03-03,70.356,69.8780288696289
Brent Oil,tscv_16,PatchTST,PatchTST,-,2025-03-10,70.26238571428571,71.8373794555664
Brent Oil,tscv_16,PatchTST+NLinear,PatchTST,NLinear,2024-12-23,73.4456857142857,71.32197570800781
Brent Oil,tscv_16,PatchTST+NLinear,PatchTST,NLinear,2024-12-30,75.35178333333333,70.46234130859375
Brent Oil,tscv_16,PatchTST+NLinear,PatchTST,NLinear,2025-01-06,77.89148333333334,69.98707580566406
Brent Oil,tscv_16,PatchTST+NLinear,PatchTST,NLinear,2025-01-13,80.95013333333334,71.02649688720703
Brent Oil,tscv_16,PatchTST+NLinear,PatchTST,NLinear,2025-01-20,78.79235,72.25959777832031
Brent Oil,tscv_16,PatchTST+NLinear,PatchTST,NLinear,2025-01-27,76.10587142857142,73.25239562988281
Brent Oil,tscv_16,PatchTST+NLinear,PatchTST,NLinear,2025-02-03,75.14843333333333,72.01607513427734
Brent Oil,tscv_16,PatchTST+NLinear,PatchTST,NLinear,2025-02-10,75.43816666666667,70.75042724609375
Brent Oil,tscv_16,PatchTST+NLinear,PatchTST,NLinear,2025-02-17,75.40466666666667,70.08087158203125
Brent Oil,tscv_16,PatchTST+NLinear,PatchTST,NLinear,2025-02-24,73.146,71.54549407958984
Brent Oil,tscv_16,PatchTST+NLinear,PatchTST,NLinear,2025-03-03,70.356,71.97893524169922
Brent Oil,tscv_16,PatchTST+NLinear,PatchTST,NLinear,2025-03-10,70.26238571428571,72.72245788574219
Brent Oil,tscv_16,PatchTST+XGB,PatchTST,XGB,2024-12-23,73.4456857142857,70.79413604736328
Brent Oil,tscv_16,PatchTST+XGB,PatchTST,XGB,2024-12-30,75.35178333333333,71.1100082397461
Brent Oil,tscv_16,PatchTST+XGB,PatchTST,XGB,2025-01-06,77.89148333333334,69.73206329345703
Brent Oil,tscv_16,PatchTST+XGB,PatchTST,XGB,2025-01-13,80.95013333333334,70.50585174560547
Brent Oil,tscv_16,PatchTST+XGB,PatchTST,XGB,2025-01-20,78.79235,69.99999237060547
Brent Oil,tscv_16,PatchTST+XGB,PatchTST,XGB,2025-01-27,76.10587142857142,71.19391632080078
Brent Oil,tscv_16,PatchTST+XGB,PatchTST,XGB,2025-02-03,75.14843333333333,69.87588500976562
Brent Oil,tscv_16,PatchTST+XGB,PatchTST,XGB,2025-02-10,75.43816666666667,71.09468841552734
Brent Oil,tscv_16,PatchTST+XGB,PatchTST,XGB,2025-02-17,75.40466666666667,70.56830596923828
Brent Oil,tscv_16,PatchTST+XGB,PatchTST,XGB,2025-02-24,73.146,73.661376953125
Brent Oil,tscv_16,PatchTST+XGB,PatchTST,XGB,2025-03-03,70.356,71.93981170654297
Brent Oil,tscv_16,PatchTST+XGB,PatchTST,XGB,2025-03-10,70.26238571428571,73.94329833984375
Brent Oil,tscv_16,PatchTST+LGBM,PatchTST,LGBM,2024-12-23,73.4456857142857,70.9810956654573
Brent Oil,tscv_16,PatchTST+LGBM,PatchTST,LGBM,2024-12-30,75.35178333333333,70.06482639450951
Brent Oil,tscv_16,PatchTST+LGBM,PatchTST,LGBM,2025-01-06,77.89148333333334,69.91153166701002
Brent Oil,tscv_16,PatchTST+LGBM,PatchTST,LGBM,2025-01-13,80.95013333333334,70.89087323533342
Brent Oil,tscv_16,PatchTST+LGBM,PatchTST,LGBM,2025-01-20,78.79235,70.5461293429822
Brent Oil,tscv_16,PatchTST+LGBM,PatchTST,LGBM,2025-01-27,76.10587142857142,71.17874829279977
Brent Oil,tscv_16,PatchTST+LGBM,PatchTST,LGBM,2025-02-03,75.14843333333333,70.48129597644242
Brent Oil,tscv_16,PatchTST+LGBM,PatchTST,LGBM,2025-02-10,75.43816666666667,71.46297080839348
Brent Oil,tscv_16,PatchTST+LGBM,PatchTST,LGBM,2025-02-17,75.40466666666667,72.15518461371816
Brent Oil,tscv_16,PatchTST+LGBM,PatchTST,LGBM,2025-02-24,73.146,73.46017002143924
Brent Oil,tscv_16,PatchTST+LGBM,PatchTST,LGBM,2025-03-03,70.356,73.6178948181572
Brent Oil,tscv_16,PatchTST+LGBM,PatchTST,LGBM,2025-03-10,70.26238571428571,74.89492669595961
Brent Oil,tscv_17,PatchTST,PatchTST,-,2025-01-20,78.79235,72.27503204345703
Brent Oil,tscv_17,PatchTST,PatchTST,-,2025-01-27,76.10587142857142,72.44015502929688
Brent Oil,tscv_17,PatchTST,PatchTST,-,2025-02-03,75.14843333333333,71.7853775024414
Brent Oil,tscv_17,PatchTST,PatchTST,-,2025-02-10,75.43816666666667,71.93556213378906
Brent Oil,tscv_17,PatchTST,PatchTST,-,2025-02-17,75.40466666666667,71.72816467285156
Brent Oil,tscv_17,PatchTST,PatchTST,-,2025-02-24,73.146,72.29049682617188
Brent Oil,tscv_17,PatchTST,PatchTST,-,2025-03-03,70.356,71.37010192871094
Brent Oil,tscv_17,PatchTST,PatchTST,-,2025-03-10,70.26238571428571,71.47437286376953
Brent Oil,tscv_17,PatchTST,PatchTST,-,2025-03-17,71.52252857142857,70.22681427001953
Brent Oil,tscv_17,PatchTST,PatchTST,-,2025-03-24,73.04027142857143,70.08102416992188
Brent Oil,tscv_17,PatchTST,PatchTST,-,2025-03-31,69.90252857142858,69.1959228515625
Brent Oil,tscv_17,PatchTST,PatchTST,-,2025-04-07,64.27491428571429,69.59967803955078
Brent Oil,tscv_17,PatchTST+NLinear,PatchTST,NLinear,2025-01-20,78.79235,74.25767517089844
Brent Oil,tscv_17,PatchTST+NLinear,PatchTST,NLinear,2025-01-27,76.10587142857142,74.95380401611328
Brent Oil,tscv_17,PatchTST+NLinear,PatchTST,NLinear,2025-02-03,75.14843333333333,73.23554229736328
Brent Oil,tscv_17,PatchTST+NLinear,PatchTST,NLinear,2025-02-10,75.43816666666667,72.646728515625
Brent Oil,tscv_17,PatchTST+NLinear,PatchTST,NLinear,2025-02-17,75.40466666666667,72.05529022216797
Brent Oil,tscv_17,PatchTST+NLinear,PatchTST,NLinear,2025-02-24,73.146,72.87471008300781
Brent Oil,tscv_17,PatchTST+NLinear,PatchTST,NLinear,2025-03-03,70.356,72.2648696899414
Brent Oil,tscv_17,PatchTST+NLinear,PatchTST,NLinear,2025-03-10,70.26238571428571,71.6322250366211
Brent Oil,tscv_17,PatchTST+NLinear,PatchTST,NLinear,2025-03-17,71.52252857142857,70.18962097167969
Brent Oil,tscv_17,PatchTST+NLinear,PatchTST,NLinear,2025-03-24,73.04027142857143,70.2984848022461
Brent Oil,tscv_17,PatchTST+NLinear,PatchTST,NLinear,2025-03-31,69.90252857142858,70.06688690185547
Brent Oil,tscv_17,PatchTST+NLinear,PatchTST,NLinear,2025-04-07,64.27491428571429,70.9424057006836
Brent Oil,tscv_17,PatchTST+XGB,PatchTST,XGB,2025-01-20,78.79235,76.91524505615234
Brent Oil,tscv_17,PatchTST+XGB,PatchTST,XGB,2025-01-27,76.10587142857142,76.67838287353516
Brent Oil,tscv_17,PatchTST+XGB,PatchTST,XGB,2025-02-03,75.14843333333333,73.45091247558594
Brent Oil,tscv_17,PatchTST+XGB,PatchTST,XGB,2025-02-10,75.43816666666667,74.59964752197266
Brent Oil,tscv_17,PatchTST+XGB,PatchTST,XGB,2025-02-17,75.40466666666667,72.67186737060547
Brent Oil,tscv_17,PatchTST+XGB,PatchTST,XGB,2025-02-24,73.146,73.59715270996094
Brent Oil,tscv_17,PatchTST+XGB,PatchTST,XGB,2025-03-03,70.356,72.77814483642578
Brent Oil,tscv_17,PatchTST+XGB,PatchTST,XGB,2025-03-10,70.26238571428571,73.28790283203125
Brent Oil,tscv_17,PatchTST+XGB,PatchTST,XGB,2025-03-17,71.52252857142857,71.90299987792969
Brent Oil,tscv_17,PatchTST+XGB,PatchTST,XGB,2025-03-24,73.04027142857143,72.62540435791016
Brent Oil,tscv_17,PatchTST+XGB,PatchTST,XGB,2025-03-31,69.90252857142858,71.53307342529297
Brent Oil,tscv_17,PatchTST+XGB,PatchTST,XGB,2025-04-07,64.27491428571429,71.48084259033203
Brent Oil,tscv_17,PatchTST+LGBM,PatchTST,LGBM,2025-01-20,78.79235,77.85833137238086
Brent Oil,tscv_17,PatchTST+LGBM,PatchTST,LGBM,2025-01-27,76.10587142857142,76.50563170432062
Brent Oil,tscv_17,PatchTST+LGBM,PatchTST,LGBM,2025-02-03,75.14843333333333,73.12697811066143
Brent Oil,tscv_17,PatchTST+LGBM,PatchTST,LGBM,2025-02-10,75.43816666666667,72.97754221295892
Brent Oil,tscv_17,PatchTST+LGBM,PatchTST,LGBM,2025-02-17,75.40466666666667,74.07655638256558
Brent Oil,tscv_17,PatchTST+LGBM,PatchTST,LGBM,2025-02-24,73.146,76.74128207095667
Brent Oil,tscv_17,PatchTST+LGBM,PatchTST,LGBM,2025-03-03,70.356,75.56293376141458
Brent Oil,tscv_17,PatchTST+LGBM,PatchTST,LGBM,2025-03-10,70.26238571428571,75.08248816089704
Brent Oil,tscv_17,PatchTST+LGBM,PatchTST,LGBM,2025-03-17,71.52252857142857,73.66030313190409
Brent Oil,tscv_17,PatchTST+LGBM,PatchTST,LGBM,2025-03-24,73.04027142857143,75.02563527525437
Brent Oil,tscv_17,PatchTST+LGBM,PatchTST,LGBM,2025-03-31,69.90252857142858,74.04740825065582
Brent Oil,tscv_17,PatchTST+LGBM,PatchTST,LGBM,2025-04-07,64.27491428571429,74.2241948218118
Brent Oil,tscv_18,PatchTST,PatchTST,-,2025-02-17,75.40466666666667,73.49098205566406
Brent Oil,tscv_18,PatchTST,PatchTST,-,2025-02-24,73.146,75.0997543334961
Brent Oil,tscv_18,PatchTST,PatchTST,-,2025-03-03,70.356,74.21956634521484
Brent Oil,tscv_18,PatchTST,PatchTST,-,2025-03-10,70.26238571428571,75.8728256225586
Brent Oil,tscv_18,PatchTST,PatchTST,-,2025-03-17,71.52252857142857,73.98963928222656
Brent Oil,tscv_18,PatchTST,PatchTST,-,2025-03-24,73.04027142857143,75.42044830322266
Brent Oil,tscv_18,PatchTST,PatchTST,-,2025-03-31,69.90252857142858,73.72492980957031
Brent Oil,tscv_18,PatchTST,PatchTST,-,2025-04-07,64.27491428571429,75.21513366699219
Brent Oil,tscv_18,PatchTST,PatchTST,-,2025-04-14,66.60935714285714,73.51557922363281
Brent Oil,tscv_18,PatchTST,PatchTST,-,2025-04-21,66.57654285714285,73.83545684814453
Brent Oil,tscv_18,PatchTST,PatchTST,-,2025-04-28,61.81767142857143,72.37601470947266
Brent Oil,tscv_18,PatchTST,PatchTST,-,2025-05-05,62.62345714285714,72.19383239746094
Brent Oil,tscv_18,PatchTST+NLinear,PatchTST,NLinear,2025-02-17,75.40466666666667,71.75564575195312
Brent Oil,tscv_18,PatchTST+NLinear,PatchTST,NLinear,2025-02-24,73.146,73.1694564819336
Brent Oil,tscv_18,PatchTST+NLinear,PatchTST,NLinear,2025-03-03,70.356,71.96675872802734
Brent Oil,tscv_18,PatchTST+NLinear,PatchTST,NLinear,2025-03-10,70.26238571428571,72.80254364013672
Brent Oil,tscv_18,PatchTST+NLinear,PatchTST,NLinear,2025-03-17,71.52252857142857,69.76720428466797
Brent Oil,tscv_18,PatchTST+NLinear,PatchTST,NLinear,2025-03-24,73.04027142857143,71.3022232055664
Brent Oil,tscv_18,PatchTST+NLinear,PatchTST,NLinear,2025-03-31,69.90252857142858,70.72844696044922
Brent Oil,tscv_18,PatchTST+NLinear,PatchTST,NLinear,2025-04-07,64.27491428571429,73.45697021484375
Brent Oil,tscv_18,PatchTST+NLinear,PatchTST,NLinear,2025-04-14,66.60935714285714,70.31632995605469
Brent Oil,tscv_18,PatchTST+NLinear,PatchTST,NLinear,2025-04-21,66.57654285714285,67.6131362915039
Brent Oil,tscv_18,PatchTST+NLinear,PatchTST,NLinear,2025-04-28,61.81767142857143,68.1004867553711
Brent Oil,tscv_18,PatchTST+NLinear,PatchTST,NLinear,2025-05-05,62.62345714285714,68.24322509765625
Brent Oil,tscv_18,PatchTST+XGB,PatchTST,XGB,2025-02-17,75.40466666666667,75.76736450195312
Brent Oil,tscv_18,PatchTST+XGB,PatchTST,XGB,2025-02-24,73.146,76.68341064453125
Brent Oil,tscv_18,PatchTST+XGB,PatchTST,XGB,2025-03-03,70.356,76.34537506103516
Brent Oil,tscv_18,PatchTST+XGB,PatchTST,XGB,2025-03-10,70.26238571428571,76.65016174316406
Brent Oil,tscv_18,PatchTST+XGB,PatchTST,XGB,2025-03-17,71.52252857142857,75.33039093017578
Brent Oil,tscv_18,PatchTST+XGB,PatchTST,XGB,2025-03-24,73.04027142857143,76.67369079589844
Brent Oil,tscv_18,PatchTST+XGB,PatchTST,XGB,2025-03-31,69.90252857142858,74.4125747680664
Brent Oil,tscv_18,PatchTST+XGB,PatchTST,XGB,2025-04-07,64.27491428571429,75.0411148071289
Brent Oil,tscv_18,PatchTST+XGB,PatchTST,XGB,2025-04-14,66.60935714285714,74.33736419677734
Brent Oil,tscv_18,PatchTST+XGB,PatchTST,XGB,2025-04-21,66.57654285714285,65.90168762207031
Brent Oil,tscv_18,PatchTST+XGB,PatchTST,XGB,2025-04-28,61.81767142857143,71.45293426513672
Brent Oil,tscv_18,PatchTST+XGB,PatchTST,XGB,2025-05-05,62.62345714285714,70.94544982910156
Brent Oil,tscv_18,PatchTST+LGBM,PatchTST,LGBM,2025-02-17,75.40466666666667,75.9474908749494
Brent Oil,tscv_18,PatchTST+LGBM,PatchTST,LGBM,2025-02-24,73.146,76.57302627481823
Brent Oil,tscv_18,PatchTST+LGBM,PatchTST,LGBM,2025-03-03,70.356,76.8716816380869
Brent Oil,tscv_18,PatchTST+LGBM,PatchTST,LGBM,2025-03-10,70.26238571428571,76.79880661288661
Brent Oil,tscv_18,PatchTST+LGBM,PatchTST,LGBM,2025-03-17,71.52252857142857,75.02193977773929
Brent Oil,tscv_18,PatchTST+LGBM,PatchTST,LGBM,2025-03-24,73.04027142857143,76.53582017947575
Brent Oil,tscv_18,PatchTST+LGBM,PatchTST,LGBM,2025-03-31,69.90252857142858,74.35398249850981
Brent Oil,tscv_18,PatchTST+LGBM,PatchTST,LGBM,2025-04-07,64.27491428571429,75.042576820819
Brent Oil,tscv_18,PatchTST+LGBM,PatchTST,LGBM,2025-04-14,66.60935714285714,73.09313813294499
Brent Oil,tscv_18,PatchTST+LGBM,PatchTST,LGBM,2025-04-21,66.57654285714285,69.54552286123638
Brent Oil,tscv_18,PatchTST+LGBM,PatchTST,LGBM,2025-04-28,61.81767142857143,73.10714325120281
Brent Oil,tscv_18,PatchTST+LGBM,PatchTST,LGBM,2025-05-05,62.62345714285714,73.79263191658804
Brent Oil,tscv_19,PatchTST,PatchTST,-,2025-03-17,71.52252857142857,76.71309661865234
Brent Oil,tscv_19,PatchTST,PatchTST,-,2025-03-24,73.04027142857143,76.82333374023438
Brent Oil,tscv_19,PatchTST,PatchTST,-,2025-03-31,69.90252857142858,76.59449768066406
Brent Oil,tscv_19,PatchTST,PatchTST,-,2025-04-07,64.27491428571429,76.67465209960938
Brent Oil,tscv_19,PatchTST,PatchTST,-,2025-04-14,66.60935714285714,76.34669494628906
Brent Oil,tscv_19,PatchTST,PatchTST,-,2025-04-21,66.57654285714285,75.96549987792969
Brent Oil,tscv_19,PatchTST,PatchTST,-,2025-04-28,61.81767142857143,75.53425598144531
Brent Oil,tscv_19,PatchTST,PatchTST,-,2025-05-05,62.62345714285714,75.14520263671875
Brent Oil,tscv_19,PatchTST,PatchTST,-,2025-05-12,65.50987142857143,74.57572174072266
Brent Oil,tscv_19,PatchTST,PatchTST,-,2025-05-19,65.00295714285714,74.18616485595703
Brent Oil,tscv_19,PatchTST,PatchTST,-,2025-05-26,63.65324285714286,73.75740051269531
Brent Oil,tscv_19,PatchTST,PatchTST,-,2025-06-02,65.69291428571428,73.41136169433594
Brent Oil,tscv_19,PatchTST+NLinear,PatchTST,NLinear,2025-03-17,71.52252857142857,71.9261474609375
Brent Oil,tscv_19,PatchTST+NLinear,PatchTST,NLinear,2025-03-24,73.04027142857143,71.86538696289062
Brent Oil,tscv_19,PatchTST+NLinear,PatchTST,NLinear,2025-03-31,69.90252857142858,73.24757385253906
Brent Oil,tscv_19,PatchTST+NLinear,PatchTST,NLinear,2025-04-07,64.27491428571429,73.88090515136719
Brent Oil,tscv_19,PatchTST+NLinear,PatchTST,NLinear,2025-04-14,66.60935714285714,71.37196350097656
Brent Oil,tscv_19,PatchTST+NLinear,PatchTST,NLinear,2025-04-21,66.57654285714285,68.60578155517578
Brent Oil,tscv_19,PatchTST+NLinear,PatchTST,NLinear,2025-04-28,61.81767142857143,69.98575592041016
Brent Oil,tscv_19,PatchTST+NLinear,PatchTST,NLinear,2025-05-05,62.62345714285714,70.04258728027344
Brent Oil,tscv_19,PatchTST+NLinear,PatchTST,NLinear,2025-05-12,65.50987142857143,68.39984130859375
Brent Oil,tscv_19,PatchTST+NLinear,PatchTST,NLinear,2025-05-19,65.00295714285714,69.07054138183594
Brent Oil,tscv_19,PatchTST+NLinear,PatchTST,NLinear,2025-05-26,63.65324285714286,70.43994903564453
Brent Oil,tscv_19,PatchTST+NLinear,PatchTST,NLinear,2025-06-02,65.69291428571428,69.81765747070312
Brent Oil,tscv_19,PatchTST+XGB,PatchTST,XGB,2025-03-17,71.52252857142857,72.2226333618164
Brent Oil,tscv_19,PatchTST+XGB,PatchTST,XGB,2025-03-24,73.04027142857143,72.88729095458984
Brent Oil,tscv_19,PatchTST+XGB,PatchTST,XGB,2025-03-31,69.90252857142858,73.43325805664062
Brent Oil,tscv_19,PatchTST+XGB,PatchTST,XGB,2025-04-07,64.27491428571429,72.32239532470703
Brent Oil,tscv_19,PatchTST+XGB,PatchTST,XGB,2025-04-14,66.60935714285714,74.73077392578125
Brent Oil,tscv_19,PatchTST+XGB,PatchTST,XGB,2025-04-21,66.57654285714285,61.82014465332031
Brent Oil,tscv_19,PatchTST+XGB,PatchTST,XGB,2025-04-28,61.81767142857143,70.5893783569336
Brent Oil,tscv_19,PatchTST+XGB,PatchTST,XGB,2025-05-05,62.62345714285714,70.61614227294922
Brent Oil,tscv_19,PatchTST+XGB,PatchTST,XGB,2025-05-12,65.50987142857143,69.64781188964844
Brent Oil,tscv_19,PatchTST+XGB,PatchTST,XGB,2025-05-19,65.00295714285714,69.57343292236328
Brent Oil,tscv_19,PatchTST+XGB,PatchTST,XGB,2025-05-26,63.65324285714286,70.7735366821289
Brent Oil,tscv_19,PatchTST+XGB,PatchTST,XGB,2025-06-02,65.69291428571428,68.9549789428711
Brent Oil,tscv_19,PatchTST+LGBM,PatchTST,LGBM,2025-03-17,71.52252857142857,72.27195907796221
Brent Oil,tscv_19,PatchTST+LGBM,PatchTST,LGBM,2025-03-24,73.04027142857143,73.0956276385434
Brent Oil,tscv_19,PatchTST+LGBM,PatchTST,LGBM,2025-03-31,69.90252857142858,73.63309883339288
Brent Oil,tscv_19,PatchTST+LGBM,PatchTST,LGBM,2025-04-07,64.27491428571429,72.99536771750384
Brent Oil,tscv_19,PatchTST+LGBM,PatchTST,LGBM,2025-04-14,66.60935714285714,73.01882681831653
Brent Oil,tscv_19,PatchTST+LGBM,PatchTST,LGBM,2025-04-21,66.57654285714285,70.07779285786177
Brent Oil,tscv_19,PatchTST+LGBM,PatchTST,LGBM,2025-04-28,61.81767142857143,72.15064748704602
Brent Oil,tscv_19,PatchTST+LGBM,PatchTST,LGBM,2025-05-05,62.62345714285714,73.62645679584175
Brent Oil,tscv_19,PatchTST+LGBM,PatchTST,LGBM,2025-05-12,65.50987142857143,71.98727169749317
Brent Oil,tscv_19,PatchTST+LGBM,PatchTST,LGBM,2025-05-19,65.00295714285714,71.64639891266292
Brent Oil,tscv_19,PatchTST+LGBM,PatchTST,LGBM,2025-05-26,63.65324285714286,70.40405372760738
Brent Oil,tscv_19,PatchTST+LGBM,PatchTST,LGBM,2025-06-02,65.69291428571428,69.69791685227437
Brent Oil,tscv_20,PatchTST,PatchTST,-,2025-04-14,66.60935714285714,69.21401977539062
Brent Oil,tscv_20,PatchTST,PatchTST,-,2025-04-21,66.57654285714285,68.33980560302734
Brent Oil,tscv_20,PatchTST,PatchTST,-,2025-04-28,61.81767142857143,68.00826263427734
Brent Oil,tscv_20,PatchTST,PatchTST,-,2025-05-05,62.62345714285714,67.52165985107422
Brent Oil,tscv_20,PatchTST,PatchTST,-,2025-05-12,65.50987142857143,67.02313995361328
Brent Oil,tscv_20,PatchTST,PatchTST,-,2025-05-19,65.00295714285714,66.52734375
Brent Oil,tscv_20,PatchTST,PatchTST,-,2025-05-26,63.65324285714286,66.27722930908203
Brent Oil,tscv_20,PatchTST,PatchTST,-,2025-06-02,65.69291428571428,65.7589111328125
Brent Oil,tscv_20,PatchTST,PatchTST,-,2025-06-09,70.90538571428571,64.9189224243164
Brent Oil,tscv_20,PatchTST,PatchTST,-,2025-06-16,76.53987142857143,64.10425567626953
Brent Oil,tscv_20,PatchTST,PatchTST,-,2025-06-23,67.52053333333333,63.6617546081543
Brent Oil,tscv_20,PatchTST,PatchTST,-,2025-06-30,67.94516666666667,63.287750244140625
Brent Oil,tscv_20,PatchTST+NLinear,PatchTST,NLinear,2025-04-14,66.60935714285714,67.59412384033203
Brent Oil,tscv_20,PatchTST+NLinear,PatchTST,NLinear,2025-04-21,66.57654285714285,65.64521789550781
Brent Oil,tscv_20,PatchTST+NLinear,PatchTST,NLinear,2025-04-28,61.81767142857143,66.28750610351562
Brent Oil,tscv_20,PatchTST+NLinear,PatchTST,NLinear,2025-05-05,62.62345714285714,66.19186401367188
Brent Oil,tscv_20,PatchTST+NLinear,PatchTST,NLinear,2025-05-12,65.50987142857143,65.13664245605469
Brent Oil,tscv_20,PatchTST+NLinear,PatchTST,NLinear,2025-05-19,65.00295714285714,65.26934814453125
Brent Oil,tscv_20,PatchTST+NLinear,PatchTST,NLinear,2025-05-26,63.65324285714286,65.29654693603516
Brent Oil,tscv_20,PatchTST+NLinear,PatchTST,NLinear,2025-06-02,65.69291428571428,64.96604919433594
Brent Oil,tscv_20,PatchTST+NLinear,PatchTST,NLinear,2025-06-09,70.90538571428571,63.86353302001953
Brent Oil,tscv_20,PatchTST+NLinear,PatchTST,NLinear,2025-06-16,76.53987142857143,63.29055404663086
Brent Oil,tscv_20,PatchTST+NLinear,PatchTST,NLinear,2025-06-23,67.52053333333333,63.9108772277832
Brent Oil,tscv_20,PatchTST+NLinear,PatchTST,NLinear,2025-06-30,67.94516666666667,64.47581481933594
Brent Oil,tscv_20,PatchTST+XGB,PatchTST,XGB,2025-04-14,66.60935714285714,68.34475708007812
Brent Oil,tscv_20,PatchTST+XGB,PatchTST,XGB,2025-04-21,66.57654285714285,67.50433349609375
Brent Oil,tscv_20,PatchTST+XGB,PatchTST,XGB,2025-04-28,61.81767142857143,66.58999633789062
Brent Oil,tscv_20,PatchTST+XGB,PatchTST,XGB,2025-05-05,62.62345714285714,65.83528137207031
Brent Oil,tscv_20,PatchTST+XGB,PatchTST,XGB,2025-05-12,65.50987142857143,65.44593048095703
Brent Oil,tscv_20,PatchTST+XGB,PatchTST,XGB,2025-05-19,65.00295714285714,65.07164001464844
Brent Oil,tscv_20,PatchTST+XGB,PatchTST,XGB,2025-05-26,63.65324285714286,64.65864562988281
Brent Oil,tscv_20,PatchTST+XGB,PatchTST,XGB,2025-06-02,65.69291428571428,64.19737243652344
Brent Oil,tscv_20,PatchTST+XGB,PatchTST,XGB,2025-06-09,70.90538571428571,63.783363342285156
Brent Oil,tscv_20,PatchTST+XGB,PatchTST,XGB,2025-06-16,76.53987142857143,63.64781951904297
Brent Oil,tscv_20,PatchTST+XGB,PatchTST,XGB,2025-06-23,67.52053333333333,63.95085525512695
Brent Oil,tscv_20,PatchTST+XGB,PatchTST,XGB,2025-06-30,67.94516666666667,63.772071838378906
Brent Oil,tscv_20,PatchTST+LGBM,PatchTST,LGBM,2025-04-14,66.60935714285714,68.32484570901819
Brent Oil,tscv_20,PatchTST+LGBM,PatchTST,LGBM,2025-04-21,66.57654285714285,67.39025161318087
Brent Oil,tscv_20,PatchTST+LGBM,PatchTST,LGBM,2025-04-28,61.81767142857143,67.88374975618974
Brent Oil,tscv_20,PatchTST+LGBM,PatchTST,LGBM,2025-05-05,62.62345714285714,66.56974313033412
Brent Oil,tscv_20,PatchTST+LGBM,PatchTST,LGBM,2025-05-12,65.50987142857143,65.85804443673322
Brent Oil,tscv_20,PatchTST+LGBM,PatchTST,LGBM,2025-05-19,65.00295714285714,64.54532544538057
Brent Oil,tscv_20,PatchTST+LGBM,PatchTST,LGBM,2025-05-26,63.65324285714286,64.26811344203188
Brent Oil,tscv_20,PatchTST+LGBM,PatchTST,LGBM,2025-06-02,65.69291428571428,63.47783082185978
Brent Oil,tscv_20,PatchTST+LGBM,PatchTST,LGBM,2025-06-09,70.90538571428571,62.00116699750377
Brent Oil,tscv_20,PatchTST+LGBM,PatchTST,LGBM,2025-06-16,76.53987142857143,62.48933540155146
Brent Oil,tscv_20,PatchTST+LGBM,PatchTST,LGBM,2025-06-23,67.52053333333333,62.44914307291302
Brent Oil,tscv_20,PatchTST+LGBM,PatchTST,LGBM,2025-06-30,67.94516666666667,62.71425334404228
Brent Oil,tscv_21,PatchTST,PatchTST,-,2025-05-12,65.50987142857143,65.15390014648438
Brent Oil,tscv_21,PatchTST,PatchTST,-,2025-05-19,65.00295714285714,64.6077880859375
Brent Oil,tscv_21,PatchTST,PatchTST,-,2025-05-26,63.65324285714286,64.05309295654297
Brent Oil,tscv_21,PatchTST,PatchTST,-,2025-06-02,65.69291428571428,63.744483947753906
Brent Oil,tscv_21,PatchTST,PatchTST,-,2025-06-09,70.90538571428571,62.540199279785156
Brent Oil,tscv_21,PatchTST,PatchTST,-,2025-06-16,76.53987142857143,61.817359924316406
Brent Oil,tscv_21,PatchTST,PatchTST,-,2025-06-23,67.52053333333333,61.1617317199707
Brent Oil,tscv_21,PatchTST,PatchTST,-,2025-06-30,67.94516666666667,60.58127975463867
Brent Oil,tscv_21,PatchTST,PatchTST,-,2025-07-07,69.90603333333333,59.32568359375
Brent Oil,tscv_21,PatchTST,PatchTST,-,2025-07-14,69.10815,58.737693786621094
Brent Oil,tscv_21,PatchTST,PatchTST,-,2025-07-21,68.7724,57.92412185668945
Brent Oil,tscv_21,PatchTST,PatchTST,-,2025-07-28,70.72326666666667,57.119117736816406
Brent Oil,tscv_21,PatchTST+NLinear,PatchTST,NLinear,2025-05-12,65.50987142857143,64.83100891113281
Brent Oil,tscv_21,PatchTST+NLinear,PatchTST,NLinear,2025-05-19,65.00295714285714,64.37532806396484
Brent Oil,tscv_21,PatchTST+NLinear,PatchTST,NLinear,2025-05-26,63.65324285714286,63.976749420166016
Brent Oil,tscv_21,PatchTST+NLinear,PatchTST,NLinear,2025-06-02,65.69291428571428,64.05513000488281
Brent Oil,tscv_21,PatchTST+NLinear,PatchTST,NLinear,2025-06-09,70.90538571428571,62.4244270324707
Brent Oil,tscv_21,PatchTST+NLinear,PatchTST,NLinear,2025-06-16,76.53987142857143,61.93695068359375
Brent Oil,tscv_21,PatchTST+NLinear,PatchTST,NLinear,2025-06-23,67.52053333333333,62.56317138671875
Brent Oil,tscv_21,PatchTST+NLinear,PatchTST,NLinear,2025-06-30,67.94516666666667,63.16077423095703
Brent Oil,tscv_21,PatchTST+NLinear,PatchTST,NLinear,2025-07-07,69.90603333333333,59.83423614501953
Brent Oil,tscv_21,PatchTST+NLinear,PatchTST,NLinear,2025-07-14,69.10815,58.59443283081055
Brent Oil,tscv_21,PatchTST+NLinear,PatchTST,NLinear,2025-07-21,68.7724,58.31175994873047
Brent Oil,tscv_21,PatchTST+NLinear,PatchTST,NLinear,2025-07-28,70.72326666666667,57.58790969848633
Brent Oil,tscv_21,PatchTST+XGB,PatchTST,XGB,2025-05-12,65.50987142857143,62.58540344238281
Brent Oil,tscv_21,PatchTST+XGB,PatchTST,XGB,2025-05-19,65.00295714285714,62.213932037353516
Brent Oil,tscv_21,PatchTST+XGB,PatchTST,XGB,2025-05-26,63.65324285714286,61.58112716674805
Brent Oil,tscv_21,PatchTST+XGB,PatchTST,XGB,2025-06-02,65.69291428571428,61.128173828125
Brent Oil,tscv_21,PatchTST+XGB,PatchTST,XGB,2025-06-09,70.90538571428571,59.47174835205078
Brent Oil,tscv_21,PatchTST+XGB,PatchTST,XGB,2025-06-16,76.53987142857143,60.43613815307617
Brent Oil,tscv_21,PatchTST+XGB,PatchTST,XGB,2025-06-23,67.52053333333333,60.36082458496094
Brent Oil,tscv_21,PatchTST+XGB,PatchTST,XGB,2025-06-30,67.94516666666667,60.27206039428711
Brent Oil,tscv_21,PatchTST+XGB,PatchTST,XGB,2025-07-07,69.90603333333333,58.36500930786133
Brent Oil,tscv_21,PatchTST+XGB,PatchTST,XGB,2025-07-14,69.10815,57.94648742675781
Brent Oil,tscv_21,PatchTST+XGB,PatchTST,XGB,2025-07-21,68.7724,57.13043975830078
Brent Oil,tscv_21,PatchTST+XGB,PatchTST,XGB,2025-07-28,70.72326666666667,56.28314971923828
Brent Oil,tscv_21,PatchTST+LGBM,PatchTST,LGBM,2025-05-12,65.50987142857143,63.49171993649795
Brent Oil,tscv_21,PatchTST+LGBM,PatchTST,LGBM,2025-05-19,65.00295714285714,62.775333354811764
Brent Oil,tscv_21,PatchTST+LGBM,PatchTST,LGBM,2025-05-26,63.65324285714286,61.55817991970834
Brent Oil,tscv_21,PatchTST+LGBM,PatchTST,LGBM,2025-06-02,65.69291428571428,61.577187177316
Brent Oil,tscv_21,PatchTST+LGBM,PatchTST,LGBM,2025-06-09,70.90538571428571,59.972387116704816
Brent Oil,tscv_21,PatchTST+LGBM,PatchTST,LGBM,2025-06-16,76.53987142857143,60.55465687255913
Brent Oil,tscv_21,PatchTST+LGBM,PatchTST,LGBM,2025-06-23,67.52053333333333,59.32343118529262
Brent Oil,tscv_21,PatchTST+LGBM,PatchTST,LGBM,2025-06-30,67.94516666666667,59.207298061802675
Brent Oil,tscv_21,PatchTST+LGBM,PatchTST,LGBM,2025-07-07,69.90603333333333,57.93586031484802
Brent Oil,tscv_21,PatchTST+LGBM,PatchTST,LGBM,2025-07-14,69.10815,58.41204371716756
Brent Oil,tscv_21,PatchTST+LGBM,PatchTST,LGBM,2025-07-21,68.7724,56.69334341144251
Brent Oil,tscv_21,PatchTST+LGBM,PatchTST,LGBM,2025-07-28,70.72326666666667,55.63871311537884
Brent Oil,tscv_22,PatchTST,PatchTST,-,2025-06-09,70.90538571428571,67.56975555419922
Brent Oil,tscv_22,PatchTST,PatchTST,-,2025-06-16,76.53987142857143,66.25965118408203
Brent Oil,tscv_22,PatchTST,PatchTST,-,2025-06-23,67.52053333333333,65.3977279663086
Brent Oil,tscv_22,PatchTST,PatchTST,-,2025-06-30,67.94516666666667,64.35089111328125
Brent Oil,tscv_22,PatchTST,PatchTST,-,2025-07-07,69.90603333333333,63.453369140625
Brent Oil,tscv_22,PatchTST,PatchTST,-,2025-07-14,69.10815,62.213478088378906
Brent Oil,tscv_22,PatchTST,PatchTST,-,2025-07-21,68.7724,61.443424224853516
Brent Oil,tscv_22,PatchTST,PatchTST,-,2025-07-28,70.72326666666667,60.29274368286133
Brent Oil,tscv_22,PatchTST,PatchTST,-,2025-08-04,67.10191666666667,59.721343994140625
Brent Oil,tscv_22,PatchTST,PatchTST,-,2025-08-11,66.15611666666666,58.84439468383789
Brent Oil,tscv_22,PatchTST,PatchTST,-,2025-08-18,67.08045,58.508548736572266
Brent Oil,tscv_22,PatchTST,PatchTST,-,2025-08-25,67.60226666666667,57.854278564453125
Brent Oil,tscv_22,PatchTST+NLinear,PatchTST,NLinear,2025-06-09,70.90538571428571,69.10960388183594
Brent Oil,tscv_22,PatchTST+NLinear,PatchTST,NLinear,2025-06-16,76.53987142857143,69.04906463623047
Brent Oil,tscv_22,PatchTST+NLinear,PatchTST,NLinear,2025-06-23,67.52053333333333,70.12409973144531
Brent Oil,tscv_22,PatchTST+NLinear,PatchTST,NLinear,2025-06-30,67.94516666666667,71.22312927246094
Brent Oil,tscv_22,PatchTST+NLinear,PatchTST,NLinear,2025-07-07,69.90603333333333,66.48326110839844
Brent Oil,tscv_22,PatchTST+NLinear,PatchTST,NLinear,2025-07-14,69.10815,64.48445892333984
Brent Oil,tscv_22,PatchTST+NLinear,PatchTST,NLinear,2025-07-21,68.7724,65.1628189086914
Brent Oil,tscv_22,PatchTST+NLinear,PatchTST,NLinear,2025-07-28,70.72326666666667,63.95553207397461
Brent Oil,tscv_22,PatchTST+NLinear,PatchTST,NLinear,2025-08-04,67.10191666666667,62.06977081298828
Brent Oil,tscv_22,PatchTST+NLinear,PatchTST,NLinear,2025-08-11,66.15611666666666,62.55205535888672
Brent Oil,tscv_22,PatchTST+NLinear,PatchTST,NLinear,2025-08-18,67.08045,59.6316032409668
Brent Oil,tscv_22,PatchTST+NLinear,PatchTST,NLinear,2025-08-25,67.60226666666667,58.32093048095703
Brent Oil,tscv_22,PatchTST+XGB,PatchTST,XGB,2025-06-09,70.90538571428571,63.871437072753906
Brent Oil,tscv_22,PatchTST+XGB,PatchTST,XGB,2025-06-16,76.53987142857143,62.61214828491211
Brent Oil,tscv_22,PatchTST+XGB,PatchTST,XGB,2025-06-23,67.52053333333333,62.3770866394043
Brent Oil,tscv_22,PatchTST+XGB,PatchTST,XGB,2025-06-30,67.94516666666667,62.22918701171875
Brent Oil,tscv_22,PatchTST+XGB,PatchTST,XGB,2025-07-07,69.90603333333333,60.8865852355957
Brent Oil,tscv_22,PatchTST+XGB,PatchTST,XGB,2025-07-14,69.10815,59.60272979736328
Brent Oil,tscv_22,PatchTST+XGB,PatchTST,XGB,2025-07-21,68.7724,60.62006378173828
Brent Oil,tscv_22,PatchTST+XGB,PatchTST,XGB,2025-07-28,70.72326666666667,58.63441848754883
Brent Oil,tscv_22,PatchTST+XGB,PatchTST,XGB,2025-08-04,67.10191666666667,57.729061126708984
Brent Oil,tscv_22,PatchTST+XGB,PatchTST,XGB,2025-08-11,66.15611666666666,56.96797180175781
Brent Oil,tscv_22,PatchTST+XGB,PatchTST,XGB,2025-08-18,67.08045,57.00096130371094
Brent Oil,tscv_22,PatchTST+XGB,PatchTST,XGB,2025-08-25,67.60226666666667,58.10091018676758
Brent Oil,tscv_22,PatchTST+LGBM,PatchTST,LGBM,2025-06-09,70.90538571428571,62.47713722105887
Brent Oil,tscv_22,PatchTST+LGBM,PatchTST,LGBM,2025-06-16,76.53987142857143,61.429612624007575
Brent Oil,tscv_22,PatchTST+LGBM,PatchTST,LGBM,2025-06-23,67.52053333333333,61.4503034381218
Brent Oil,tscv_22,PatchTST+LGBM,PatchTST,LGBM,2025-06-30,67.94516666666667,64.04696723791628
Brent Oil,tscv_22,PatchTST+LGBM,PatchTST,LGBM,2025-07-07,69.90603333333333,58.65657128901452
Brent Oil,tscv_22,PatchTST+LGBM,PatchTST,LGBM,2025-07-14,69.10815,58.46834025473704
Brent Oil,tscv_22,PatchTST+LGBM,PatchTST,LGBM,2025-07-21,68.7724,57.760282071437814
Brent Oil,tscv_22,PatchTST+LGBM,PatchTST,LGBM,2025-07-28,70.72326666666667,57.31722853218157
Brent Oil,tscv_22,PatchTST+LGBM,PatchTST,LGBM,2025-08-04,67.10191666666667,57.04362958763556
Brent Oil,tscv_22,PatchTST+LGBM,PatchTST,LGBM,2025-08-11,66.15611666666666,56.858006071129516
Brent Oil,tscv_22,PatchTST+LGBM,PatchTST,LGBM,2025-08-18,67.08045,57.002288369518084
Brent Oil,tscv_22,PatchTST+LGBM,PatchTST,LGBM,2025-08-25,67.60226666666667,56.89109362312858
Brent Oil,tscv_23,PatchTST,PatchTST,-,2025-07-07,69.90603333333333,71.3315200805664
Brent Oil,tscv_23,PatchTST,PatchTST,-,2025-07-14,69.10815,71.38286590576172
Brent Oil,tscv_23,PatchTST,PatchTST,-,2025-07-21,68.7724,70.90122985839844
Brent Oil,tscv_23,PatchTST,PatchTST,-,2025-07-28,70.72326666666667,70.80685424804688
Brent Oil,tscv_23,PatchTST,PatchTST,-,2025-08-04,67.10191666666667,70.3203125
Brent Oil,tscv_23,PatchTST,PatchTST,-,2025-08-11,66.15611666666666,70.34603118896484
Brent Oil,tscv_23,PatchTST,PatchTST,-,2025-08-18,67.08045,69.75541687011719
Brent Oil,tscv_23,PatchTST,PatchTST,-,2025-08-25,67.60226666666667,69.82972717285156
Brent Oil,tscv_23,PatchTST,PatchTST,-,2025-09-01,67.27151666666667,69.3651351928711
Brent Oil,tscv_23,PatchTST,PatchTST,-,2025-09-08,66.77435,69.17107391357422
Brent Oil,tscv_23,PatchTST,PatchTST,-,2025-09-15,67.5166,68.83634948730469
Brent Oil,tscv_23,PatchTST,PatchTST,-,2025-09-22,68.50713333333333,69.03477478027344
Brent Oil,tscv_23,PatchTST+NLinear,PatchTST,NLinear,2025-07-07,69.90603333333333,70.19156646728516
Brent Oil,tscv_23,PatchTST+NLinear,PatchTST,NLinear,2025-07-14,69.10815,70.45863342285156
Brent Oil,tscv_23,PatchTST+NLinear,PatchTST,NLinear,2025-07-21,68.7724,71.04204559326172
Brent Oil,tscv_23,PatchTST+NLinear,PatchTST,NLinear,2025-07-28,70.72326666666667,70.63187408447266
Brent Oil,tscv_23,PatchTST+NLinear,PatchTST,NLinear,2025-08-04,67.10191666666667,70.36038208007812
Brent Oil,tscv_23,PatchTST+NLinear,PatchTST,NLinear,2025-08-11,66.15611666666666,70.7326889038086
Brent Oil,tscv_23,PatchTST+NLinear,PatchTST,NLinear,2025-08-18,67.08045,68.45220184326172
Brent Oil,tscv_23,PatchTST+NLinear,PatchTST,NLinear,2025-08-25,67.60226666666667,69.3266372680664
Brent Oil,tscv_23,PatchTST+NLinear,PatchTST,NLinear,2025-09-01,67.27151666666667,69.82301330566406
Brent Oil,tscv_23,PatchTST+NLinear,PatchTST,NLinear,2025-09-08,66.77435,68.37922668457031
Brent Oil,tscv_23,PatchTST+NLinear,PatchTST,NLinear,2025-09-15,67.5166,67.01053619384766
Brent Oil,tscv_23,PatchTST+NLinear,PatchTST,NLinear,2025-09-22,68.50713333333333,67.78840637207031
Brent Oil,tscv_23,PatchTST+XGB,PatchTST,XGB,2025-07-07,69.90603333333333,69.69283294677734
Brent Oil,tscv_23,PatchTST+XGB,PatchTST,XGB,2025-07-14,69.10815,69.8236083984375
Brent Oil,tscv_23,PatchTST+XGB,PatchTST,XGB,2025-07-21,68.7724,69.08019256591797
Brent Oil,tscv_23,PatchTST+XGB,PatchTST,XGB,2025-07-28,70.72326666666667,69.51216125488281
Brent Oil,tscv_23,PatchTST+XGB,PatchTST,XGB,2025-08-04,67.10191666666667,68.0166244506836
Brent Oil,tscv_23,PatchTST+XGB,PatchTST,XGB,2025-08-11,66.15611666666666,70.3075180053711
Brent Oil,tscv_23,PatchTST+XGB,PatchTST,XGB,2025-08-18,67.08045,66.3438491821289
Brent Oil,tscv_23,PatchTST+XGB,PatchTST,XGB,2025-08-25,67.60226666666667,66.64905548095703
Brent Oil,tscv_23,PatchTST+XGB,PatchTST,XGB,2025-09-01,67.27151666666667,64.84465789794922
Brent Oil,tscv_23,PatchTST+XGB,PatchTST,XGB,2025-09-08,66.77435,63.498779296875
Brent Oil,tscv_23,PatchTST+XGB,PatchTST,XGB,2025-09-15,67.5166,63.32179641723633
Brent Oil,tscv_23,PatchTST+XGB,PatchTST,XGB,2025-09-22,68.50713333333333,63.80596923828125
Brent Oil,tscv_23,PatchTST+LGBM,PatchTST,LGBM,2025-07-07,69.90603333333333,69.20361498002002
Brent Oil,tscv_23,PatchTST+LGBM,PatchTST,LGBM,2025-07-14,69.10815,69.13842704130815
Brent Oil,tscv_23,PatchTST+LGBM,PatchTST,LGBM,2025-07-21,68.7724,67.41514036179831
Brent Oil,tscv_23,PatchTST+LGBM,PatchTST,LGBM,2025-07-28,70.72326666666667,67.3866760566734
Brent Oil,tscv_23,PatchTST+LGBM,PatchTST,LGBM,2025-08-04,67.10191666666667,67.37705322575329
Brent Oil,tscv_23,PatchTST+LGBM,PatchTST,LGBM,2025-08-11,66.15611666666666,68.88372251095502
Brent Oil,tscv_23,PatchTST+LGBM,PatchTST,LGBM,2025-08-18,67.08045,65.86554876446095
Brent Oil,tscv_23,PatchTST+LGBM,PatchTST,LGBM,2025-08-25,67.60226666666667,66.28043494847992
Brent Oil,tscv_23,PatchTST+LGBM,PatchTST,LGBM,2025-09-01,67.27151666666667,64.45662481620589
Brent Oil,tscv_23,PatchTST+LGBM,PatchTST,LGBM,2025-09-08,66.77435,64.7799949290048
Brent Oil,tscv_23,PatchTST+LGBM,PatchTST,LGBM,2025-09-15,67.5166,64.5850776825162
Brent Oil,tscv_23,PatchTST+LGBM,PatchTST,LGBM,2025-09-22,68.50713333333333,64.66990506114469
Brent Oil,tscv_24,PatchTST,PatchTST,-,2025-08-04,67.10191666666667,62.94967269897461
Brent Oil,tscv_24,PatchTST,PatchTST,-,2025-08-11,66.15611666666666,62.555335998535156
Brent Oil,tscv_24,PatchTST,PatchTST,-,2025-08-18,67.08045,62.232666015625
Brent Oil,tscv_24,PatchTST,PatchTST,-,2025-08-25,67.60226666666667,62.093101501464844
Brent Oil,tscv_24,PatchTST,PatchTST,-,2025-09-01,67.27151666666667,61.700706481933594
Brent Oil,tscv_24,PatchTST,PatchTST,-,2025-09-08,66.77435,61.40739059448242
Brent Oil,tscv_24,PatchTST,PatchTST,-,2025-09-15,67.5166,61.25821304321289
Brent Oil,tscv_24,PatchTST,PatchTST,-,2025-09-22,68.50713333333333,61.26573181152344
Brent Oil,tscv_24,PatchTST,PatchTST,-,2025-09-29,65.30098571428572,61.08157730102539
Brent Oil,tscv_24,PatchTST,PatchTST,-,2025-10-06,64.48927142857143,61.197654724121094
Brent Oil,tscv_24,PatchTST,PatchTST,-,2025-10-13,61.76795714285714,60.953895568847656
Brent Oil,tscv_24,PatchTST,PatchTST,-,2025-10-20,63.90500000000001,60.97795867919922
Brent Oil,tscv_24,PatchTST+NLinear,PatchTST,NLinear,2025-08-04,67.10191666666667,59.77412414550781
Brent Oil,tscv_24,PatchTST+NLinear,PatchTST,NLinear,2025-08-11,66.15611666666666,60.72465515136719
Brent Oil,tscv_24,PatchTST+NLinear,PatchTST,NLinear,2025-08-18,67.08045,57.20830154418945
Brent Oil,tscv_24,PatchTST+NLinear,PatchTST,NLinear,2025-08-25,67.60226666666667,56.7917594909668
Brent Oil,tscv_24,PatchTST+NLinear,PatchTST,NLinear,2025-09-01,67.27151666666667,57.56523132324219
Brent Oil,tscv_24,PatchTST+NLinear,PatchTST,NLinear,2025-09-08,66.77435,56.603370666503906
Brent Oil,tscv_24,PatchTST+NLinear,PatchTST,NLinear,2025-09-15,67.5166,55.59351348876953
Brent Oil,tscv_24,PatchTST+NLinear,PatchTST,NLinear,2025-09-22,68.50713333333333,56.401710510253906
Brent Oil,tscv_24,PatchTST+NLinear,PatchTST,NLinear,2025-09-29,65.30098571428572,56.529273986816406
Brent Oil,tscv_24,PatchTST+NLinear,PatchTST,NLinear,2025-10-06,64.48927142857143,56.103515625
Brent Oil,tscv_24,PatchTST+NLinear,PatchTST,NLinear,2025-10-13,61.76795714285714,54.27400207519531
Brent Oil,tscv_24,PatchTST+NLinear,PatchTST,NLinear,2025-10-20,63.90500000000001,53.88232421875
Brent Oil,tscv_24,PatchTST+XGB,PatchTST,XGB,2025-08-04,67.10191666666667,67.55223846435547
Brent Oil,tscv_24,PatchTST+XGB,PatchTST,XGB,2025-08-11,66.15611666666666,65.7020263671875
Brent Oil,tscv_24,PatchTST+XGB,PatchTST,XGB,2025-08-18,67.08045,62.979698181152344
Brent Oil,tscv_24,PatchTST+XGB,PatchTST,XGB,2025-08-25,67.60226666666667,63.24311065673828
Brent Oil,tscv_24,PatchTST+XGB,PatchTST,XGB,2025-09-01,67.27151666666667,63.041107177734375
Brent Oil,tscv_24,PatchTST+XGB,PatchTST,XGB,2025-09-08,66.77435,60.239498138427734
Brent Oil,tscv_24,PatchTST+XGB,PatchTST,XGB,2025-09-15,67.5166,59.835243225097656
Brent Oil,tscv_24,PatchTST+XGB,PatchTST,XGB,2025-09-22,68.50713333333333,59.30131912231445
Brent Oil,tscv_24,PatchTST+XGB,PatchTST,XGB,2025-09-29,65.30098571428572,59.846832275390625
Brent Oil,tscv_24,PatchTST+XGB,PatchTST,XGB,2025-10-06,64.48927142857143,61.408809661865234
Brent Oil,tscv_24,PatchTST+XGB,PatchTST,XGB,2025-10-13,61.76795714285714,61.71624755859375
Brent Oil,tscv_24,PatchTST+XGB,PatchTST,XGB,2025-10-20,63.90500000000001,61.73701095581055
Brent Oil,tscv_24,PatchTST+LGBM,PatchTST,LGBM,2025-08-04,67.10191666666667,68.97378502988643
Brent Oil,tscv_24,PatchTST+LGBM,PatchTST,LGBM,2025-08-11,66.15611666666666,66.94632335948248
Brent Oil,tscv_24,PatchTST+LGBM,PatchTST,LGBM,2025-08-18,67.08045,63.760686409620895
Brent Oil,tscv_24,PatchTST+LGBM,PatchTST,LGBM,2025-08-25,67.60226666666667,64.2288213172765
Brent Oil,tscv_24,PatchTST+LGBM,PatchTST,LGBM,2025-09-01,67.27151666666667,64.98527877095907
Brent Oil,tscv_24,PatchTST+LGBM,PatchTST,LGBM,2025-09-08,66.77435,60.75900384589412
Brent Oil,tscv_24,PatchTST+LGBM,PatchTST,LGBM,2025-09-15,67.5166,60.68893251307472
Brent Oil,tscv_24,PatchTST+LGBM,PatchTST,LGBM,2025-09-22,68.50713333333333,61.783980861614324
Brent Oil,tscv_24,PatchTST+LGBM,PatchTST,LGBM,2025-09-29,65.30098571428572,61.50578083336609
Brent Oil,tscv_24,PatchTST+LGBM,PatchTST,LGBM,2025-10-06,64.48927142857143,62.95145695303853
Brent Oil,tscv_24,PatchTST+LGBM,PatchTST,LGBM,2025-10-13,61.76795714285714,63.2413142456933
Brent Oil,tscv_24,PatchTST+LGBM,PatchTST,LGBM,2025-10-20,63.90500000000001,62.50949733710101
Brent Oil,holdout,PatchTST,PatchTST,-,2025-10-27,64.53285714285714,68.74496459960938
Brent Oil,holdout,PatchTST,PatchTST,-,2025-11-03,63.94032857142857,69.89537811279297
Brent Oil,holdout,PatchTST,PatchTST,-,2025-11-10,63.92447142857143,69.47869110107422
Brent Oil,holdout,PatchTST,PatchTST,-,2025-11-17,63.382628571428576,70.79517364501953
Brent Oil,holdout,PatchTST,PatchTST,-,2025-11-24,62.65865714285714,69.49609375
Brent Oil,holdout,PatchTST,PatchTST,-,2025-12-01,63.27702857142857,68.78150939941406
Brent Oil,holdout,PatchTST,PatchTST,-,2025-12-08,61.66008571428571,68.76001739501953
Brent Oil,holdout,PatchTST,PatchTST,-,2025-12-15,60.13292857142857,68.61957550048828
Brent Oil,holdout,PatchTST,PatchTST,-,2025-12-22,61.52321428571429,67.76116180419922
Brent Oil,holdout,PatchTST,PatchTST,-,2025-12-29,60.965500000000006,67.74729919433594
Brent Oil,holdout,PatchTST,PatchTST,-,2026-01-05,62.0721,67.45350646972656
Brent Oil,holdout,PatchTST,PatchTST,-,2026-01-12,64.25517142857143,67.16487884521484
Brent Oil,holdout,PatchTST+NLinear,PatchTST,NLinear,2025-10-27,64.53285714285714,67.98118591308594
Brent Oil,holdout,PatchTST+NLinear,PatchTST,NLinear,2025-11-03,63.94032857142857,70.85264587402344
Brent Oil,holdout,PatchTST+NLinear,PatchTST,NLinear,2025-11-10,63.92447142857143,70.36734008789062
Brent Oil,holdout,PatchTST+NLinear,PatchTST,NLinear,2025-11-17,63.382628571428576,71.29256439208984
Brent Oil,holdout,PatchTST+NLinear,PatchTST,NLinear,2025-11-24,62.65865714285714,70.07537078857422
Brent Oil,holdout,PatchTST+NLinear,PatchTST,NLinear,2025-12-01,63.27702857142857,68.0812759399414
Brent Oil,holdout,PatchTST+NLinear,PatchTST,NLinear,2025-12-08,61.66008571428571,68.59737396240234
Brent Oil,holdout,PatchTST+NLinear,PatchTST,NLinear,2025-12-15,60.13292857142857,69.36832427978516
Brent Oil,holdout,PatchTST+NLinear,PatchTST,NLinear,2025-12-22,61.52321428571429,68.19081115722656
Brent Oil,holdout,PatchTST+NLinear,PatchTST,NLinear,2025-12-29,60.965500000000006,67.8403549194336
Brent Oil,holdout,PatchTST+NLinear,PatchTST,NLinear,2026-01-05,62.0721,68.30048370361328
Brent Oil,holdout,PatchTST+NLinear,PatchTST,NLinear,2026-01-12,64.25517142857143,67.50834655761719
Brent Oil,holdout,PatchTST+XGB,PatchTST,XGB,2025-10-27,64.53285714285714,65.28416442871094
Brent Oil,holdout,PatchTST+XGB,PatchTST,XGB,2025-11-03,63.94032857142857,65.35719299316406
Brent Oil,holdout,PatchTST+XGB,PatchTST,XGB,2025-11-10,63.92447142857143,65.72125244140625
Brent Oil,holdout,PatchTST+XGB,PatchTST,XGB,2025-11-17,63.382628571428576,67.32640075683594
Brent Oil,holdout,PatchTST+XGB,PatchTST,XGB,2025-11-24,62.65865714285714,66.64908599853516
Brent Oil,holdout,PatchTST+XGB,PatchTST,XGB,2025-12-01,63.27702857142857,65.14105224609375
Brent Oil,holdout,PatchTST+XGB,PatchTST,XGB,2025-12-08,61.66008571428571,65.1315689086914
Brent Oil,holdout,PatchTST+XGB,PatchTST,XGB,2025-12-15,60.13292857142857,64.65874481201172
Brent Oil,holdout,PatchTST+XGB,PatchTST,XGB,2025-12-22,61.52321428571429,64.73228454589844
Brent Oil,holdout,PatchTST+XGB,PatchTST,XGB,2025-12-29,60.965500000000006,65.69638061523438
Brent Oil,holdout,PatchTST+XGB,PatchTST,XGB,2026-01-05,62.0721,65.91327667236328
Brent Oil,holdout,PatchTST+XGB,PatchTST,XGB,2026-01-12,64.25517142857143,65.97937774658203
Brent Oil,holdout,PatchTST+LGBM,PatchTST,LGBM,2025-10-27,64.53285714285714,65.16872058361825
Brent Oil,holdout,PatchTST+LGBM,PatchTST,LGBM,2025-11-03,63.94032857142857,65.34187451842783
Brent Oil,holdout,PatchTST+LGBM,PatchTST,LGBM,2025-11-10,63.92447142857143,65.13825474892141
Brent Oil,holdout,PatchTST+LGBM,PatchTST,LGBM,2025-11-17,63.382628571428576,67.19633921451927
Brent Oil,holdout,PatchTST+LGBM,PatchTST,LGBM,2025-11-24,62.65865714285714,65.08238234594728
Brent Oil,holdout,PatchTST+LGBM,PatchTST,LGBM,2025-12-01,63.27702857142857,64.70174719728396
Brent Oil,holdout,PatchTST+LGBM,PatchTST,LGBM,2025-12-08,61.66008571428571,64.80802454197206
Brent Oil,holdout,PatchTST+LGBM,PatchTST,LGBM,2025-12-15,60.13292857142857,64.17017024718044
Brent Oil,holdout,PatchTST+LGBM,PatchTST,LGBM,2025-12-22,61.52321428571429,65.462339652682
Brent Oil,holdout,PatchTST+LGBM,PatchTST,LGBM,2025-12-29,60.965500000000006,66.77867993984013
Brent Oil,holdout,PatchTST+LGBM,PatchTST,LGBM,2026-01-05,62.0721,67.11996092272102
Brent Oil,holdout,PatchTST+LGBM,PatchTST,LGBM,2026-01-12,64.25517142857143,67.25090603653067
